date,competition,season,stage,team,confederation,opponent,home_away,goals_for,goals_against,result,shots,shots_on_target,shots_off_target,possession_pct,corners,fouls,yellow_cards,red_cards,saves,offsides,passes,pass_accuracy_pct,xg,venue,referee,neutral,qualified_wc2026,elo_pre,opp_elo_pre,elo_win_prob,elo_post,elo_change
2022-01-05,Friendly,2022,Tournament/Friendly,Algeria,CAF,Ghana,neutral,3,0,W,,,,,,,,,,,,,,"Al Rayyan, Qatar",,True,True,1897.8,1720.8,0.7347,1907.0,9.3
2022-01-11,African Cup of Nations,2022,Tournament/Friendly,Algeria,CAF,Sierra Leone,neutral,0,0,D,,,,,,,,,,,,,,"Douala, Cameroon",,True,True,1907.0,1481.1,0.9207,1886.0,-21.0
2022-01-16,African Cup of Nations,2022,Tournament/Friendly,Algeria,CAF,Equatorial Guinea,neutral,0,1,L,,,,,,,,,,,,,,"Douala, Cameroon",,True,True,1886.0,1532.0,0.8847,1841.8,-44.2
2022-01-20,African Cup of Nations,2022,Tournament/Friendly,Algeria,CAF,Ivory Coast,neutral,1,3,L,,,,,,,,,,,,,,"Douala, Cameroon",,True,True,1841.8,1745.9,0.6346,1794.2,-47.6
2022-03-25,FIFA World Cup qualification,2022,Qualification,Algeria,CAF,Cameroon,away,1,0,W,,,,,,,,,,,,,,"Douala, Cameroon",,False,True,1794.2,1726.9,0.4531,1816.1,21.9
2022-03-29,FIFA World Cup qualification,2022,Qualification,Algeria,CAF,Cameroon,home,1,2,L,,,,,,,,,,,,,,"Blida, Algeria",,False,True,1816.1,1705.0,0.7712,1785.2,-30.8
2022-06-04,African Cup of Nations qualification,2022,Qualification,Algeria,CAF,Uganda,home,2,0,W,,,,,,,,,,,,,,"Algiers, Algeria",,False,True,1785.2,1544.3,0.8768,1792.6,7.4
2022-06-08,African Cup of Nations qualification,2022,Qualification,Algeria,CAF,Tanzania,away,2,0,W,,,,,,,,,,,,,,"Dar es Salaam, Tanzania",,False,True,1792.6,1436.5,0.8137,1803.8,11.2
2022-06-12,Friendly,2022,Tournament/Friendly,Algeria,CAF,Iran,neutral,2,1,W,,,,,,,,,,,,,,"Doha, Qatar",,True,True,1803.8,1920.9,0.3375,1817.0,13.3
2022-09-23,Friendly,2022,Tournament/Friendly,Algeria,CAF,Guinea,home,1,0,W,,,,,,,,,,,,,,"Oran, Algeria",,False,True,1817.0,1509.8,0.9125,1818.8,1.8
2022-09-27,Friendly,2022,Tournament/Friendly,Algeria,CAF,Nigeria,home,2,1,W,,,,,,,,,,,,,,"Oran, Algeria",,False,True,1818.8,1742.0,0.7345,1824.1,5.3
2022-11-13,Friendly,2022,Tournament/Friendly,Algeria,CAF,Syria,neutral,1,0,W,,,,,,,,,,,,,,"Sharjah, United Arab Emirates",,True,True,1824.1,1568.8,0.813,1827.8,3.7
2022-11-16,Friendly,2022,Tournament/Friendly,Algeria,CAF,Mali,home,1,1,D,,,,,,,,,,,,,,"Oran, Algeria",,False,True,1827.8,1737.2,0.7498,1822.8,-5.0
2022-11-19,Friendly,2022,Tournament/Friendly,Algeria,CAF,Sweden,away,0,2,L,,,,,,,,,,,,,,"Malmö, Sweden",,False,True,1822.8,1796.5,0.3956,1811.0,-11.9
2023-03-23,African Cup of Nations qualification,2023,Qualification,Algeria,CAF,Niger,home,2,1,W,,,,,,,,,,,,,,"Algiers, Algeria",,False,True,1811.0,1365.0,0.9586,1812.6,1.7
2023-03-27,African Cup of Nations qualification,2023,Qualification,Algeria,CAF,Niger,neutral,1,0,W,,,,,,,,,,,,,,"Radès, Tunisia",,True,True,1812.6,1363.3,0.93,1815.4,2.8
2023-06-18,African Cup of Nations qualification,2023,Qualification,Algeria,CAF,Uganda,neutral,2,1,W,,,,,,,,,,,,,,"Douala, Cameroon",,True,True,1815.4,1503.4,0.8577,1821.1,5.7
2023-06-20,Friendly,2023,Tournament/Friendly,Algeria,CAF,Tunisia,home,1,1,D,,,,,,,,,,,,,,"Annaba, Algeria",,False,True,1821.1,1814.6,0.6487,1818.1,-3.0
2023-09-07,African Cup of Nations qualification,2023,Qualification,Algeria,CAF,Tanzania,home,0,0,D,,,,,,,,,,,,,,"Annaba, Algeria",,False,True,1818.1,1442.8,0.9391,1800.6,-17.6
2023-09-12,Friendly,2023,Tournament/Friendly,Algeria,CAF,Senegal,away,1,0,W,,,,,,,,,,,,,,"Diamniadio, Senegal",,False,True,1800.6,1861.2,0.284,1814.9,14.3
2023-10-12,Friendly,2023,Tournament/Friendly,Algeria,CAF,Cape Verde,home,5,1,W,,,,,,,,,,,,,,"Constantine, Algeria",,False,True,1814.9,1610.0,0.8526,1820.4,5.5
2023-10-16,Friendly,2023,Tournament/Friendly,Algeria,CAF,Egypt,neutral,1,1,D,,,,,,,,,,,,,,"Al Ain, United Arab Emirates",,True,True,1820.4,1782.6,0.5542,1819.3,-1.1
2023-11-16,FIFA World Cup qualification,2023,Qualification,Algeria,CAF,Somalia,home,3,1,W,,,,,,,,,,,,,,"Algiers, Algeria",,False,True,1819.3,1015.6,0.9945,1819.7,0.3
2023-11-19,FIFA World Cup qualification,2023,Qualification,Algeria,CAF,Mozambique,away,2,0,W,,,,,,,,,,,,,,"Maputo, Mozambique",,False,True,1819.7,1491.1,0.7885,1832.4,12.7
2024-01-05,Friendly,2024,Tournament/Friendly,Algeria,CAF,Togo,away,3,0,W,,,,,,,,,,,,,,"Lomé, Togo",,False,True,1832.4,1508.2,0.7842,1839.9,7.6
2024-01-09,Friendly,2024,Tournament/Friendly,Algeria,CAF,Burundi,neutral,4,0,W,,,,,,,,,,,,,,"Lomé, Togo",,True,True,1839.9,1458.6,0.8998,1843.7,3.8
2024-01-15,African Cup of Nations,2024,Tournament/Friendly,Algeria,CAF,Angola,neutral,1,1,D,,,,,,,,,,,,,,"Bouaké, Ivory Coast",,True,True,1843.7,1525.1,0.8622,1825.6,-18.1
2024-01-20,African Cup of Nations,2024,Tournament/Friendly,Algeria,CAF,Burkina Faso,neutral,2,2,D,,,,,,,,,,,,,,"Bouaké, Ivory Coast",,True,True,1825.6,1693.7,0.6812,1816.5,-9.1
2024-01-23,African Cup of Nations,2024,Tournament/Friendly,Algeria,CAF,Mauritania,neutral,0,1,L,,,,,,,,,,,,,,"Bouaké, Ivory Coast",,True,True,1816.5,1471.1,0.8796,1772.5,-44.0
2024-03-22,FIFA Series,2024,Tournament/Friendly,Algeria,CAF,Bolivia,home,3,2,W,,,,,,,,,,,,,,"Algiers, Algeria",,False,True,1772.5,1681.6,0.7501,1777.5,5.0
2024-03-26,FIFA Series,2024,Tournament/Friendly,Algeria,CAF,South Africa,home,3,3,D,,,,,,,,,,,,,,"Algiers, Algeria",,False,True,1777.5,1690.2,0.7462,1772.6,-4.9
2024-06-06,FIFA World Cup qualification,2024,Qualification,Algeria,CAF,Guinea,home,1,2,L,,,,,,,,,,,,,,"Algiers, Algeria",,False,True,1772.6,1594.9,0.8318,1739.3,-33.3
2024-06-10,FIFA World Cup qualification,2024,Qualification,Algeria,CAF,Uganda,away,2,1,W,,,,,,,,,,,,,,"Kira, Uganda",,False,True,1739.3,1489.5,0.7032,1751.2,11.9
2024-09-05,African Cup of Nations qualification,2024,Qualification,Algeria,CAF,Equatorial Guinea,home,2,0,W,,,,,,,,,,,,,,"Oran, Algeria",,False,True,1751.2,1598.9,0.8103,1762.6,11.4
2024-09-10,African Cup of Nations qualification,2024,Qualification,Algeria,CAF,Liberia,away,3,0,W,,,,,,,,,,,,,,"Monrovia, Liberia",,False,True,1762.6,1432.3,0.7901,1777.3,14.7
2024-10-10,African Cup of Nations qualification,2024,Qualification,Algeria,CAF,Togo,home,5,1,W,,,,,,,,,,,,,,"Annaba, Algeria",,False,True,1777.3,1487.3,0.9042,1784.5,7.2
2024-10-14,African Cup of Nations qualification,2024,Qualification,Algeria,CAF,Togo,away,1,0,W,,,,,,,,,,,,,,"Lomé, Togo",,False,True,1784.5,1480.1,0.7643,1793.9,9.4
2024-11-14,African Cup of Nations qualification,2024,Qualification,Algeria,CAF,Equatorial Guinea,away,0,0,D,,,,,,,,,,,,,,"Malabo, Equatorial Guinea",,False,True,1793.9,1599.9,0.6321,1788.6,-5.3
2024-11-17,African Cup of Nations qualification,2024,Qualification,Algeria,CAF,Liberia,home,5,1,W,,,,,,,,,,,,,,"Tizi Ouzou, Algeria",,False,True,1788.6,1413.1,0.9392,1793.2,4.6
2025-03-21,FIFA World Cup qualification,2025,Qualification,Algeria,CAF,Botswana,away,3,1,W,,,,,,,,,,,,,,"Francistown, Botswana",,False,True,1793.2,1478.9,0.7744,1806.7,13.5
2025-03-25,FIFA World Cup qualification,2025,Qualification,Algeria,CAF,Mozambique,home,5,1,W,,,,,,,,,,,,,,"Tizi Ouzou, Algeria",,False,True,1806.7,1574.1,0.8715,1816.3,9.6
2025-06-05,Friendly,2025,Tournament/Friendly,Algeria,CAF,Rwanda,home,2,0,W,,,,,,,,,,,,,,"Constantine, Algeria",,False,True,1816.3,1431.4,0.9422,1818.1,1.7
2025-06-09,Friendly,2025,Tournament/Friendly,Algeria,CAF,Rwanda,home,2,0,W,,,,,,,,,,,,,,"Blida, Algeria",,False,True,1818.1,1429.7,0.9433,1819.8,1.7
2025-06-10,Friendly,2025,Tournament/Friendly,Algeria,CAF,Sweden,away,3,4,L,,,,,,,,,,,,,,"Solna, Sweden",,False,True,1819.8,1807.9,0.3758,1812.2,-7.5
2025-09-04,FIFA World Cup qualification,2025,Qualification,Algeria,CAF,Botswana,home,3,1,W,,,,,,,,,,,,,,"Tizi Ouzou, Algeria",,False,True,1812.2,1468.0,0.9281,1816.6,4.3
2025-09-08,FIFA World Cup qualification,2025,Qualification,Algeria,CAF,Guinea,neutral,0,0,D,,,,,,,,,,,,,,"Casablanca, Morocco",,True,True,1816.6,1571.9,0.8035,1804.4,-12.1
2025-10-09,FIFA World Cup qualification,2025,Qualification,Algeria,CAF,Somalia,home,3,0,W,,,,,,,,,,,,,,"Bir El Djir, Algeria",,False,True,1804.4,1024.8,0.9937,1804.9,0.4
2025-10-14,FIFA World Cup qualification,2025,Qualification,Algeria,CAF,Uganda,home,2,1,W,,,,,,,,,,,,,,"Tizi Ouzou, Algeria",,False,True,1804.9,1556.2,0.8816,1809.6,4.7
2025-11-13,Friendly,2025,Tournament/Friendly,Algeria,CAF,Zimbabwe,neutral,3,1,W,,,,,,,,,,,,,,"Jeddah, Saudi Arabia",,True,True,1809.6,1438.3,0.8945,1812.8,3.2
2025-11-18,Friendly,2025,Tournament/Friendly,Algeria,CAF,Saudi Arabia,away,2,0,W,,,,,,,,,,,,,,"Jeddah, Saudi Arabia",,False,True,1812.8,1712.3,0.5007,1827.7,15.0
2025-12-03,Arab Cup,2025,Tournament/Friendly,Algeria,CAF,Sudan,neutral,0,0,D,,,,,,,,,,,,,,"Al Rayyan, Qatar",,True,True,1827.7,1505.7,0.8646,1816.8,-10.9
2025-12-06,Arab Cup,2025,Tournament/Friendly,Algeria,CAF,Bahrain,neutral,5,1,W,,,,,,,,,,,,,,"Al Rayyan, Qatar",,True,True,1816.8,1533.4,0.8364,1826.0,9.2
2025-12-09,Arab Cup,2025,Tournament/Friendly,Algeria,CAF,Iraq,neutral,2,0,W,,,,,,,,,,,,,,"Al Rayyan, Qatar",,True,True,1826.0,1745.5,0.6138,1843.4,17.4
2025-12-12,Arab Cup,2025,Tournament/Friendly,Algeria,CAF,United Arab Emirates,neutral,1,1,D,,,,,,,,,,,,,,"Al Khor, Qatar",,True,True,1843.4,1668.2,0.7327,1836.4,-7.0
2025-12-24,African Cup of Nations,2025,Tournament/Friendly,Algeria,CAF,Sudan,neutral,3,0,W,,,,,,,,,,,,,,"Rabat, Morocco",,True,True,1836.4,1485.3,0.883,1846.6,10.2
2025-12-28,African Cup of Nations,2025,Tournament/Friendly,Algeria,CAF,Burkina Faso,neutral,1,0,W,,,,,,,,,,,,,,"Rabat, Morocco",,True,True,1846.6,1694.0,0.7066,1861.3,14.7
2025-12-31,African Cup of Nations,2025,Tournament/Friendly,Algeria,CAF,Equatorial Guinea,neutral,3,1,W,,,,,,,,,,,,,,"Rabat, Morocco",,True,True,1861.3,1447.3,0.9155,1867.7,6.3
2026-01-06,African Cup of Nations,2026,Tournament/Friendly,Algeria,CAF,DR Congo,neutral,1,0,W,,,,,,,,,,,,,,"Rabat, Morocco",,True,True,1867.7,1766.7,0.6414,1885.6,17.9
2026-01-10,African Cup of Nations,2026,Tournament/Friendly,Algeria,CAF,Nigeria,neutral,0,2,L,,,,,,,,,,,,,,"Marrakesh, Morocco",,True,True,1885.6,1808.8,0.6087,1839.9,-45.7
2026-03-27,Friendly,2026,Tournament/Friendly,Algeria,CAF,Guatemala,neutral,7,0,W,,,,,,,,,,,,,,"Genoa, Italy",,True,True,1839.9,1676.4,0.7194,1852.6,12.6
2026-03-31,Friendly,2026,Tournament/Friendly,Algeria,CAF,Uruguay,neutral,0,0,D,,,,,,,,,,,,,,"Turin, Italy",,True,True,1852.6,1979.1,0.3256,1856.0,3.5
2026-06-03,Friendly,2026,Tournament/Friendly,Algeria,CAF,Netherlands,away,1,0,W,,,,,,,,,,,,,,"Rotterdam, Netherlands",,False,True,1856.0,2019.6,0.1799,1872.4,16.4
2026-06-10,Friendly,2026,Tournament/Friendly,Algeria,CAF,Bolivia,neutral,4,0,W,,,,,,,,,,,,,,"Kansas City, United States",,True,True,1872.4,1731.0,0.693,1884.0,11.5
2022-01-27,FIFA World Cup qualification,2022,Qualification,Argentina,CONMEBOL,Chile,away,2,1,W,,,,,,,,,,,,,,"Calama, Chile",,False,True,2165.0,1862.1,0.7628,2174.5,9.5
2022-02-01,FIFA World Cup qualification,2022,Qualification,Argentina,CONMEBOL,Colombia,home,1,0,W,,,,,,,,,,,,,,"Córdoba, Argentina",,False,True,2174.5,1942.5,0.8711,2179.7,5.2
2022-03-25,FIFA World Cup qualification,2022,Qualification,Argentina,CONMEBOL,Venezuela,home,3,0,W,,,,,,,,,,,,,,"Buenos Aires, Argentina",,False,True,2179.7,1754.9,0.9535,2182.9,3.3
2022-03-29,FIFA World Cup qualification,2022,Qualification,Argentina,CONMEBOL,Ecuador,away,1,1,D,,,,,,,,,,,,,,"Guayaquil, Ecuador",,False,True,2182.9,1896.5,0.7452,2173.1,-9.8
2022-06-01,CONMEBOL–UEFA Cup of Champions,2022,Tournament/Friendly,Argentina,CONMEBOL,Italy,neutral,3,0,W,,,,,,,,,,,,,,"Paris, France",,True,True,2173.1,2049.2,0.6711,2190.4,17.3
2022-06-05,Friendly,2022,Tournament/Friendly,Argentina,CONMEBOL,Estonia,neutral,5,0,W,,,,,,,,,,,,,,"Pamplona, Spain",,True,True,2190.4,1443.0,0.9866,2190.9,0.5
2022-09-23,Friendly,2022,Tournament/Friendly,Argentina,CONMEBOL,Honduras,neutral,3,0,W,,,,,,,,,,,,,,"Miami Gardens, United States",,True,True,2190.9,1580.5,0.9711,2191.9,1.0
2022-09-27,Friendly,2022,Tournament/Friendly,Argentina,CONMEBOL,Jamaica,neutral,3,0,W,,,,,,,,,,,,,,"Harrison, United States",,True,True,2191.9,1673.8,0.9518,2193.6,1.7
2022-11-16,Friendly,2022,Tournament/Friendly,Argentina,CONMEBOL,United Arab Emirates,away,5,0,W,,,,,,,,,,,,,,"Abu Dhabi, United Arab Emirates",,False,True,2193.6,1611.4,0.9413,2195.9,2.3
2022-11-22,FIFA World Cup,2022,Tournament/Friendly,Argentina,CONMEBOL,Saudi Arabia,neutral,1,2,L,,,,,,,,,,,,,,"Lusail, Qatar",,True,True,2195.9,1749.9,0.9287,2140.2,-55.7
2022-11-26,FIFA World Cup,2022,Tournament/Friendly,Argentina,CONMEBOL,Mexico,neutral,2,0,W,,,,,,,,,,,,,,"Lusail, Qatar",,True,True,2140.2,1907.2,0.7927,2158.9,18.7
2022-11-30,FIFA World Cup,2022,Tournament/Friendly,Argentina,CONMEBOL,Poland,neutral,2,0,W,,,,,,,,,,,,,,"Doha, Qatar",,True,True,2158.9,1903.9,0.8127,2175.7,16.9
2022-12-03,FIFA World Cup,2022,Tournament/Friendly,Argentina,CONMEBOL,Australia,neutral,2,1,W,,,,,,,,,,,,,,"Al Rayyan, Qatar",,True,True,2175.7,1877.2,0.848,2184.9,9.1
2022-12-09,FIFA World Cup,2022,Tournament/Friendly,Argentina,CONMEBOL,Netherlands,neutral,2,2,D,,,,,,,,,,,,,,"Lusail, Qatar",,True,True,2184.9,2126.8,0.5828,2179.9,-5.0
2022-12-13,FIFA World Cup,2022,Tournament/Friendly,Argentina,CONMEBOL,Croatia,neutral,3,0,W,,,,,,,,,,,,,,"Lusail, Qatar",,True,True,2179.9,2016.8,0.7188,2209.4,29.5
2022-12-18,FIFA World Cup,2022,Tournament/Friendly,Argentina,CONMEBOL,France,neutral,3,3,D,,,,,,,,,,,,,,"Lusail, Qatar",,True,True,2209.4,2130.4,0.6117,2202.7,-6.7
2023-03-23,Friendly,2023,Tournament/Friendly,Argentina,CONMEBOL,Panama,home,2,0,W,,,,,,,,,,,,,,"Buenos Aires, Argentina",,False,True,2202.7,1768.1,0.956,2204.0,1.3
2023-03-28,Friendly,2023,Tournament/Friendly,Argentina,CONMEBOL,Curaçao,home,7,0,W,,,,,,,,,,,,,,"Santiago del Estero, Argentina",,False,True,2204.0,1508.9,0.9898,2204.5,0.5
2023-06-15,Friendly,2023,Tournament/Friendly,Argentina,CONMEBOL,Australia,neutral,2,0,W,,,,,,,,,,,,,,"Beijing, China",,True,True,2204.5,1868.9,0.8734,2208.3,3.8
2023-06-19,Friendly,2023,Tournament/Friendly,Argentina,CONMEBOL,Indonesia,away,2,0,W,,,,,,,,,,,,,,"Jakarta, Indonesia",,False,True,2208.3,1437.3,0.9794,2208.9,0.6
2023-09-07,FIFA World Cup qualification,2023,Qualification,Argentina,CONMEBOL,Ecuador,home,1,0,W,,,,,,,,,,,,,,"Buenos Aires, Argentina",,False,True,2208.9,1933.6,0.8966,2213.0,4.1
2023-09-12,FIFA World Cup qualification,2023,Qualification,Argentina,CONMEBOL,Bolivia,away,3,0,W,,,,,,,,,,,,,,"La Paz, Bolivia",,False,True,2213.0,1670.0,0.9276,2218.1,5.1
2023-10-12,FIFA World Cup qualification,2023,Qualification,Argentina,CONMEBOL,Paraguay,home,1,0,W,,,,,,,,,,,,,,"Buenos Aires, Argentina",,False,True,2218.1,1777.0,0.9575,2219.8,1.7
2023-10-17,FIFA World Cup qualification,2023,Qualification,Argentina,CONMEBOL,Peru,away,2,0,W,,,,,,,,,,,,,,"Lima, Peru",,False,True,2219.8,1873.3,0.8051,2231.5,11.7
2023-11-16,FIFA World Cup qualification,2023,Qualification,Argentina,CONMEBOL,Uruguay,home,0,2,L,,,,,,,,,,,,,,"Buenos Aires, Argentina",,False,True,2231.5,2026.0,0.853,2180.3,-51.2
2023-11-21,FIFA World Cup qualification,2023,Qualification,Argentina,CONMEBOL,Brazil,away,1,0,W,,,,,,,,,,,,,,"Rio de Janeiro, Brazil",,False,True,2180.3,2099.3,0.4728,2201.4,21.1
2024-03-22,Friendly,2024,Tournament/Friendly,Argentina,CONMEBOL,El Salvador,neutral,3,0,W,,,,,,,,,,,,,,"Philadelphia, United States",,True,True,2201.4,1520.5,0.9805,2202.1,0.7
2024-03-26,Friendly,2024,Tournament/Friendly,Argentina,CONMEBOL,Costa Rica,neutral,3,1,W,,,,,,,,,,,,,,"Los Angeles, United States",,True,True,2202.1,1719.0,0.9416,2203.8,1.8
2024-06-09,Friendly,2024,Tournament/Friendly,Argentina,CONMEBOL,Ecuador,neutral,1,0,W,,,,,,,,,,,,,,"Chicago, United States",,True,True,2203.8,1951.6,0.8103,2207.6,3.8
2024-06-14,Friendly,2024,Tournament/Friendly,Argentina,CONMEBOL,Guatemala,neutral,4,1,W,,,,,,,,,,,,,,"Landover, United States",,True,True,2207.6,1632.1,0.9649,2208.9,1.2
2024-06-20,Copa América,2024,Tournament/Friendly,Argentina,CONMEBOL,Canada,neutral,2,0,W,,,,,,,,,,,,,,"Atlanta, United States",,True,True,2208.9,1834.6,0.8961,2216.7,7.8
2024-06-25,Copa América,2024,Tournament/Friendly,Argentina,CONMEBOL,Chile,neutral,1,0,W,,,,,,,,,,,,,,"East Rutherford, United States",,True,True,2216.7,1806.8,0.9137,2221.0,4.3
2024-06-29,Copa América,2024,Tournament/Friendly,Argentina,CONMEBOL,Peru,neutral,2,0,W,,,,,,,,,,,,,,"Miami Gardens, United States",,True,True,2221.0,1795.1,0.9207,2226.9,6.0
2024-07-04,Copa América,2024,Tournament/Friendly,Argentina,CONMEBOL,Ecuador,neutral,1,1,D,,,,,,,,,,,,,,"Houston, United States",,True,True,2226.9,1938.7,0.8401,2209.9,-17.0
2024-07-09,Copa América,2024,Tournament/Friendly,Argentina,CONMEBOL,Canada,neutral,2,0,W,,,,,,,,,,,,,,"East Rutherford, United States",,True,True,2209.9,1852.6,0.8866,2218.4,8.5
2024-07-14,Copa América,2024,Tournament/Friendly,Argentina,CONMEBOL,Colombia,neutral,1,0,W,,,,,,,,,,,,,,"Miami Gardens, United States",,True,True,2218.4,2145.8,0.603,2238.3,19.9
2024-09-05,FIFA World Cup qualification,2024,Qualification,Argentina,CONMEBOL,Chile,home,3,0,W,,,,,,,,,,,,,,"Buenos Aires, Argentina",,False,True,2238.3,1806.0,0.9554,2241.4,3.1
2024-09-10,FIFA World Cup qualification,2024,Qualification,Argentina,CONMEBOL,Colombia,away,1,2,L,,,,,,,,,,,,,,"Barranquilla, Colombia",,False,True,2241.4,2114.1,0.5391,2219.8,-21.6
2024-10-10,FIFA World Cup qualification,2024,Qualification,Argentina,CONMEBOL,Venezuela,away,1,1,D,,,,,,,,,,,,,,"Maturín, Venezuela",,False,True,2219.8,1859.5,0.8173,2207.1,-12.7
2024-10-15,FIFA World Cup qualification,2024,Qualification,Argentina,CONMEBOL,Bolivia,home,6,0,W,,,,,,,,,,,,,,"Buenos Aires, Argentina",,False,True,2207.1,1750.5,0.961,2210.4,3.3
2024-11-14,FIFA World Cup qualification,2024,Qualification,Argentina,CONMEBOL,Paraguay,away,1,2,L,,,,,,,,,,,,,,"Asunción, Paraguay",,False,True,2210.4,1817.5,0.8438,2176.7,-33.8
2024-11-19,FIFA World Cup qualification,2024,Qualification,Argentina,CONMEBOL,Peru,home,1,0,W,,,,,,,,,,,,,,"Buenos Aires, Argentina",,False,True,2176.7,1804.0,0.9383,2179.2,2.5
2025-03-21,FIFA World Cup qualification,2025,Qualification,Argentina,CONMEBOL,Uruguay,away,1,0,W,,,,,,,,,,,,,,"Montevideo, Uruguay",,False,True,2179.2,2027.1,0.5744,2196.2,17.0
2025-03-25,FIFA World Cup qualification,2025,Qualification,Argentina,CONMEBOL,Brazil,home,4,1,W,,,,,,,,,,,,,,"Buenos Aires, Argentina",,False,True,2196.2,2083.3,0.7731,2212.1,15.9
2025-06-05,FIFA World Cup qualification,2025,Qualification,Argentina,CONMEBOL,Chile,away,1,0,W,,,,,,,,,,,,,,"Santiago, Chile",,False,True,2212.1,1804.7,0.8544,2217.9,5.8
2025-06-10,FIFA World Cup qualification,2025,Qualification,Argentina,CONMEBOL,Colombia,home,1,1,D,,,,,,,,,,,,,,"Buenos Aires, Argentina",,False,True,2217.9,2013.3,0.8524,2203.8,-14.1
2025-09-04,FIFA World Cup qualification,2025,Qualification,Argentina,CONMEBOL,Venezuela,home,3,0,W,,,,,,,,,,,,,,"Buenos Aires, Argentina",,False,True,2203.8,1831.0,0.9383,2208.1,4.3
2025-09-09,FIFA World Cup qualification,2025,Qualification,Argentina,CONMEBOL,Ecuador,away,0,1,L,,,,,,,,,,,,,,"Guayaquil, Ecuador",,False,True,2208.1,1989.7,0.6641,2181.6,-26.6
2025-10-10,Friendly,2025,Tournament/Friendly,Argentina,CONMEBOL,Venezuela,neutral,1,0,W,,,,,,,,,,,,,,"Miami Gardens, United States",,True,True,2181.6,1802.2,0.8988,2183.6,2.0
2025-10-14,Friendly,2025,Tournament/Friendly,Argentina,CONMEBOL,Puerto Rico,neutral,6,0,W,,,,,,,,,,,,,,"Fort Lauderdale, United States",,True,True,2183.6,1352.3,0.9917,2183.9,0.4
2025-11-14,Friendly,2025,Tournament/Friendly,Argentina,CONMEBOL,Angola,away,2,0,W,,,,,,,,,,,,,,"Luanda, Angola",,False,True,2183.9,1597.3,0.9427,2185.7,1.7
2026-03-27,Friendly,2026,Tournament/Friendly,Argentina,CONMEBOL,Mauritania,home,2,1,W,,,,,,,,,,,,,,"Buenos Aires, Argentina",,False,True,2185.7,1427.7,0.9929,2185.8,0.1
2026-03-31,Friendly,2026,Tournament/Friendly,Argentina,CONMEBOL,Zambia,home,5,0,W,,,,,,,,,,,,,,"Buenos Aires, Argentina",,False,True,2185.8,1550.2,0.9857,2186.4,0.6
2026-06-06,Friendly,2026,Tournament/Friendly,Argentina,CONMEBOL,Honduras,neutral,2,0,W,,,,,,,,,,,,,,"College Station, United States",,True,True,2186.4,1713.3,0.9384,2188.2,1.8
2026-06-09,Friendly,2026,Tournament/Friendly,Argentina,CONMEBOL,Iceland,neutral,3,0,W,,,,,,,,,,,,,,"Auburn, United States",,True,True,2188.2,1628.9,0.9616,2189.6,1.3
2022-01-27,FIFA World Cup qualification,2022,Qualification,Australia,AFC,Vietnam,home,4,0,W,,,,,,,,,,,,,,"Melbourne, Australia",,False,True,1833.9,1482.7,0.9307,1839.1,5.2
2022-02-01,FIFA World Cup qualification,2022,Qualification,Australia,AFC,Oman,away,2,2,D,,,,,,,,,,,,,,"Muscat, Oman",,False,True,1839.1,1627.2,0.6557,1832.9,-6.2
2022-03-24,FIFA World Cup qualification,2022,Qualification,Australia,AFC,Japan,home,0,2,L,,,,,,,,,,,,,,"Sydney, Australia",,False,True,1832.9,1883.2,0.5711,1798.6,-34.3
2022-03-29,FIFA World Cup qualification,2022,Qualification,Australia,AFC,Saudi Arabia,away,0,1,L,,,,,,,,,,,,,,"Jeddah, Saudi Arabia",,False,True,1798.6,1741.5,0.4386,1781.1,-17.5
2022-06-01,Friendly,2022,Tournament/Friendly,Australia,AFC,Jordan,neutral,2,1,W,,,,,,,,,,,,,,"Al Wakrah, Qatar",,True,True,1781.1,1654.6,0.6744,1787.6,6.5
2022-06-07,FIFA World Cup qualification,2022,Qualification,Australia,AFC,United Arab Emirates,neutral,2,1,W,,,,,,,,,,,,,,"Al Rayyan, Qatar",,True,True,1787.6,1641.8,0.6983,1799.7,12.1
2022-06-13,FIFA World Cup qualification,2022,Qualification,Australia,AFC,Peru,neutral,0,0,D,,,,,,,,,,,,,,"Al Rayyan, Qatar",,True,True,1799.7,1929.6,0.3213,1806.8,7.1
2022-09-22,Friendly,2022,Tournament/Friendly,Australia,AFC,New Zealand,home,1,0,W,,,,,,,,,,,,,,"Brisbane, Australia",,False,True,1806.8,1748.0,0.7139,1812.5,5.7
2022-09-25,Friendly,2022,Tournament/Friendly,Australia,AFC,New Zealand,away,2,0,W,,,,,,,,,,,,,,"Auckland, New Zealand",,False,True,1812.5,1742.3,0.4573,1828.8,16.3
2022-11-22,FIFA World Cup,2022,Tournament/Friendly,Australia,AFC,France,neutral,1,4,L,,,,,,,,,,,,,,"Al Wakrah, Qatar",,True,True,1828.8,2044.3,0.2244,1805.3,-23.6
2022-11-26,FIFA World Cup,2022,Tournament/Friendly,Australia,AFC,Tunisia,neutral,1,0,W,,,,,,,,,,,,,,"Al Wakrah, Qatar",,True,True,1805.3,1810.5,0.4924,1835.7,30.5
2022-11-30,FIFA World Cup,2022,Tournament/Friendly,Australia,AFC,Denmark,neutral,1,0,W,,,,,,,,,,,,,,"Al Wakrah, Qatar",,True,True,1835.7,1975.4,0.3092,1877.2,41.4
2022-12-03,FIFA World Cup,2022,Tournament/Friendly,Australia,AFC,Argentina,neutral,1,2,L,,,,,,,,,,,,,,"Al Rayyan, Qatar",,True,True,1877.2,2175.7,0.152,1868.0,-9.1
2023-03-24,Friendly,2023,Tournament/Friendly,Australia,AFC,Ecuador,home,3,1,W,,,,,,,,,,,,,,"Sydney, Australia",,False,True,1868.0,1920.5,0.5681,1881.0,13.0
2023-03-28,Friendly,2023,Tournament/Friendly,Australia,AFC,Ecuador,home,1,2,L,,,,,,,,,,,,,,"Melbourne, Australia",,False,True,1881.0,1907.5,0.6042,1868.9,-12.1
2023-06-15,Friendly,2023,Tournament/Friendly,Australia,AFC,Argentina,neutral,0,2,L,,,,,,,,,,,,,,"Beijing, China",,True,True,1868.9,2204.5,0.1266,1865.1,-3.8
2023-09-09,Friendly,2023,Tournament/Friendly,Australia,AFC,Mexico,neutral,2,2,D,,,,,,,,,,,,,,"Arlington, United States",,True,True,1865.1,1950.5,0.3796,1867.5,2.4
2023-10-13,Friendly,2023,Tournament/Friendly,Australia,AFC,England,away,0,1,L,,,,,,,,,,,,,,"London, England",,False,True,1867.5,2074.1,0.1462,1864.6,-2.9
2023-10-17,Soccer Ashes,2023,Tournament/Friendly,Australia,AFC,New Zealand,neutral,2,0,W,,,,,,,,,,,,,,"Brentford, England",,True,True,1864.6,1712.5,0.7059,1877.8,13.2
2023-11-16,FIFA World Cup qualification,2023,Qualification,Australia,AFC,Bangladesh,home,7,0,W,,,,,,,,,,,,,,"Melbourne, Australia",,False,True,1877.8,1124.3,0.9927,1878.5,0.7
2023-11-21,FIFA World Cup qualification,2023,Qualification,Australia,AFC,Palestine,neutral,1,0,W,,,,,,,,,,,,,,"Kuwait City, Kuwait",,True,True,1878.5,1555.4,0.8653,1883.9,5.4
2024-01-06,Friendly,2024,Tournament/Friendly,Australia,AFC,Bahrain,neutral,2,0,W,,,,,,,,,,,,,,"Abu Dhabi, United Arab Emirates",,True,True,1883.9,1573.9,0.8562,1888.2,4.3
2024-01-13,AFC Asian Cup,2024,Tournament/Friendly,Australia,AFC,India,neutral,2,0,W,,,,,,,,,,,,,,"Al Rayyan, Qatar",,True,True,1888.2,1431.9,0.9325,1893.3,5.1
2024-01-18,AFC Asian Cup,2024,Tournament/Friendly,Australia,AFC,Syria,neutral,1,0,W,,,,,,,,,,,,,,"Doha, Qatar",,True,True,1893.3,1557.6,0.8735,1899.6,6.3
2024-01-23,AFC Asian Cup,2024,Tournament/Friendly,Australia,AFC,Uzbekistan,neutral,1,1,D,,,,,,,,,,,,,,"Al Wakrah, Qatar",,True,True,1899.6,1755.4,0.6964,1889.8,-9.8
2024-01-28,AFC Asian Cup,2024,Tournament/Friendly,Australia,AFC,Indonesia,neutral,4,0,W,,,,,,,,,,,,,,"Doha, Qatar",,True,True,1889.8,1429.7,0.9339,1896.0,6.2
2024-02-02,AFC Asian Cup,2024,Tournament/Friendly,Australia,AFC,South Korea,neutral,1,2,L,,,,,,,,,,,,,,"Al Wakrah, Qatar",,True,True,1896.0,1860.7,0.5506,1868.4,-27.5
2024-03-21,FIFA World Cup qualification,2024,Qualification,Australia,AFC,Lebanon,home,2,0,W,,,,,,,,,,,,,,"Sydney, Australia",,False,True,1868.4,1414.6,0.9604,1870.8,2.4
2024-03-26,FIFA World Cup qualification,2024,Qualification,Australia,AFC,Lebanon,home,5,0,W,,,,,,,,,,,,,,"Canberra, Australia",,False,True,1870.8,1412.2,0.9614,1873.9,3.1
2024-06-06,FIFA World Cup qualification,2024,Qualification,Australia,AFC,Bangladesh,away,2,0,W,,,,,,,,,,,,,,"Dhaka, Bangladesh",,False,True,1873.9,1123.2,0.9769,1875.3,1.4
2024-06-11,FIFA World Cup qualification,2024,Qualification,Australia,AFC,Palestine,home,5,0,W,,,,,,,,,,,,,,"Perth, Australia",,False,True,1875.3,1553.5,0.9189,1881.8,6.5
2024-09-05,FIFA World Cup qualification,2024,Qualification,Australia,AFC,Bahrain,home,0,1,L,,,,,,,,,,,,,,"Robina, Australia",,False,True,1881.8,1581.8,0.9091,1845.4,-36.4
2024-09-10,FIFA World Cup qualification,2024,Qualification,Australia,AFC,Indonesia,away,0,0,D,,,,,,,,,,,,,,"Jakarta, Indonesia",,False,True,1845.4,1490.3,0.8128,1832.9,-12.5
2024-10-10,FIFA World Cup qualification,2024,Qualification,Australia,AFC,China,home,3,1,W,,,,,,,,,,,,,,"Adelaide, Australia",,False,True,1832.9,1510.1,0.9194,1837.7,4.8
2024-10-15,FIFA World Cup qualification,2024,Qualification,Australia,AFC,Japan,away,1,1,D,,,,,,,,,,,,,,"Saitama, Japan",,False,True,1837.7,1992.5,0.1874,1850.2,12.5
2024-11-14,FIFA World Cup qualification,2024,Qualification,Australia,AFC,Saudi Arabia,home,0,0,D,,,,,,,,,,,,,,"Melbourne, Australia",,False,True,1850.2,1681.3,0.8247,1837.2,-13.0
2024-11-19,FIFA World Cup qualification,2024,Qualification,Australia,AFC,Bahrain,away,2,2,D,,,,,,,,,,,,,,"Riffa, Bahrain",,False,True,1837.2,1572.7,0.7206,1828.4,-8.8
2025-03-20,FIFA World Cup qualification,2025,Qualification,Australia,AFC,Indonesia,home,5,1,W,,,,,,,,,,,,,,"Sydney, Australia",,False,True,1828.4,1475.9,0.9312,1833.6,5.2
2025-03-25,FIFA World Cup qualification,2025,Qualification,Australia,AFC,China,away,2,0,W,,,,,,,,,,,,,,"Hangzhou, China",,False,True,1833.6,1533.0,0.7603,1848.0,14.4
2025-06-05,FIFA World Cup qualification,2025,Qualification,Australia,AFC,Japan,home,1,0,W,,,,,,,,,,,,,,"Perth, Australia",,False,True,1848.0,1982.0,0.4511,1869.9,22.0
2025-06-10,FIFA World Cup qualification,2025,Qualification,Australia,AFC,Saudi Arabia,away,2,1,W,,,,,,,,,,,,,,"Jeddah, Saudi Arabia",,False,True,1869.9,1724.4,0.5652,1887.3,17.4
2025-09-05,Soccer Ashes,2025,Tournament/Friendly,Australia,AFC,New Zealand,home,1,0,W,,,,,,,,,,,,,,"Canberra, Australia",,False,True,1887.3,1795.8,0.7507,1894.8,7.5
2025-09-09,Soccer Ashes,2025,Tournament/Friendly,Australia,AFC,New Zealand,away,3,1,W,,,,,,,,,,,,,,"Auckland, New Zealand",,False,True,1894.8,1788.3,0.5093,1916.9,22.1
2025-10-10,Friendly,2025,Tournament/Friendly,Australia,AFC,Canada,away,1,0,W,,,,,,,,,,,,,,"Montreal, Canada",,False,True,1916.9,1906.9,0.3732,1929.4,12.5
2025-10-14,Friendly,2025,Tournament/Friendly,Australia,AFC,USA,away,1,2,L,,,,,,,,,,,,,,"Denver, United States",,False,True,1929.4,1813.6,0.5227,1919.0,-10.5
2025-11-14,Friendly,2025,Tournament/Friendly,Australia,AFC,Venezuela,neutral,0,1,L,,,,,,,,,,,,,,"Houston, United States",,True,True,1919.0,1800.1,0.6646,1905.7,-13.3
2025-11-18,Friendly,2025,Tournament/Friendly,Australia,AFC,Colombia,neutral,0,3,L,,,,,,,,,,,,,,"New York, United States",,True,True,1905.7,2071.3,0.2782,1895.9,-9.7
2026-03-27,FIFA Series,2026,Tournament/Friendly,Australia,AFC,Cameroon,home,1,0,W,,,,,,,,,,,,,,"Sydney, Australia",,False,True,1895.9,1715.0,0.8344,1899.2,3.3
2026-03-31,FIFA Series,2026,Tournament/Friendly,Australia,AFC,Curaçao,home,5,1,W,,,,,,,,,,,,,,"Melbourne, Australia",,False,True,1899.2,1624.8,0.8962,1903.1,3.9
2026-05-30,Friendly,2026,Tournament/Friendly,Australia,AFC,Mexico,neutral,0,1,L,,,,,,,,,,,,,,"Pasadena, United States",,True,True,1903.1,1964.6,0.4124,1894.9,-8.2
2026-06-06,Friendly,2026,Tournament/Friendly,Australia,AFC,Switzerland,neutral,1,1,D,,,,,,,,,,,,,,"San Diego, United States",,True,True,1894.9,1955.4,0.4138,1896.6,1.7
2022-03-24,FIFA World Cup qualification,2022,Qualification,Austria,UEFA,Wales,away,1,2,L,,,,,,,,,,,,,,"Cardiff, Wales",,False,True,1772.3,1879.5,0.2328,1763.0,-9.3
2022-03-29,Friendly,2022,Tournament/Friendly,Austria,UEFA,Scotland,home,2,2,D,,,,,,,,,,,,,,"Vienna, Austria",,False,True,1763.0,1772.7,0.6271,1760.4,-2.5
2022-06-03,UEFA Nations League,2022,Tournament/Friendly,Austria,UEFA,Croatia,away,3,0,W,,,,,,,,,,,,,,"Osijek, Croatia",,False,True,1760.4,1901.2,0.2001,1816.4,56.0
2022-06-06,UEFA Nations League,2022,Tournament/Friendly,Austria,UEFA,Denmark,home,1,2,L,,,,,,,,,,,,,,"Vienna, Austria",,False,True,1816.4,2016.0,0.3605,1802.0,-14.4
2022-06-10,UEFA Nations League,2022,Tournament/Friendly,Austria,UEFA,France,home,1,1,D,,,,,,,,,,,,,,"Vienna, Austria",,False,True,1802.0,2111.5,0.2304,1812.8,10.8
2022-06-13,UEFA Nations League,2022,Tournament/Friendly,Austria,UEFA,Denmark,away,0,2,L,,,,,,,,,,,,,,"Copenhagen, Denmark",,False,True,1812.8,1997.2,0.1629,1803.0,-9.8
2022-09-22,UEFA Nations League,2022,Tournament/Friendly,Austria,UEFA,France,away,0,2,L,,,,,,,,,,,,,,"Paris, France",,False,True,1803.0,2066.4,0.1099,1796.4,-6.6
2022-09-25,UEFA Nations League,2022,Tournament/Friendly,Austria,UEFA,Croatia,home,1,3,L,,,,,,,,,,,,,,"Vienna, Austria",,False,True,1796.4,1941.2,0.4359,1770.3,-26.2
2022-11-16,Friendly,2022,Tournament/Friendly,Austria,UEFA,Andorra,neutral,1,0,W,,,,,,,,,,,,,,"Málaga, Spain",,True,True,1770.3,1177.1,0.9682,1770.9,0.6
2022-11-20,Friendly,2022,Tournament/Friendly,Austria,UEFA,Italy,home,2,0,W,,,,,,,,,,,,,,"Vienna, Austria",,False,True,1770.9,2055.4,0.257,1793.2,22.3
2023-03-24,UEFA Euro qualification,2023,Qualification,Austria,UEFA,Azerbaijan,home,4,1,W,,,,,,,,,,,,,,"Pasching, Austria",,False,True,1793.2,1470.9,0.9191,1798.9,5.7
2023-03-27,UEFA Euro qualification,2023,Qualification,Austria,UEFA,Estonia,home,2,1,W,,,,,,,,,,,,,,"Pasching, Austria",,False,True,1798.9,1504.1,0.9066,1802.6,3.7
2023-06-17,UEFA Euro qualification,2023,Qualification,Austria,UEFA,Belgium,away,1,1,D,,,,,,,,,,,,,,"Brussels, Belgium",,False,True,1802.6,2048.9,0.1199,1817.8,15.2
2023-06-20,UEFA Euro qualification,2023,Qualification,Austria,UEFA,Sweden,home,2,0,W,,,,,,,,,,,,,,"Vienna, Austria",,False,True,1817.8,1813.3,0.646,1839.1,21.2
2023-09-07,Friendly,2023,Tournament/Friendly,Austria,UEFA,Moldova,home,1,1,D,,,,,,,,,,,,,,"Pasching, Austria",,False,True,1839.1,1330.1,0.9708,1829.6,-9.4
2023-09-12,UEFA Euro qualification,2023,Qualification,Austria,UEFA,Sweden,away,3,1,W,,,,,,,,,,,,,,"Stockholm, Sweden",,False,True,1829.6,1811.8,0.3839,1866.6,37.0
2023-10-13,UEFA Euro qualification,2023,Qualification,Austria,UEFA,Belgium,home,2,3,L,,,,,,,,,,,,,,"Vienna, Austria",,False,True,1866.6,2043.2,0.3915,1850.9,-15.7
2023-10-16,UEFA Euro qualification,2023,Qualification,Austria,UEFA,Azerbaijan,away,1,0,W,,,,,,,,,,,,,,"Baku, Azerbaijan",,False,True,1850.9,1506.4,0.8034,1858.8,7.9
2023-11-16,UEFA Euro qualification,2023,Qualification,Austria,UEFA,Estonia,away,2,0,W,,,,,,,,,,,,,,"Tallinn, Estonia",,False,True,1858.8,1437.1,0.8644,1866.9,8.1
2023-11-21,Friendly,2023,Tournament/Friendly,Austria,UEFA,Germany,home,2,0,W,,,,,,,,,,,,,,"Vienna, Austria",,False,True,1866.9,1965.0,0.5028,1881.9,14.9
2024-03-23,Friendly,2024,Tournament/Friendly,Austria,UEFA,Slovakia,away,2,0,W,,,,,,,,,,,,,,"Bratislava, Slovakia",,False,True,1881.9,1710.6,0.6011,1893.8,12.0
2024-03-26,Friendly,2024,Tournament/Friendly,Austria,UEFA,Turkey,home,6,1,W,,,,,,,,,,,,,,"Vienna, Austria",,False,True,1893.8,1811.1,0.7412,1904.2,10.4
2024-06-04,Friendly,2024,Tournament/Friendly,Austria,UEFA,Serbia,home,2,1,W,,,,,,,,,,,,,,"Vienna, Austria",,False,True,1904.2,1860.0,0.6964,1910.3,6.1
2024-06-08,Friendly,2024,Tournament/Friendly,Austria,UEFA,Switzerland,away,1,1,D,,,,,,,,,,,,,,"St. Gallen, Switzerland",,False,True,1910.3,1864.1,0.4231,1911.8,1.5
2024-06-17,UEFA Euro,2024,Tournament/Friendly,Austria,UEFA,France,neutral,0,1,L,,,,,,,,,,,,,,"Düsseldorf, Germany",,True,True,1911.8,2135.8,0.216,1901.0,-10.8
2024-06-21,UEFA Euro,2024,Tournament/Friendly,Austria,UEFA,Poland,neutral,3,1,W,,,,,,,,,,,,,,"Berlin, Germany",,True,True,1901.0,1791.2,0.6529,1927.0,26.0
2024-06-25,UEFA Euro,2024,Tournament/Friendly,Austria,UEFA,Netherlands,neutral,3,2,W,,,,,,,,,,,,,,"Berlin, Germany",,True,True,1927.0,2062.5,0.3143,1961.3,34.3
2024-07-02,UEFA Euro,2024,Tournament/Friendly,Austria,UEFA,Turkey,neutral,1,2,L,,,,,,,,,,,,,,"Leipzig, Germany",,True,True,1961.3,1836.7,0.6721,1927.7,-33.6
2024-09-06,UEFA Nations League,2024,Tournament/Friendly,Austria,UEFA,Slovenia,away,1,1,D,,,,,,,,,,,,,,"Ljubljana, Slovenia",,False,True,1927.7,1823.9,0.5055,1927.5,-0.2
2024-09-09,UEFA Nations League,2024,Tournament/Friendly,Austria,UEFA,Norway,away,1,2,L,,,,,,,,,,,,,,"Oslo, Norway",,False,True,1927.5,1767.9,0.585,1904.1,-23.4
2024-10-10,UEFA Nations League,2024,Tournament/Friendly,Austria,UEFA,Kazakhstan,home,4,0,W,,,,,,,,,,,,,,"Salzburg, Austria",,False,True,1904.1,1514.2,0.9437,1908.3,4.2
2024-10-13,UEFA Nations League,2024,Tournament/Friendly,Austria,UEFA,Norway,home,5,1,W,,,,,,,,,,,,,,"Linz, Austria",,False,True,1908.3,1820.2,0.747,1927.3,19.0
2024-11-14,UEFA Nations League,2024,Tournament/Friendly,Austria,UEFA,Kazakhstan,away,2,0,W,,,,,,,,,,,,,,"Almaty, Kazakhstan",,False,True,1927.3,1500.0,0.868,1935.2,7.9
2024-11-17,UEFA Nations League,2024,Tournament/Friendly,Austria,UEFA,Slovenia,home,1,1,D,,,,,,,,,,,,,,"Vienna, Austria",,False,True,1935.2,1765.6,0.8252,1922.2,-13.0
2025-03-20,UEFA Nations League,2025,Tournament/Friendly,Austria,UEFA,Serbia,home,1,1,D,,,,,,,,,,,,,,"Vienna, Austria",,False,True,1922.2,1872.8,0.7026,1914.1,-8.1
2025-03-23,UEFA Nations League,2025,Tournament/Friendly,Austria,UEFA,Serbia,away,0,2,L,,,,,,,,,,,,,,"Belgrade, Serbia",,False,True,1914.1,1880.9,0.405,1889.8,-24.3
2025-06-07,FIFA World Cup qualification,2025,Qualification,Austria,UEFA,Romania,home,2,1,W,,,,,,,,,,,,,,"Vienna, Austria",,False,True,1889.8,1741.7,0.8066,1897.5,7.7
2025-06-10,FIFA World Cup qualification,2025,Qualification,Austria,UEFA,San Marino,away,4,0,W,,,,,,,,,,,,,,"Serravalle, San Marino",,False,True,1897.5,928.0,0.9933,1898.0,0.5
2025-09-06,FIFA World Cup qualification,2025,Qualification,Austria,UEFA,Cyprus,home,1,0,W,,,,,,,,,,,,,,"Linz, Austria",,False,True,1898.0,1353.0,0.9762,1899.0,1.0
2025-09-09,FIFA World Cup qualification,2025,Qualification,Austria,UEFA,Bosnia & Herzegovina,away,2,1,W,,,,,,,,,,,,,,"Zenica, Bosnia and Herzegovina",,False,True,1899.0,1577.4,0.7817,1907.7,8.7
2025-10-09,FIFA World Cup qualification,2025,Qualification,Austria,UEFA,San Marino,home,10,0,W,,,,,,,,,,,,,,"Vienna, Austria",,False,True,1907.7,922.3,0.9981,1907.9,0.2
2025-10-12,FIFA World Cup qualification,2025,Qualification,Austria,UEFA,Romania,away,0,1,L,,,,,,,,,,,,,,"Bucharest, Romania",,False,True,1907.9,1710.6,0.6365,1882.4,-25.5
2025-11-15,FIFA World Cup qualification,2025,Qualification,Austria,UEFA,Cyprus,away,2,0,W,,,,,,,,,,,,,,"Limassol, Cyprus",,False,True,1882.4,1379.7,0.9104,1887.8,5.4
2025-11-18,FIFA World Cup qualification,2025,Qualification,Austria,UEFA,Bosnia & Herzegovina,home,1,1,D,,,,,,,,,,,,,,"Vienna, Austria",,False,True,1887.8,1608.5,0.8988,1871.9,-16.0
2026-03-27,Friendly,2026,Tournament/Friendly,Austria,UEFA,Ghana,home,5,1,W,,,,,,,,,,,,,,"Vienna, Austria",,False,True,1871.9,1627.8,0.8788,1876.4,4.5
2026-03-31,Friendly,2026,Tournament/Friendly,Austria,UEFA,South Korea,home,1,0,W,,,,,,,,,,,,,,"Vienna, Austria",,False,True,1876.4,1879.2,0.6364,1883.7,7.3
2026-06-01,Friendly,2026,Tournament/Friendly,Austria,UEFA,Tunisia,home,1,0,W,,,,,,,,,,,,,,"Vienna, Austria",,False,True,1883.7,1743.5,0.7994,1887.7,4.0
2022-03-26,Friendly,2022,Tournament/Friendly,Belgium,UEFA,Republic of Ireland,away,2,2,D,,,,,,,,,,,,,,"Dublin, Republic of Ireland",,False,True,2134.4,1735.6,0.8481,2127.4,-7.0
2022-03-29,Friendly,2022,Tournament/Friendly,Belgium,UEFA,Burkina Faso,home,3,0,W,,,,,,,,,,,,,,"Anderlecht, Belgium",,False,True,2127.4,1656.7,0.9639,2128.7,1.3
2022-06-03,UEFA Nations League,2022,Tournament/Friendly,Belgium,UEFA,Netherlands,home,1,4,L,,,,,,,,,,,,,,"Brussels, Belgium",,False,True,2128.7,1981.0,0.8063,2072.2,-56.4
2022-06-08,UEFA Nations League,2022,Tournament/Friendly,Belgium,UEFA,Poland,home,6,1,W,,,,,,,,,,,,,,"Brussels, Belgium",,False,True,2072.2,1863.1,0.8557,2083.8,11.5
2022-06-11,UEFA Nations League,2022,Tournament/Friendly,Belgium,UEFA,Wales,away,1,1,D,,,,,,,,,,,,,,"Cardiff, Wales",,False,True,2083.8,1867.1,0.6619,2077.3,-6.5
2022-06-14,UEFA Nations League,2022,Tournament/Friendly,Belgium,UEFA,Poland,away,1,0,W,,,,,,,,,,,,,,"Warsaw, Poland",,False,True,2077.3,1865.6,0.6555,2091.1,13.8
2022-09-22,UEFA Nations League,2022,Tournament/Friendly,Belgium,UEFA,Wales,home,2,1,W,,,,,,,,,,,,,,"Brussels, Belgium",,False,True,2091.1,1866.5,0.8663,2096.4,5.3
2022-09-25,UEFA Nations League,2022,Tournament/Friendly,Belgium,UEFA,Netherlands,away,0,1,L,,,,,,,,,,,,,,"Amsterdam, Netherlands",,False,True,2096.4,2069.3,0.3966,2080.6,-15.9
2022-11-18,Friendly,2022,Tournament/Friendly,Belgium,UEFA,Egypt,neutral,1,2,L,,,,,,,,,,,,,,"Kuwait City, Kuwait",,True,True,2080.6,1747.0,0.8721,2063.1,-17.4
2022-11-23,FIFA World Cup,2022,Tournament/Friendly,Belgium,UEFA,Canada,neutral,1,0,W,,,,,,,,,,,,,,"Al Rayyan, Qatar",,True,True,2063.1,1897.2,0.7222,2079.8,16.7
2022-11-27,FIFA World Cup,2022,Tournament/Friendly,Belgium,UEFA,Morocco,neutral,0,2,L,,,,,,,,,,,,,,"Doha, Qatar",,True,True,2079.8,1868.2,0.7718,2010.3,-69.5
2022-12-01,FIFA World Cup,2022,Tournament/Friendly,Belgium,UEFA,Croatia,neutral,0,0,D,,,,,,,,,,,,,,"Al Rayyan, Qatar",,True,True,2010.3,2004.7,0.5082,2009.9,-0.5
2023-03-24,UEFA Euro qualification,2023,Qualification,Belgium,UEFA,Sweden,away,3,0,W,,,,,,,,,,,,,,"Stockholm, Sweden",,False,True,2009.9,1824.6,0.6203,2036.4,26.6
2023-03-28,Friendly,2023,Tournament/Friendly,Belgium,UEFA,Germany,away,3,2,W,,,,,,,,,,,,,,"Cologne, Germany",,False,True,2036.4,2025.1,0.3751,2048.9,12.5
2023-06-17,UEFA Euro qualification,2023,Qualification,Belgium,UEFA,Austria,home,1,1,D,,,,,,,,,,,,,,"Brussels, Belgium",,False,True,2048.9,1802.6,0.8801,2033.7,-15.2
2023-06-20,UEFA Euro qualification,2023,Qualification,Belgium,UEFA,Estonia,away,3,0,W,,,,,,,,,,,,,,"Tallinn, Estonia",,False,True,2033.7,1503.7,0.9224,2039.2,5.4
2023-09-09,UEFA Euro qualification,2023,Qualification,Belgium,UEFA,Azerbaijan,away,1,0,W,,,,,,,,,,,,,,"Baku, Azerbaijan",,False,True,2039.2,1455.8,0.9417,2041.5,2.3
2023-09-12,UEFA Euro qualification,2023,Qualification,Belgium,UEFA,Estonia,home,5,0,W,,,,,,,,,,,,,,"Brussels, Belgium",,False,True,2041.5,1478.5,0.9785,2043.2,1.7
2023-10-13,UEFA Euro qualification,2023,Qualification,Belgium,UEFA,Austria,away,3,2,W,,,,,,,,,,,,,,"Vienna, Austria",,False,True,2043.2,1866.6,0.6085,2058.9,15.7
2023-10-16,UEFA Euro qualification,2023,Qualification,Belgium,UEFA,Sweden,home,1,1,D,,,,,,,,,,,,,,"Brussels, Belgium",,False,True,2058.9,1776.4,0.9004,2042.9,-16.0
2023-11-15,Friendly,2023,Tournament/Friendly,Belgium,UEFA,Serbia,home,1,0,W,,,,,,,,,,,,,,"Leuven, Belgium",,False,True,2042.9,1879.3,0.8202,2046.5,3.6
2023-11-19,UEFA Euro qualification,2023,Qualification,Belgium,UEFA,Azerbaijan,home,5,0,W,,,,,,,,,,,,,,"Brussels, Belgium",,False,True,2046.5,1551.3,0.9685,2049.0,2.5
2024-03-23,Friendly,2024,Tournament/Friendly,Belgium,UEFA,Republic of Ireland,away,0,0,D,,,,,,,,,,,,,,"Dublin, Republic of Ireland",,False,True,2049.0,1664.1,0.8376,2042.2,-6.8
2024-03-26,Friendly,2024,Tournament/Friendly,Belgium,UEFA,England,away,2,2,D,,,,,,,,,,,,,,"London, England",,False,True,2042.2,2065.3,0.33,2045.6,3.4
2024-06-05,Friendly,2024,Tournament/Friendly,Belgium,UEFA,Montenegro,home,2,0,W,,,,,,,,,,,,,,"Brussels, Belgium",,False,True,2045.6,1620.7,0.9536,2047.0,1.4
2024-06-08,Friendly,2024,Tournament/Friendly,Belgium,UEFA,Luxembourg,home,3,0,W,,,,,,,,,,,,,,"Brussels, Belgium",,False,True,2047.0,1554.6,0.968,2048.1,1.1
2024-06-17,UEFA Euro,2024,Tournament/Friendly,Belgium,UEFA,Slovakia,neutral,0,1,L,,,,,,,,,,,,,,"Frankfurt, Germany",,True,True,2048.1,1720.0,0.8686,2004.7,-43.4
2024-06-22,UEFA Euro,2024,Tournament/Friendly,Belgium,UEFA,Romania,neutral,2,0,W,,,,,,,,,,,,,,"Cologne, Germany",,True,True,2004.7,1770.9,0.7934,2020.2,15.5
2024-06-26,UEFA Euro,2024,Tournament/Friendly,Belgium,UEFA,Ukraine,neutral,0,0,D,,,,,,,,,,,,,,"Stuttgart, Germany",,True,True,2020.2,1854.0,0.7225,2009.1,-11.1
2024-07-01,UEFA Euro,2024,Tournament/Friendly,Belgium,UEFA,France,neutral,0,1,L,,,,,,,,,,,,,,"Düsseldorf, Germany",,True,True,2009.1,2120.4,0.3451,1991.8,-17.3
2024-09-06,UEFA Nations League,2024,Tournament/Friendly,Belgium,UEFA,Israel,neutral,3,1,W,,,,,,,,,,,,,,"Debrecen, Hungary",,True,True,1991.8,1617.7,0.896,1998.1,6.2
2024-09-09,UEFA Nations League,2024,Tournament/Friendly,Belgium,UEFA,France,away,0,2,L,,,,,,,,,,,,,,"Décines-Charpieu, France",,False,True,1998.1,2057.3,0.2856,1980.9,-17.1
2024-10-10,UEFA Nations League,2024,Tournament/Friendly,Belgium,UEFA,Italy,away,2,2,D,,,,,,,,,,,,,,"Rome, Italy",,False,True,1980.9,2000.2,0.3348,1987.5,6.6
2024-10-14,UEFA Nations League,2024,Tournament/Friendly,Belgium,UEFA,France,home,1,2,L,,,,,,,,,,,,,,"Leuven, Belgium",,False,True,1987.5,2078.9,0.5124,1967.0,-20.5
2024-11-14,UEFA Nations League,2024,Tournament/Friendly,Belgium,UEFA,Italy,home,0,1,L,,,,,,,,,,,,,,"Brussels, Belgium",,False,True,1967.0,1997.5,0.5988,1943.1,-24.0
2024-11-17,UEFA Nations League,2024,Tournament/Friendly,Belgium,UEFA,Israel,neutral,0,1,L,,,,,,,,,,,,,,"Budapest, Hungary",,True,True,1943.1,1617.9,0.8667,1908.4,-34.7
2025-03-20,UEFA Nations League,2025,Tournament/Friendly,Belgium,UEFA,Ukraine,neutral,1,3,L,,,,,,,,,,,,,,"Murcia, Spain",,True,True,1908.4,1853.2,0.5788,1873.7,-34.7
2025-03-23,UEFA Nations League,2025,Tournament/Friendly,Belgium,UEFA,Ukraine,home,3,0,W,,,,,,,,,,,,,,"Genk, Belgium",,False,True,1873.7,1887.9,0.621,1900.2,26.5
2025-06-06,FIFA World Cup qualification,2025,Qualification,Belgium,UEFA,North Macedonia,away,1,1,D,,,,,,,,,,,,,,"Skopje, North Macedonia",,False,True,1900.2,1668.1,0.6814,1893.0,-7.3
2025-06-09,FIFA World Cup qualification,2025,Qualification,Belgium,UEFA,Wales,home,4,3,W,,,,,,,,,,,,,,"Brussels, Belgium",,False,True,1893.0,1792.8,0.76,1902.6,9.6
2025-09-04,FIFA World Cup qualification,2025,Qualification,Belgium,UEFA,Liechtenstein,away,6,0,W,,,,,,,,,,,,,,"Vaduz, Liechtenstein",,False,True,1902.6,973.4,0.9916,1903.3,0.7
2025-09-07,FIFA World Cup qualification,2025,Qualification,Belgium,UEFA,Kazakhstan,home,6,0,W,,,,,,,,,,,,,,"Anderlecht, Belgium",,False,True,1903.3,1467.6,0.9562,1907.0,3.7
2025-10-10,FIFA World Cup qualification,2025,Qualification,Belgium,UEFA,North Macedonia,home,0,0,D,,,,,,,,,,,,,,"Ghent, Belgium",,False,True,1907.0,1681.4,0.867,1892.3,-14.7
2025-10-13,FIFA World Cup qualification,2025,Qualification,Belgium,UEFA,Wales,away,4,2,W,,,,,,,,,,,,,,"Cardiff, Wales",,False,True,1892.3,1779.4,0.5186,1921.2,28.9
2025-11-15,FIFA World Cup qualification,2025,Qualification,Belgium,UEFA,Kazakhstan,away,1,1,D,,,,,,,,,,,,,,"Astana, Kazakhstan",,False,True,1921.2,1481.0,0.8763,1906.2,-15.1
2025-11-18,FIFA World Cup qualification,2025,Qualification,Belgium,UEFA,Liechtenstein,home,7,0,W,,,,,,,,,,,,,,"Liège, Belgium",,False,True,1906.2,968.2,0.9975,1906.4,0.2
2026-03-28,Friendly,2026,Tournament/Friendly,Belgium,UEFA,USA,away,5,2,W,,,,,,,,,,,,,,"Atlanta, United States",,False,True,1906.4,1855.8,0.4294,1926.4,20.0
2026-03-31,Friendly,2026,Tournament/Friendly,Belgium,UEFA,Mexico,neutral,1,1,D,,,,,,,,,,,,,,"Chicago, United States",,True,True,1926.4,1963.5,0.4467,1927.4,1.1
2026-06-02,Friendly,2026,Tournament/Friendly,Belgium,UEFA,Croatia,away,2,0,W,,,,,,,,,,,,,,"Rijeka, Croatia",,False,True,1927.4,1985.6,0.2869,1948.8,21.4
2026-06-06,Friendly,2026,Tournament/Friendly,Belgium,UEFA,Tunisia,home,5,0,W,,,,,,,,,,,,,,"Brussels, Belgium",,False,True,1948.8,1739.5,0.8558,1954.6,5.8
2022-01-21,Friendly,2022,Tournament/Friendly,Bolivia,CONMEBOL,Trinidad and Tobago,home,5,0,W,,,,,,,,,,,,,,"Sucre, Bolivia",,False,False,1750.1,1535.6,0.8595,1755.8,5.6
2022-01-28,FIFA World Cup qualification,2022,Qualification,Bolivia,CONMEBOL,Venezuela,away,1,4,L,,,,,,,,,,,,,,"Barinas, Venezuela",,False,False,1755.8,1740.9,0.3798,1729.2,-26.6
2022-02-01,FIFA World Cup qualification,2022,Qualification,Bolivia,CONMEBOL,Chile,home,2,3,L,,,,,,,,,,,,,,"La Paz, Bolivia",,False,False,1729.2,1852.6,0.4663,1710.5,-18.7
2022-03-24,FIFA World Cup qualification,2022,Qualification,Bolivia,CONMEBOL,Colombia,away,0,3,L,,,,,,,,,,,,,,"Barranquilla, Colombia",,False,False,1710.5,1937.4,0.1322,1701.3,-9.3
2022-03-29,FIFA World Cup qualification,2022,Qualification,Bolivia,CONMEBOL,Brazil,home,0,4,L,,,,,,,,,,,,,,"La Paz, Bolivia",,False,False,1701.3,2207.1,0.0882,1694.7,-6.6
2022-09-24,Friendly,2022,Tournament/Friendly,Bolivia,CONMEBOL,Senegal,neutral,0,2,L,,,,,,,,,,,,,,"Orléans, France",,True,False,1694.7,1799.2,0.3539,1684.0,-10.6
2022-11-19,Friendly,2022,Tournament/Friendly,Bolivia,CONMEBOL,Peru,away,0,1,L,,,,,,,,,,,,,,"Arequipa, Peru",,False,False,1684.0,1922.3,0.1249,1681.5,-2.5
2023-03-24,Friendly,2023,Tournament/Friendly,Bolivia,CONMEBOL,Uzbekistan,neutral,0,1,L,,,,,,,,,,,,,,"Jeddah, Saudi Arabia",,True,False,1681.5,1692.1,0.4848,1671.9,-9.7
2023-03-28,Friendly,2023,Tournament/Friendly,Bolivia,CONMEBOL,Saudi Arabia,away,2,1,W,,,,,,,,,,,,,,"Jeddah, Saudi Arabia",,False,False,1671.9,1702.3,0.3206,1685.4,13.6
2023-06-17,Friendly,2023,Tournament/Friendly,Bolivia,CONMEBOL,Ecuador,neutral,0,1,L,,,,,,,,,,,,,,"Harrison, United States",,True,False,1685.4,1919.6,0.2062,1681.3,-4.1
2023-06-20,Friendly,2023,Tournament/Friendly,Bolivia,CONMEBOL,Chile,home,0,0,D,,,,,,,,,,,,,,"Santa Cruz, Bolivia",,False,False,1681.3,1793.6,0.4824,1681.7,0.4
2023-08-27,Friendly,2023,Tournament/Friendly,Bolivia,CONMEBOL,Panama,home,1,2,L,,,,,,,,,,,,,,"Cochabamba, Bolivia",,False,False,1681.7,1811.7,0.4569,1672.5,-9.1
2023-09-08,FIFA World Cup qualification,2023,Qualification,Bolivia,CONMEBOL,Brazil,away,1,5,L,,,,,,,,,,,,,,"Belém, Brazil",,False,False,1672.5,2158.2,0.0332,1670.0,-2.5
2023-09-12,FIFA World Cup qualification,2023,Qualification,Bolivia,CONMEBOL,Argentina,home,0,3,L,,,,,,,,,,,,,,"La Paz, Bolivia",,False,False,1670.0,2213.0,0.0724,1665.0,-5.1
2023-10-12,FIFA World Cup qualification,2023,Qualification,Bolivia,CONMEBOL,Ecuador,home,1,2,L,,,,,,,,,,,,,,"La Paz, Bolivia",,False,False,1665.0,1947.9,0.2586,1654.6,-10.3
2023-10-17,FIFA World Cup qualification,2023,Qualification,Bolivia,CONMEBOL,Paraguay,away,0,1,L,,,,,,,,,,,,,,"Asunción, Paraguay",,False,False,1654.6,1775.3,0.2192,1645.9,-8.8
2023-11-16,FIFA World Cup qualification,2023,Qualification,Bolivia,CONMEBOL,Peru,home,2,0,W,,,,,,,,,,,,,,"La Paz, Bolivia",,False,False,1645.9,1861.6,0.3393,1685.5,39.6
2023-11-21,FIFA World Cup qualification,2023,Qualification,Bolivia,CONMEBOL,Uruguay,away,0,3,L,,,,,,,,,,,,,,"Montevideo, Uruguay",,False,False,1685.5,2077.2,0.0557,1681.6,-3.9
2024-03-22,FIFA Series,2024,Tournament/Friendly,Bolivia,CONMEBOL,Algeria,away,2,3,L,,,,,,,,,,,,,,"Algiers, Algeria",,False,False,1681.6,1772.5,0.2499,1676.6,-5.0
2024-03-25,FIFA Series,2024,Tournament/Friendly,Bolivia,CONMEBOL,Andorra,neutral,1,0,W,,,,,,,,,,,,,,"Annaba, Algeria",,True,False,1676.6,1170.2,0.9486,1677.6,1.0
2024-05-31,Friendly,2024,Tournament/Friendly,Bolivia,CONMEBOL,Mexico,neutral,0,1,L,,,,,,,,,,,,,,"Chicago, United States",,True,False,1677.6,1909.6,0.2083,1673.5,-4.2
2024-06-12,Friendly,2024,Tournament/Friendly,Bolivia,CONMEBOL,Ecuador,neutral,1,3,L,,,,,,,,,,,,,,"Chester, United States",,True,False,1673.5,1947.8,0.1709,1668.3,-5.1
2024-06-15,Friendly,2024,Tournament/Friendly,Bolivia,CONMEBOL,Colombia,neutral,0,3,L,,,,,,,,,,,,,,"Denver, United States",,True,False,1668.3,2081.1,0.085,1665.4,-3.0
2024-06-23,Copa América,2024,Tournament/Friendly,Bolivia,CONMEBOL,USA,away,0,2,L,,,,,,,,,,,,,,"Arlington, United States",,False,False,1665.4,1890.2,0.1336,1655.3,-10.0
2024-06-27,Copa América,2024,Tournament/Friendly,Bolivia,CONMEBOL,Uruguay,neutral,0,5,L,,,,,,,,,,,,,,"East Rutherford, United States",,True,False,1655.3,2079.5,0.08,1647.3,-8.0
2024-07-01,Copa América,2024,Tournament/Friendly,Bolivia,CONMEBOL,Panama,neutral,1,3,L,,,,,,,,,,,,,,"Orlando, United States",,True,False,1647.3,1849.2,0.2383,1629.5,-17.9
2024-09-05,FIFA World Cup qualification,2024,Qualification,Bolivia,CONMEBOL,Venezuela,home,4,0,W,,,,,,,,,,,,,,"El Alto, Bolivia",,False,False,1629.5,1910.2,0.2611,1684.9,55.4
2024-09-10,FIFA World Cup qualification,2024,Qualification,Bolivia,CONMEBOL,Chile,away,2,1,W,,,,,,,,,,,,,,"Santiago, Chile",,False,False,1684.9,1802.8,0.2219,1716.0,31.1
2024-10-10,FIFA World Cup qualification,2024,Qualification,Bolivia,CONMEBOL,Colombia,home,1,0,W,,,,,,,,,,,,,,"El Alto, Bolivia",,False,False,1716.0,2135.7,0.137,1750.5,34.5
2024-10-15,FIFA World Cup qualification,2024,Qualification,Bolivia,CONMEBOL,Argentina,away,0,6,L,,,,,,,,,,,,,,"Buenos Aires, Argentina",,False,False,1750.5,2207.1,0.039,1747.2,-3.3
2024-11-14,FIFA World Cup qualification,2024,Qualification,Bolivia,CONMEBOL,Ecuador,away,0,4,L,,,,,,,,,,,,,,"Guayaquil, Ecuador",,False,False,1747.2,1951.1,0.1481,1736.1,-11.1
2024-11-19,FIFA World Cup qualification,2024,Qualification,Bolivia,CONMEBOL,Paraguay,home,2,2,D,,,,,,,,,,,,,,"El Alto, Bolivia",,False,False,1736.1,1851.2,0.4782,1737.0,0.9
2025-03-20,FIFA World Cup qualification,2025,Qualification,Bolivia,CONMEBOL,Peru,away,1,3,L,,,,,,,,,,,,,,"Lima, Peru",,False,False,1737.0,1801.5,0.2795,1720.2,-16.8
2025-03-25,FIFA World Cup qualification,2025,Qualification,Bolivia,CONMEBOL,Uruguay,home,0,0,D,,,,,,,,,,,,,,"El Alto, Bolivia",,False,False,1720.2,2010.1,0.2511,1730.2,10.0
2025-06-06,FIFA World Cup qualification,2025,Qualification,Bolivia,CONMEBOL,Venezuela,away,0,2,L,,,,,,,,,,,,,,"Maturín, Venezuela",,False,False,1730.2,1829.4,0.241,1715.7,-14.5
2025-06-10,FIFA World Cup qualification,2025,Qualification,Bolivia,CONMEBOL,Chile,home,2,0,W,,,,,,,,,,,,,,"El Alto, Bolivia",,False,False,1715.7,1798.9,0.5241,1744.3,28.6
2025-09-04,FIFA World Cup qualification,2025,Qualification,Bolivia,CONMEBOL,Colombia,away,0,3,L,,,,,,,,,,,,,,"Barranquilla, Colombia",,False,False,1744.3,2027.4,0.0993,1737.3,-6.9
2025-09-09,FIFA World Cup qualification,2025,Qualification,Bolivia,CONMEBOL,Brazil,home,1,0,W,,,,,,,,,,,,,,"El Alto, Bolivia",,False,False,1737.3,2082.4,0.1961,1769.5,32.2
2025-10-10,Friendly,2025,Tournament/Friendly,Bolivia,CONMEBOL,Jordan,neutral,1,0,W,,,,,,,,,,,,,,"Istanbul, Turkey",,True,False,1769.5,1754.0,0.5222,1779.0,9.6
2025-10-14,Friendly,2025,Tournament/Friendly,Bolivia,CONMEBOL,Russia,away,0,3,L,,,,,,,,,,,,,,"Moscow, Russia",,False,False,1779.0,1862.4,0.2582,1770.0,-9.0
2025-11-14,Friendly,2025,Tournament/Friendly,Bolivia,CONMEBOL,South Korea,away,0,2,L,,,,,,,,,,,,,,"Daejeon, South Korea",,False,False,1770.0,1897.0,0.2131,1763.6,-6.4
2025-11-18,Kirin Cup,2025,Tournament/Friendly,Bolivia,CONMEBOL,Japan,away,0,3,L,,,,,,,,,,,,,,"Tokyo, Japan",,False,False,1763.6,1955.5,0.157,1758.1,-5.5
2026-01-18,Friendly,2026,Tournament/Friendly,Bolivia,CONMEBOL,Panama,home,1,1,D,,,,,,,,,,,,,,"Tarija, Bolivia",,False,False,1758.1,1870.5,0.4821,1758.5,0.4
2026-01-25,Friendly,2026,Tournament/Friendly,Bolivia,CONMEBOL,Mexico,home,0,1,L,,,,,,,,,,,,,,"Santa Cruz, Bolivia",,False,False,1758.5,1954.5,0.3651,1751.1,-7.3
2026-03-15,Friendly,2026,Tournament/Friendly,Bolivia,CONMEBOL,Trinidad and Tobago,home,3,0,W,,,,,,,,,,,,,,"Santa Cruz, Bolivia",,False,False,1751.1,1564.5,0.8389,1756.8,5.6
2026-03-26,FIFA World Cup qualification,2026,Qualification,Bolivia,CONMEBOL,Suriname,neutral,2,1,W,,,,,,,,,,,,,,"Guadalupe, Mexico",,True,False,1756.8,1603.0,0.7079,1768.5,11.7
2026-03-31,FIFA World Cup qualification,2026,Qualification,Bolivia,CONMEBOL,Iraq,neutral,1,2,L,,,,,,,,,,,,,,"Guadalupe, Mexico",,True,False,1768.5,1714.7,0.5768,1745.4,-23.1
2026-06-06,Friendly,2026,Tournament/Friendly,Bolivia,CONMEBOL,Scotland,neutral,0,4,L,,,,,,,,,,,,,,"Harrison, United States",,True,False,1745.4,1828.1,0.3832,1731.0,-14.4
2026-06-10,Friendly,2026,Tournament/Friendly,Bolivia,CONMEBOL,Algeria,neutral,0,4,L,,,,,,,,,,,,,,"Kansas City, United States",,True,False,1731.0,1872.4,0.307,1719.5,-11.5
2022-03-25,Friendly,2022,Tournament/Friendly,Bosnia & Herzegovina,UEFA,Georgia,home,0,1,L,,,,,,,,,,,,,,"Zenica, Bosnia and Herzegovina",,False,True,1648.5,1605.6,0.6948,1634.6,-13.9
2022-03-29,Friendly,2022,Tournament/Friendly,Bosnia & Herzegovina,UEFA,Luxembourg,home,1,0,W,,,,,,,,,,,,,,"Zenica, Bosnia and Herzegovina",,False,True,1634.6,1438.7,0.846,1637.7,3.1
2022-06-04,UEFA Nations League,2022,Tournament/Friendly,Bosnia & Herzegovina,UEFA,Finland,away,1,1,D,,,,,,,,,,,,,,"Helsinki, Finland",,False,True,1637.7,1746.6,0.231,1648.4,10.8
2022-06-07,UEFA Nations League,2022,Tournament/Friendly,Bosnia & Herzegovina,UEFA,Romania,home,1,0,W,,,,,,,,,,,,,,"Zenica, Bosnia and Herzegovina",,False,True,1648.4,1684.1,0.5915,1664.8,16.3
2022-06-11,UEFA Nations League,2022,Tournament/Friendly,Bosnia & Herzegovina,UEFA,Montenegro,away,1,1,D,,,,,,,,,,,,,,"Podgorica, Montenegro",,False,True,1664.8,1586.0,0.4694,1666.0,1.2
2022-06-14,UEFA Nations League,2022,Tournament/Friendly,Bosnia & Herzegovina,UEFA,Finland,home,3,2,W,,,,,,,,,,,,,,"Zenica, Bosnia and Herzegovina",,False,True,1666.0,1729.1,0.5528,1683.9,17.9
2022-09-23,UEFA Nations League,2022,Tournament/Friendly,Bosnia & Herzegovina,UEFA,Montenegro,home,1,0,W,,,,,,,,,,,,,,"Zenica, Bosnia and Herzegovina",,False,True,1683.9,1638.1,0.6982,1695.9,12.1
2022-09-26,UEFA Nations League,2022,Tournament/Friendly,Bosnia & Herzegovina,UEFA,Romania,away,1,4,L,,,,,,,,,,,,,,"Bucharest, Romania",,False,True,1695.9,1642.7,0.4331,1665.6,-30.3
2023-03-23,UEFA Euro qualification,2023,Qualification,Bosnia & Herzegovina,UEFA,Iceland,home,3,0,W,,,,,,,,,,,,,,"Zenica, Bosnia and Herzegovina",,False,True,1665.6,1592.1,0.7309,1684.5,18.8
2023-03-26,UEFA Euro qualification,2023,Qualification,Bosnia & Herzegovina,UEFA,Slovakia,away,0,2,L,,,,,,,,,,,,,,"Bratislava, Slovakia",,False,True,1684.5,1616.8,0.4536,1657.2,-27.2
2023-06-17,UEFA Euro qualification,2023,Qualification,Bosnia & Herzegovina,UEFA,Portugal,away,0,3,L,,,,,,,,,,,,,,"Lisbon, Portugal",,False,True,1657.2,2063.3,0.0515,1653.6,-3.6
2023-06-20,UEFA Euro qualification,2023,Qualification,Bosnia & Herzegovina,UEFA,Luxembourg,home,0,2,L,,,,,,,,,,,,,,"Zenica, Bosnia and Herzegovina",,False,True,1653.6,1478.7,0.8296,1603.9,-49.8
2023-09-08,UEFA Euro qualification,2023,Qualification,Bosnia & Herzegovina,UEFA,Liechtenstein,home,2,1,W,,,,,,,,,,,,,,"Zenica, Bosnia and Herzegovina",,False,True,1603.9,1027.9,0.98,1604.7,0.8
2023-09-11,UEFA Euro qualification,2023,Qualification,Bosnia & Herzegovina,UEFA,Iceland,away,0,1,L,,,,,,,,,,,,,,"Reykjavík, Iceland",,False,True,1604.7,1530.8,0.4624,1586.2,-18.5
2023-10-13,UEFA Euro qualification,2023,Qualification,Bosnia & Herzegovina,UEFA,Liechtenstein,away,2,0,W,,,,,,,,,,,,,,"Vaduz, Liechtenstein",,False,True,1586.2,1026.1,0.9339,1590.1,4.0
2023-10-16,UEFA Euro qualification,2023,Qualification,Bosnia & Herzegovina,UEFA,Portugal,home,0,5,L,,,,,,,,,,,,,,"Zenica, Bosnia and Herzegovina",,False,True,1590.1,2081.0,0.0954,1582.5,-7.6
2023-11-16,UEFA Euro qualification,2023,Qualification,Bosnia & Herzegovina,UEFA,Luxembourg,away,1,4,L,,,,,,,,,,,,,,"Luxembourg, Luxembourg",,False,True,1582.5,1535.4,0.4244,1552.8,-29.7
2023-11-19,UEFA Euro qualification,2023,Qualification,Bosnia & Herzegovina,UEFA,Slovakia,home,1,2,L,,,,,,,,,,,,,,"Zenica, Bosnia and Herzegovina",,False,True,1552.8,1692.9,0.4425,1535.1,-17.7
2024-03-21,UEFA Euro qualification,2024,Qualification,Bosnia & Herzegovina,UEFA,Ukraine,home,1,2,L,,,,,,,,,,,,,,"Zenica, Bosnia and Herzegovina",,False,True,1535.1,1894.9,0.1831,1527.8,-7.3
2024-06-03,Friendly,2024,Tournament/Friendly,Bosnia & Herzegovina,UEFA,England,away,0,3,L,,,,,,,,,,,,,,"Newcastle, England",,False,True,1527.8,2061.9,0.0253,1526.9,-0.9
2024-06-09,Friendly,2024,Tournament/Friendly,Bosnia & Herzegovina,UEFA,Italy,away,0,1,L,,,,,,,,,,,,,,"Empoli, Italy",,False,True,1526.9,2006.6,0.0343,1526.2,-0.7
2024-09-07,UEFA Nations League,2024,Tournament/Friendly,Bosnia & Herzegovina,UEFA,Netherlands,away,2,5,L,,,,,,,,,,,,,,"Eindhoven, Netherlands",,False,True,1526.2,2030.0,0.03,1524.1,-2.1
2024-09-10,UEFA Nations League,2024,Tournament/Friendly,Bosnia & Herzegovina,UEFA,Hungary,away,0,0,D,,,,,,,,,,,,,,"Budapest, Hungary",,False,True,1524.1,1837.1,0.0849,1540.7,16.6
2024-10-11,UEFA Nations League,2024,Tournament/Friendly,Bosnia & Herzegovina,UEFA,Germany,home,1,2,L,,,,,,,,,,,,,,"Zenica, Bosnia and Herzegovina",,False,True,1540.7,2017.0,0.1028,1536.6,-4.1
2024-10-14,UEFA Nations League,2024,Tournament/Friendly,Bosnia & Herzegovina,UEFA,Hungary,home,0,2,L,,,,,,,,,,,,,,"Zenica, Bosnia and Herzegovina",,False,True,1536.6,1826.4,0.2511,1521.5,-15.1
2024-11-16,UEFA Nations League,2024,Tournament/Friendly,Bosnia & Herzegovina,UEFA,Germany,away,0,7,L,,,,,,,,,,,,,,"Freiburg, Germany",,False,True,1521.5,2035.5,0.0284,1519.0,-2.6
2024-11-19,UEFA Nations League,2024,Tournament/Friendly,Bosnia & Herzegovina,UEFA,Netherlands,home,1,1,D,,,,,,,,,,,,,,"Zenica, Bosnia and Herzegovina",,False,True,1519.0,2018.7,0.0911,1535.3,16.4
2025-03-21,FIFA World Cup qualification,2025,Qualification,Bosnia & Herzegovina,UEFA,Romania,away,1,0,W,,,,,,,,,,,,,,"Bucharest, Romania",,False,True,1535.3,1775.5,0.1236,1570.4,35.1
2025-03-24,FIFA World Cup qualification,2025,Qualification,Bosnia & Herzegovina,UEFA,Cyprus,home,2,1,W,,,,,,,,,,,,,,"Zenica, Bosnia and Herzegovina",,False,True,1570.4,1355.9,0.8594,1576.0,5.6
2025-06-07,FIFA World Cup qualification,2025,Qualification,Bosnia & Herzegovina,UEFA,San Marino,home,1,0,W,,,,,,,,,,,,,,"Zenica, Bosnia and Herzegovina",,False,True,1576.0,928.5,0.9867,1576.5,0.5
2025-06-10,Friendly,2025,Tournament/Friendly,Bosnia & Herzegovina,UEFA,Slovenia,away,1,2,L,,,,,,,,,,,,,,"Celje, Slovenia",,False,True,1576.5,1800.6,0.1341,1573.9,-2.7
2025-09-06,FIFA World Cup qualification,2025,Qualification,Bosnia & Herzegovina,UEFA,San Marino,away,6,0,W,,,,,,,,,,,,,,"Serravalle, San Marino",,False,True,1573.9,927.5,0.9587,1577.4,3.5
2025-09-09,FIFA World Cup qualification,2025,Qualification,Bosnia & Herzegovina,UEFA,Austria,home,1,2,L,,,,,,,,,,,,,,"Zenica, Bosnia and Herzegovina",,False,True,1577.4,1899.0,0.2183,1568.6,-8.7
2025-10-09,FIFA World Cup qualification,2025,Qualification,Bosnia & Herzegovina,UEFA,Cyprus,away,2,2,D,,,,,,,,,,,,,,"Larnaca, Cyprus",,False,True,1568.6,1365.1,0.6448,1562.8,-5.8
2025-10-12,Friendly,2025,Tournament/Friendly,Bosnia & Herzegovina,UEFA,Malta,away,4,1,W,,,,,,,,,,,,,,"Ta' Qali, Malta",,False,True,1562.8,1309.4,0.7075,1573.1,10.2
2025-11-15,FIFA World Cup qualification,2025,Qualification,Bosnia & Herzegovina,UEFA,Romania,home,3,1,W,,,,,,,,,,,,,,"Zenica, Bosnia and Herzegovina",,False,True,1573.1,1736.1,0.4104,1608.5,35.4
2025-11-18,FIFA World Cup qualification,2025,Qualification,Bosnia & Herzegovina,UEFA,Austria,away,1,1,D,,,,,,,,,,,,,,"Vienna, Austria",,False,True,1608.5,1887.8,0.1012,1624.4,16.0
2026-03-26,FIFA World Cup qualification,2026,Qualification,Bosnia & Herzegovina,UEFA,Wales,away,1,1,D,,,,,,,,,,,,,,"Cardiff, Wales",,False,True,1624.4,1773.7,0.1923,1636.7,12.3
2026-03-31,FIFA World Cup qualification,2026,Qualification,Bosnia & Herzegovina,UEFA,Italy,home,1,1,D,,,,,,,,,,,,,,"Zenica, Bosnia and Herzegovina",,False,True,1636.7,1924.0,0.2539,1646.6,9.8
2026-05-29,Friendly,2026,Tournament/Friendly,Bosnia & Herzegovina,UEFA,North Macedonia,home,0,0,D,,,,,,,,,,,,,,"Sarajevo, Bosnia and Herzegovina",,False,True,1646.6,1647.7,0.6386,1643.8,-2.8
2026-06-06,Friendly,2026,Tournament/Friendly,Bosnia & Herzegovina,UEFA,Panama,neutral,1,1,D,,,,,,,,,,,,,,"St. Louis, United States",,True,True,1643.8,1860.3,0.2233,1649.3,5.5
2022-01-27,FIFA World Cup qualification,2022,Qualification,Brazil,CONMEBOL,Ecuador,away,1,1,D,,,,,,,,,,,,,,"Quito, Ecuador",,False,True,2207.8,1915.9,0.7511,2197.8,-10.0
2022-02-01,FIFA World Cup qualification,2022,Qualification,Brazil,CONMEBOL,Paraguay,home,4,0,W,,,,,,,,,,,,,,"Belo Horizonte, Brazil",,False,True,2197.8,1773.7,0.9533,2201.3,3.5
2022-03-24,FIFA World Cup qualification,2022,Qualification,Brazil,CONMEBOL,Chile,home,4,0,W,,,,,,,,,,,,,,"Rio de Janeiro, Brazil",,False,True,2201.3,1871.3,0.9224,2207.1,5.8
2022-03-29,FIFA World Cup qualification,2022,Qualification,Brazil,CONMEBOL,Bolivia,away,4,0,W,,,,,,,,,,,,,,"La Paz, Bolivia",,False,True,2207.1,1701.3,0.9118,2213.7,6.6
2022-06-02,Friendly,2022,Tournament/Friendly,Brazil,CONMEBOL,South Korea,away,5,1,W,,,,,,,,,,,,,,"Seoul, South Korea",,False,True,2213.7,1894.8,0.7791,2222.0,8.3
2022-06-06,Friendly,2022,Tournament/Friendly,Brazil,CONMEBOL,Japan,away,1,0,W,,,,,,,,,,,,,,"Tokyo, Japan",,False,True,2222.0,1907.4,0.7748,2226.5,4.5
2022-09-23,Friendly,2022,Tournament/Friendly,Brazil,CONMEBOL,Ghana,neutral,3,0,W,,,,,,,,,,,,,,"Le Havre, France",,True,True,2226.5,1649.4,0.9652,2227.7,1.2
2022-09-27,Friendly,2022,Tournament/Friendly,Brazil,CONMEBOL,Tunisia,neutral,5,1,W,,,,,,,,,,,,,,"Paris, France",,True,True,2227.7,1775.2,0.9312,2230.3,2.6
2022-11-24,FIFA World Cup,2022,Tournament/Friendly,Brazil,CONMEBOL,Serbia,neutral,2,0,W,,,,,,,,,,,,,,"Lusail, Qatar",,True,True,2230.3,1948.1,0.8354,2245.1,14.8
2022-11-28,FIFA World Cup,2022,Tournament/Friendly,Brazil,CONMEBOL,Switzerland,neutral,1,0,W,,,,,,,,,,,,,,"Doha, Qatar",,True,True,2245.1,1974.5,0.826,2255.6,10.4
2022-12-02,FIFA World Cup,2022,Tournament/Friendly,Brazil,CONMEBOL,Cameroon,neutral,0,1,L,,,,,,,,,,,,,,"Lusail, Qatar",,True,True,2255.6,1723.7,0.9553,2198.2,-57.3
2022-12-05,FIFA World Cup,2022,Tournament/Friendly,Brazil,CONMEBOL,South Korea,neutral,4,1,W,,,,,,,,,,,,,,"Doha, Qatar",,True,True,2198.2,1897.5,0.8496,2214.0,15.8
2022-12-09,FIFA World Cup,2022,Tournament/Friendly,Brazil,CONMEBOL,Croatia,neutral,1,1,D,,,,,,,,,,,,,,"Al Rayyan, Qatar",,True,True,2214.0,2000.4,0.7738,2197.6,-16.4
2023-03-25,Friendly,2023,Tournament/Friendly,Brazil,CONMEBOL,Morocco,away,1,2,L,,,,,,,,,,,,,,"Tangier, Morocco",,False,True,2197.6,1946.3,0.705,2183.5,-14.1
2023-06-17,Friendly,2023,Tournament/Friendly,Brazil,CONMEBOL,Guinea,neutral,4,1,W,,,,,,,,,,,,,,"Barcelona, Spain",,True,True,2183.5,1538.3,0.9762,2184.3,0.8
2023-06-20,Friendly,2023,Tournament/Friendly,Brazil,CONMEBOL,Senegal,neutral,2,4,L,,,,,,,,,,,,,,"Lisbon, Portugal",,True,True,2184.3,1851.5,0.8717,2158.2,-26.2
2023-09-08,FIFA World Cup qualification,2023,Qualification,Brazil,CONMEBOL,Bolivia,home,5,1,W,,,,,,,,,,,,,,"Belém, Brazil",,False,True,2158.2,1672.5,0.9668,2160.7,2.5
2023-09-12,FIFA World Cup qualification,2023,Qualification,Brazil,CONMEBOL,Peru,away,1,0,W,,,,,,,,,,,,,,"Lima, Peru",,False,True,2160.7,1916.6,0.6963,2172.8,12.1
2023-10-12,FIFA World Cup qualification,2023,Qualification,Brazil,CONMEBOL,Venezuela,home,1,1,D,,,,,,,,,,,,,,"Cuiabá, Brazil",,False,True,2172.8,1786.7,0.9426,2155.1,-17.7
2023-10-17,FIFA World Cup qualification,2023,Qualification,Brazil,CONMEBOL,Uruguay,away,0,2,L,,,,,,,,,,,,,,"Montevideo, Uruguay",,False,True,2155.1,1990.5,0.592,2119.6,-35.5
2023-11-16,FIFA World Cup qualification,2023,Qualification,Brazil,CONMEBOL,Colombia,away,1,2,L,,,,,,,,,,,,,,"Barranquilla, Colombia",,False,True,2119.6,2013.5,0.5088,2099.3,-20.4
2023-11-21,FIFA World Cup qualification,2023,Qualification,Brazil,CONMEBOL,Argentina,home,0,1,L,,,,,,,,,,,,,,"Rio de Janeiro, Brazil",,False,True,2099.3,2180.3,0.5272,2078.2,-21.1
2024-03-23,Friendly,2024,Tournament/Friendly,Brazil,CONMEBOL,England,away,1,0,W,,,,,,,,,,,,,,"London, England",,False,True,2078.2,2078.1,0.3601,2091.0,12.8
2024-03-26,Friendly,2024,Tournament/Friendly,Brazil,CONMEBOL,Spain,away,3,3,D,,,,,,,,,,,,,,"Madrid, Spain",,False,True,2091.0,2075.8,0.3803,2093.4,2.4
2024-06-08,Friendly,2024,Tournament/Friendly,Brazil,CONMEBOL,Mexico,neutral,3,2,W,,,,,,,,,,,,,,"College Station, United States",,True,True,2093.4,1902.1,0.7504,2098.4,5.0
2024-06-12,Friendly,2024,Tournament/Friendly,Brazil,CONMEBOL,USA,away,1,1,D,,,,,,,,,,,,,,"Orlando, United States",,False,True,2098.4,1887.1,0.6549,2095.3,-3.1
2024-06-24,Copa América,2024,Tournament/Friendly,Brazil,CONMEBOL,Costa Rica,neutral,0,0,D,,,,,,,,,,,,,,"Inglewood, United States",,True,True,2095.3,1734.1,0.8888,2075.8,-19.4
2024-06-28,Copa América,2024,Tournament/Friendly,Brazil,CONMEBOL,Paraguay,neutral,4,1,W,,,,,,,,,,,,,,"Las Vegas, United States",,True,True,2075.8,1777.0,0.8482,2089.1,13.3
2024-07-02,Copa América,2024,Tournament/Friendly,Brazil,CONMEBOL,Colombia,neutral,1,1,D,,,,,,,,,,,,,,"Santa Clara, United States",,True,True,2089.1,2102.6,0.4806,2090.1,1.0
2024-07-06,Copa América,2024,Tournament/Friendly,Brazil,CONMEBOL,Uruguay,neutral,0,0,D,,,,,,,,,,,,,,"Las Vegas, United States",,True,True,2090.1,2103.9,0.4801,2091.1,1.0
2024-09-06,FIFA World Cup qualification,2024,Qualification,Brazil,CONMEBOL,Ecuador,home,1,0,W,,,,,,,,,,,,,,"Curitiba, Brazil",,False,True,2091.1,1955.7,0.7949,2099.3,8.2
2024-09-10,FIFA World Cup qualification,2024,Qualification,Brazil,CONMEBOL,Paraguay,away,0,1,L,,,,,,,,,,,,,,"Asunción, Paraguay",,False,True,2099.3,1753.9,0.8042,2067.1,-32.2
2024-10-10,FIFA World Cup qualification,2024,Qualification,Brazil,CONMEBOL,Chile,away,2,1,W,,,,,,,,,,,,,,"Santiago, Chile",,False,True,2067.1,1771.7,0.7549,2076.9,9.8
2024-10-15,FIFA World Cup qualification,2024,Qualification,Brazil,CONMEBOL,Peru,home,4,0,W,,,,,,,,,,,,,,"Brasília, Brazil",,False,True,2076.9,1821.0,0.8858,2085.5,8.6
2024-11-14,FIFA World Cup qualification,2024,Qualification,Brazil,CONMEBOL,Venezuela,away,1,1,D,,,,,,,,,,,,,,"Maturín, Venezuela",,False,True,2085.5,1853.7,0.681,2078.2,-7.2
2024-11-19,FIFA World Cup qualification,2024,Qualification,Brazil,CONMEBOL,Uruguay,home,1,1,D,,,,,,,,,,,,,,"Salvador, Brazil",,False,True,2078.2,2018.5,0.715,2069.6,-8.6
2025-03-20,FIFA World Cup qualification,2025,Qualification,Brazil,CONMEBOL,Colombia,home,2,1,W,,,,,,,,,,,,,,"Brasília, Brazil",,False,True,2069.6,2054.9,0.6594,2083.3,13.6
2025-03-25,FIFA World Cup qualification,2025,Qualification,Brazil,CONMEBOL,Argentina,away,1,4,L,,,,,,,,,,,,,,"Buenos Aires, Argentina",,False,True,2083.3,2196.2,0.2269,2067.4,-15.9
2025-06-05,FIFA World Cup qualification,2025,Qualification,Brazil,CONMEBOL,Ecuador,away,0,0,D,,,,,,,,,,,,,,"Guayaquil, Ecuador",,False,True,2067.4,1994.8,0.4605,2069.0,1.6
2025-06-10,FIFA World Cup qualification,2025,Qualification,Brazil,CONMEBOL,Paraguay,home,1,0,W,,,,,,,,,,,,,,"São Paulo, Brazil",,False,True,2069.0,1908.1,0.8178,2076.2,7.3
2025-09-04,FIFA World Cup qualification,2025,Qualification,Brazil,CONMEBOL,Chile,home,3,0,W,,,,,,,,,,,,,,"Rio de Janeiro, Brazil",,False,True,2076.2,1770.4,0.9118,2082.4,6.2
2025-09-09,FIFA World Cup qualification,2025,Qualification,Brazil,CONMEBOL,Bolivia,away,0,1,L,,,,,,,,,,,,,,"El Alto, Bolivia",,False,True,2082.4,1737.3,0.8039,2050.3,-32.2
2025-10-10,Friendly,2025,Tournament/Friendly,Brazil,CONMEBOL,South Korea,away,5,0,W,,,,,,,,,,,,,,"Seoul, South Korea",,False,True,2050.3,1901.8,0.5693,2067.5,17.2
2025-10-14,Kirin Cup,2025,Tournament/Friendly,Brazil,CONMEBOL,Japan,away,2,3,L,,,,,,,,,,,,,,"Tokyo, Japan",,False,True,2067.5,1942.4,0.5361,2056.8,-10.7
2025-11-15,Friendly,2025,Tournament/Friendly,Brazil,CONMEBOL,Senegal,neutral,2,0,W,,,,,,,,,,,,,,"London, England",,True,True,2056.8,1921.5,0.6853,2066.2,9.4
2025-11-18,Friendly,2025,Tournament/Friendly,Brazil,CONMEBOL,Tunisia,neutral,1,1,D,,,,,,,,,,,,,,"Lille, France",,True,True,2066.2,1751.9,0.8593,2059.0,-7.2
2026-03-26,Friendly,2026,Tournament/Friendly,Brazil,CONMEBOL,France,neutral,1,2,L,,,,,,,,,,,,,,"Foxborough, United States",,True,True,2059.0,2119.3,0.4141,2050.7,-8.3
2026-03-31,Friendly,2026,Tournament/Friendly,Brazil,CONMEBOL,Croatia,neutral,3,1,W,,,,,,,,,,,,,,"Orlando, United States",,True,True,2050.7,1998.3,0.5749,2063.5,12.8
2026-05-31,Friendly,2026,Tournament/Friendly,Brazil,CONMEBOL,Panama,home,6,2,W,,,,,,,,,,,,,,"Rio de Janeiro, Brazil",,False,True,2063.5,1864.2,0.8485,2069.2,5.7
2026-06-06,Friendly,2026,Tournament/Friendly,Brazil,CONMEBOL,Egypt,neutral,2,1,W,,,,,,,,,,,,,,"Cleveland, United States",,True,True,2069.2,1813.9,0.813,2072.9,3.7
2022-01-09,African Cup of Nations,2022,Tournament/Friendly,Cameroon,CAF,Burkina Faso,home,2,1,W,,,,,,,,,,,,,,"Yaoundé, Cameroon",,False,False,1715.4,1680.0,0.6856,1731.1,15.7
2022-01-13,African Cup of Nations,2022,Tournament/Friendly,Cameroon,CAF,Ethiopia,home,4,1,W,,,,,,,,,,,,,,"Yaoundé, Cameroon",,False,False,1731.1,1455.0,0.8971,1740.1,9.0
2022-01-17,African Cup of Nations,2022,Tournament/Friendly,Cameroon,CAF,Cape Verde,home,1,1,D,,,,,,,,,,,,,,"Yaoundé, Cameroon",,False,False,1740.1,1578.5,0.8185,1724.2,-15.9
2022-01-24,African Cup of Nations,2022,Tournament/Friendly,Cameroon,CAF,Comoros,home,2,1,W,,,,,,,,,,,,,,"Yaoundé, Cameroon",,False,False,1724.2,1405.2,0.9177,1728.3,4.1
2022-01-29,African Cup of Nations,2022,Tournament/Friendly,Cameroon,CAF,Gambia,home,2,0,W,,,,,,,,,,,,,,"Douala, Cameroon",,False,False,1728.3,1569.0,0.8165,1742.1,13.8
2022-02-03,African Cup of Nations,2022,Tournament/Friendly,Cameroon,CAF,Egypt,home,0,0,D,,,,,,,,,,,,,,"Yaoundé, Cameroon",,False,False,1742.1,1787.7,0.5776,1738.2,-3.9
2022-02-05,African Cup of Nations,2022,Tournament/Friendly,Cameroon,CAF,Burkina Faso,home,3,3,D,,,,,,,,,,,,,,"Yaoundé, Cameroon",,False,False,1738.2,1667.9,0.7272,1726.9,-11.4
2022-03-25,FIFA World Cup qualification,2022,Qualification,Cameroon,CAF,Algeria,home,0,1,L,,,,,,,,,,,,,,"Douala, Cameroon",,False,False,1726.9,1794.2,0.5469,1705.0,-21.9
2022-03-29,FIFA World Cup qualification,2022,Qualification,Cameroon,CAF,Algeria,away,2,1,W,,,,,,,,,,,,,,"Blida, Algeria",,False,False,1705.0,1816.1,0.2288,1735.8,30.8
2022-06-09,African Cup of Nations qualification,2022,Qualification,Cameroon,CAF,Burundi,neutral,1,0,W,,,,,,,,,,,,,,"Dar es Salaam, Tanzania",,True,False,1735.8,1448.5,0.8394,1742.2,6.4
2022-09-23,Friendly,2022,Tournament/Friendly,Cameroon,CAF,Uzbekistan,neutral,0,2,L,,,,,,,,,,,,,,"Goyang, South Korea",,True,False,1742.2,1675.8,0.5945,1724.4,-17.8
2022-09-27,Friendly,2022,Tournament/Friendly,Cameroon,CAF,South Korea,away,0,1,L,,,,,,,,,,,,,,"Seoul, South Korea",,False,False,1724.4,1880.2,0.1865,1720.7,-3.7
2022-11-09,Friendly,2022,Tournament/Friendly,Cameroon,CAF,Jamaica,home,1,1,D,,,,,,,,,,,,,,"Yaoundé, Cameroon",,False,False,1720.7,1672.1,0.7017,1716.7,-4.0
2022-11-18,Friendly,2022,Tournament/Friendly,Cameroon,CAF,Panama,neutral,1,1,D,,,,,,,,,,,,,,"Abu Dhabi, United Arab Emirates",,True,False,1716.7,1774.4,0.4177,1718.3,1.6
2022-11-24,FIFA World Cup,2022,Tournament/Friendly,Cameroon,CAF,Switzerland,neutral,0,1,L,,,,,,,,,,,,,,"Al Wakrah, Qatar",,True,False,1718.3,1962.7,0.1967,1706.5,-11.8
2022-11-28,FIFA World Cup,2022,Tournament/Friendly,Cameroon,CAF,Serbia,neutral,3,3,D,,,,,,,,,,,,,,"Al Wakrah, Qatar",,True,False,1706.5,1933.3,0.2132,1723.7,17.2
2022-12-02,FIFA World Cup,2022,Tournament/Friendly,Cameroon,CAF,Brazil,neutral,1,0,W,,,,,,,,,,,,,,"Lusail, Qatar",,True,False,1723.7,2255.6,0.0447,1781.0,57.3
2023-03-24,African Cup of Nations qualification,2023,Qualification,Cameroon,CAF,Namibia,home,1,1,D,,,,,,,,,,,,,,"Yaoundé, Cameroon",,False,False,1781.0,1502.2,0.8985,1765.1,-15.9
2023-03-28,African Cup of Nations qualification,2023,Qualification,Cameroon,CAF,Namibia,neutral,1,2,L,,,,,,,,,,,,,,"Soweto, South Africa",,True,False,1765.1,1518.1,0.8056,1732.9,-32.2
2023-06-10,Friendly,2023,Tournament/Friendly,Cameroon,CAF,Mexico,neutral,2,2,D,,,,,,,,,,,,,,"San Diego, United States",,True,False,1732.9,1907.5,0.2679,1737.5,4.6
2023-09-12,African Cup of Nations qualification,2023,Qualification,Cameroon,CAF,Burundi,home,3,0,W,,,,,,,,,,,,,,"Garoua, Cameroon",,False,False,1737.5,1456.1,0.8998,1744.5,7.0
2023-10-12,Friendly,2023,Tournament/Friendly,Cameroon,CAF,Russia,away,0,1,L,,,,,,,,,,,,,,"Moscow, Russia",,False,False,1744.5,1817.1,0.2702,1739.1,-5.4
2023-10-16,Friendly,2023,Tournament/Friendly,Cameroon,CAF,Senegal,neutral,0,1,L,,,,,,,,,,,,,,"Lens, France",,True,False,1739.1,1846.9,0.3497,1732.1,-7.0
2023-11-17,FIFA World Cup qualification,2023,Qualification,Cameroon,CAF,Mauritius,home,3,0,W,,,,,,,,,,,,,,"Douala, Cameroon",,False,False,1732.1,1213.4,0.9724,1734.0,1.9
2023-11-21,FIFA World Cup qualification,2023,Qualification,Cameroon,CAF,Libya,away,1,1,D,,,,,,,,,,,,,,"Benghazi, Libya",,False,False,1734.0,1465.3,0.7253,1725.0,-9.0
2024-01-09,Friendly,2024,Tournament/Friendly,Cameroon,CAF,Zambia,neutral,1,1,D,,,,,,,,,,,,,,"Jeddah, Saudi Arabia",,True,False,1725.0,1607.6,0.6629,1721.8,-3.3
2024-01-15,African Cup of Nations,2024,Tournament/Friendly,Cameroon,CAF,Guinea,neutral,1,1,D,,,,,,,,,,,,,,"Yamoussoukro, Ivory Coast",,True,False,1721.8,1563.3,0.7134,1711.1,-10.7
2024-01-19,African Cup of Nations,2024,Tournament/Friendly,Cameroon,CAF,Senegal,neutral,1,3,L,,,,,,,,,,,,,,"Yamoussoukro, Ivory Coast",,True,False,1711.1,1855.0,0.304,1688.3,-22.8
2024-01-23,African Cup of Nations,2024,Tournament/Friendly,Cameroon,CAF,Gambia,neutral,3,2,W,,,,,,,,,,,,,,"Bouaké, Ivory Coast",,True,False,1688.3,1484.8,0.7634,1700.1,11.8
2024-01-27,African Cup of Nations,2024,Tournament/Friendly,Cameroon,CAF,Nigeria,neutral,0,2,L,,,,,,,,,,,,,,"Abidjan, Ivory Coast",,True,False,1700.1,1707.3,0.4897,1663.4,-36.7
2024-06-08,FIFA World Cup qualification,2024,Qualification,Cameroon,CAF,Cape Verde,home,4,1,W,,,,,,,,,,,,,,"Yaoundé, Cameroon",,False,False,1663.4,1686.0,0.6095,1690.7,27.3
2024-06-11,FIFA World Cup qualification,2024,Qualification,Cameroon,CAF,Angola,away,1,1,D,,,,,,,,,,,,,,"Luanda, Angola",,False,False,1690.7,1632.9,0.4396,1693.2,2.4
2024-09-07,African Cup of Nations qualification,2024,Qualification,Cameroon,CAF,Namibia,home,1,0,W,,,,,,,,,,,,,,"Douala, Cameroon",,False,False,1693.2,1544.8,0.8069,1700.9,7.7
2024-09-10,African Cup of Nations qualification,2024,Qualification,Cameroon,CAF,Zimbabwe,neutral,0,0,D,,,,,,,,,,,,,,"Kampala, Uganda",,True,False,1700.9,1415.2,0.8382,1687.4,-13.5
2024-10-11,African Cup of Nations qualification,2024,Qualification,Cameroon,CAF,Kenya,home,4,1,W,,,,,,,,,,,,,,"Douala, Cameroon",,False,False,1687.4,1505.3,0.8353,1698.9,11.5
2024-10-14,African Cup of Nations qualification,2024,Qualification,Cameroon,CAF,Kenya,neutral,1,0,W,,,,,,,,,,,,,,"Kampala, Uganda",,True,False,1698.9,1493.8,0.7651,1708.3,9.4
2024-11-13,African Cup of Nations qualification,2024,Qualification,Cameroon,CAF,Namibia,neutral,0,0,D,,,,,,,,,,,,,,"Johannesburg, South Africa",,True,False,1708.3,1456.0,0.8103,1695.9,-12.4
2024-11-19,African Cup of Nations qualification,2024,Qualification,Cameroon,CAF,Zimbabwe,home,2,1,W,,,,,,,,,,,,,,"Yaoundé, Cameroon",,False,False,1695.9,1486.4,0.8558,1701.6,5.8
2025-03-19,FIFA World Cup qualification,2025,Qualification,Cameroon,CAF,Eswatini,neutral,0,0,D,,,,,,,,,,,,,,"Mbombela, South Africa",,True,False,1701.6,1314.1,0.903,1685.5,-16.1
2025-03-25,FIFA World Cup qualification,2025,Qualification,Cameroon,CAF,Libya,home,3,1,W,,,,,,,,,,,,,,"Yaoundé, Cameroon",,False,False,1685.5,1507.5,0.8321,1695.6,10.1
2025-06-06,Friendly,2025,Tournament/Friendly,Cameroon,CAF,Uganda,neutral,3,0,W,,,,,,,,,,,,,,"Marrakesh, Morocco",,True,False,1695.6,1509.8,0.7445,1704.5,8.9
2025-06-09,Friendly,2025,Tournament/Friendly,Cameroon,CAF,Equatorial Guinea,neutral,1,1,D,,,,,,,,,,,,,,"Marrakesh, Morocco",,True,False,1704.5,1551.9,0.7066,1700.4,-4.1
2025-09-04,FIFA World Cup qualification,2025,Qualification,Cameroon,CAF,Eswatini,home,3,0,W,,,,,,,,,,,,,,"Yaoundé, Cameroon",,False,False,1700.4,1323.1,0.9398,1704.6,4.2
2025-09-09,FIFA World Cup qualification,2025,Qualification,Cameroon,CAF,Cape Verde,away,0,1,L,,,,,,,,,,,,,,"Praia, Cape Verde",,False,False,1704.6,1638.1,0.4519,1686.5,-18.1
2025-10-08,FIFA World Cup qualification,2025,Qualification,Cameroon,CAF,Mauritius,away,2,0,W,,,,,,,,,,,,,,"Saint Pierre, Mauritius",,False,False,1686.5,1196.0,0.9045,1692.3,5.7
2025-10-13,FIFA World Cup qualification,2025,Qualification,Cameroon,CAF,Angola,home,0,0,D,,,,,,,,,,,,,,"Yaoundé, Cameroon",,False,False,1692.3,1586.7,0.7656,1681.6,-10.6
2025-11-13,FIFA World Cup qualification,2025,Qualification,Cameroon,CAF,DR Congo,neutral,0,1,L,,,,,,,,,,,,,,"Rabat, Morocco",,True,False,1681.6,1711.8,0.4567,1663.4,-18.3
2025-12-24,African Cup of Nations,2025,Tournament/Friendly,Cameroon,CAF,Gabon,neutral,1,0,W,,,,,,,,,,,,,,"Agadir, Morocco",,True,False,1663.4,1584.6,0.6114,1682.8,19.4
2025-12-28,African Cup of Nations,2025,Tournament/Friendly,Cameroon,CAF,Ivory Coast,neutral,1,1,D,,,,,,,,,,,,,,"Marrakesh, Morocco",,True,False,1682.8,1739.6,0.419,1686.9,4.0
2025-12-31,African Cup of Nations,2025,Tournament/Friendly,Cameroon,CAF,Mozambique,neutral,2,1,W,,,,,,,,,,,,,,"Agadir, Morocco",,True,False,1686.9,1531.1,0.7103,1701.3,14.5
2026-01-04,African Cup of Nations,2026,Tournament/Friendly,Cameroon,CAF,South Africa,neutral,2,1,W,,,,,,,,,,,,,,"Rabat, Morocco",,True,False,1701.3,1688.1,0.5191,1725.4,24.0
2026-01-09,African Cup of Nations,2026,Tournament/Friendly,Cameroon,CAF,Morocco,away,0,2,L,,,,,,,,,,,,,,"Rabat, Morocco",,False,False,1725.4,1942.0,0.1391,1715.0,-10.4
2026-03-27,FIFA Series,2026,Tournament/Friendly,Cameroon,CAF,Australia,away,0,1,L,,,,,,,,,,,,,,"Sydney, Australia",,False,False,1715.0,1895.9,0.1656,1711.6,-3.3
2026-03-31,FIFA Series,2026,Tournament/Friendly,Cameroon,CAF,China,neutral,2,0,W,,,,,,,,,,,,,,"Melbourne, Australia",,True,False,1711.6,1548.6,0.7188,1720.1,8.4
2022-01-27,FIFA World Cup qualification,2022,Qualification,Canada,CONCACAF,Honduras,away,2,0,W,,,,,,,,,,,,,,"San Pedro Sula, Honduras",,False,True,1910.0,1606.9,0.763,1924.2,14.2
2022-01-30,FIFA World Cup qualification,2022,Qualification,Canada,CONCACAF,USA,home,2,0,W,,,,,,,,,,,,,,"Hamilton, Canada",,False,True,1924.2,1971.2,0.5757,1949.6,25.5
2022-02-02,FIFA World Cup qualification,2022,Qualification,Canada,CONCACAF,El Salvador,away,2,0,W,,,,,,,,,,,,,,"San Salvador, El Salvador",,False,True,1949.6,1665.7,0.7425,1965.1,15.5
2022-03-24,FIFA World Cup qualification,2022,Qualification,Canada,CONCACAF,Costa Rica,away,0,1,L,,,,,,,,,,,,,,"San José, Costa Rica",,False,True,1965.1,1784.2,0.6143,1940.5,-24.6
2022-03-27,FIFA World Cup qualification,2022,Qualification,Canada,CONCACAF,Jamaica,home,4,0,W,,,,,,,,,,,,,,"Toronto, Canada",,False,True,1940.5,1653.5,0.9027,1947.8,7.3
2022-03-30,FIFA World Cup qualification,2022,Qualification,Canada,CONCACAF,Panama,away,0,1,L,,,,,,,,,,,,,,"Panama City, Panama",,False,True,1947.8,1718.6,0.6778,1920.7,-27.1
2022-06-09,CONCACAF Nations League,2022,Tournament/Friendly,Canada,CONCACAF,Curaçao,home,4,0,W,,,,,,,,,,,,,,"Vancouver, Canada",,False,True,1920.7,1550.4,0.9375,1925.4,4.7
2022-06-13,CONCACAF Nations League,2022,Tournament/Friendly,Canada,CONCACAF,Honduras,away,1,2,L,,,,,,,,,,,,,,"San Pedro Sula, Honduras",,False,True,1925.4,1547.2,0.8322,1892.1,-33.3
2022-09-23,Friendly,2022,Tournament/Friendly,Canada,CONCACAF,Qatar,neutral,2,0,W,,,,,,,,,,,,,,"Vienna, Austria",,True,True,1892.1,1763.0,0.6777,1901.8,9.7
2022-09-27,Friendly,2022,Tournament/Friendly,Canada,CONCACAF,Uruguay,neutral,0,2,L,,,,,,,,,,,,,,"Bratislava, Slovakia",,True,True,1901.8,1996.5,0.3669,1890.8,-11.0
2022-11-11,Friendly,2022,Tournament/Friendly,Canada,CONCACAF,Bahrain,away,2,2,D,,,,,,,,,,,,,,"Isa Town, Bahrain",,False,True,1890.8,1628.7,0.7177,1886.4,-4.4
2022-11-17,Friendly,2022,Tournament/Friendly,Canada,CONCACAF,Japan,neutral,2,1,W,,,,,,,,,,,,,,"Dubai, United Arab Emirates",,True,True,1886.4,1913.7,0.4608,1897.2,10.8
2022-11-23,FIFA World Cup,2022,Tournament/Friendly,Canada,CONCACAF,Belgium,neutral,0,1,L,,,,,,,,,,,,,,"Al Rayyan, Qatar",,True,True,1897.2,2063.1,0.2778,1880.5,-16.7
2022-11-27,FIFA World Cup,2022,Tournament/Friendly,Canada,CONCACAF,Croatia,neutral,1,4,L,,,,,,,,,,,,,,"Al Rayyan, Qatar",,True,True,1880.5,1964.6,0.3813,1840.5,-40.0
2022-12-01,FIFA World Cup,2022,Tournament/Friendly,Canada,CONCACAF,Morocco,neutral,1,2,L,,,,,,,,,,,,,,"Doha, Qatar",,True,True,1840.5,1937.6,0.3637,1818.7,-21.8
2023-03-25,CONCACAF Nations League,2023,Tournament/Friendly,Canada,CONCACAF,Curaçao,away,2,0,W,,,,,,,,,,,,,,"Willemstad, Curaçao",,False,True,1818.7,1523.7,0.7544,1833.4,14.7
2023-03-28,CONCACAF Nations League,2023,Tournament/Friendly,Canada,CONCACAF,Honduras,home,4,1,W,,,,,,,,,,,,,,"Toronto, Canada",,False,True,1833.4,1599.8,0.8722,1842.3,8.9
2023-06-15,CONCACAF Nations League,2023,Tournament/Friendly,Canada,CONCACAF,Panama,neutral,2,0,W,,,,,,,,,,,,,,"Las Vegas, United States",,True,True,1842.3,1798.1,0.5634,1868.5,26.2
2023-06-18,CONCACAF Nations League,2023,Tournament/Friendly,Canada,CONCACAF,USA,away,0,2,L,,,,,,,,,,,,,,"Las Vegas, United States",,False,True,1868.5,1925.5,0.2883,1851.2,-17.3
2023-06-27,Gold Cup,2023,Tournament/Friendly,Canada,CONCACAF,Guadeloupe,home,2,2,D,,,,,,,,,,,,,,"Toronto, Canada",,False,True,1851.2,1451.9,0.9466,1828.9,-22.3
2023-07-01,Gold Cup,2023,Tournament/Friendly,Canada,CONCACAF,Guatemala,neutral,0,0,D,,,,,,,,,,,,,,"Houston, United States",,True,True,1828.9,1640.8,0.747,1816.6,-12.4
2023-07-04,Gold Cup,2023,Tournament/Friendly,Canada,CONCACAF,Cuba,neutral,4,2,W,,,,,,,,,,,,,,"Houston, United States",,True,True,1816.6,1426.6,0.9042,1823.7,7.2
2023-07-09,Gold Cup,2023,Tournament/Friendly,Canada,CONCACAF,USA,away,2,2,D,,,,,,,,,,,,,,"Cincinnati, United States",,False,True,1823.7,1931.5,0.2322,1837.1,13.4
2023-10-13,Friendly,2023,Tournament/Friendly,Canada,CONCACAF,Japan,away,1,4,L,,,,,,,,,,,,,,"Niigata, Japan",,False,True,1837.1,1985.3,0.1933,1830.4,-6.8
2023-11-18,CONCACAF Nations League,2023,Tournament/Friendly,Canada,CONCACAF,Jamaica,away,2,1,W,,,,,,,,,,,,,,"Kingston, Jamaica",,False,True,1830.4,1738.0,0.4891,1850.8,20.4
2023-11-21,CONCACAF Nations League,2023,Tournament/Friendly,Canada,CONCACAF,Jamaica,home,2,3,L,,,,,,,,,,,,,,"Toronto, Canada",,False,True,1850.8,1717.5,0.793,1819.1,-31.7
2024-03-23,Copa América qualification,2024,Qualification,Canada,CONCACAF,Trinidad and Tobago,neutral,2,0,W,,,,,,,,,,,,,,"Frisco, United States",,True,True,1819.1,1589.6,0.7893,1831.7,12.6
2024-06-06,Friendly,2024,Tournament/Friendly,Canada,CONCACAF,Netherlands,away,0,4,L,,,,,,,,,,,,,,"Rotterdam, Netherlands",,False,True,1831.7,2039.2,0.1456,1826.3,-5.5
2024-06-09,Friendly,2024,Tournament/Friendly,Canada,CONCACAF,France,away,0,0,D,,,,,,,,,,,,,,"Bordeaux, France",,False,True,1826.3,2144.1,0.0828,1834.6,8.3
2024-06-20,Copa América,2024,Tournament/Friendly,Canada,CONCACAF,Argentina,neutral,0,2,L,,,,,,,,,,,,,,"Atlanta, United States",,True,True,1834.6,2208.9,0.1039,1826.8,-7.8
2024-06-25,Copa América,2024,Tournament/Friendly,Canada,CONCACAF,Peru,neutral,1,0,W,,,,,,,,,,,,,,"Kansas City, United States",,True,True,1826.8,1819.6,0.5104,1851.3,24.5
2024-06-29,Copa América,2024,Tournament/Friendly,Canada,CONCACAF,Chile,neutral,0,0,D,,,,,,,,,,,,,,"Orlando, United States",,True,True,1851.3,1802.5,0.5698,1847.8,-3.5
2024-07-05,Copa América,2024,Tournament/Friendly,Canada,CONCACAF,Venezuela,neutral,1,1,D,,,,,,,,,,,,,,"Arlington, United States",,True,True,1847.8,1914.9,0.4046,1852.6,4.8
2024-07-09,Copa América,2024,Tournament/Friendly,Canada,CONCACAF,Argentina,neutral,0,2,L,,,,,,,,,,,,,,"East Rutherford, United States",,True,True,1852.6,2209.9,0.1134,1844.1,-8.5
2024-07-13,Copa América,2024,Tournament/Friendly,Canada,CONCACAF,Uruguay,neutral,2,2,D,,,,,,,,,,,,,,"Charlotte, United States",,True,True,1844.1,2079.3,0.2052,1858.8,14.7
2024-09-07,Friendly,2024,Tournament/Friendly,Canada,CONCACAF,USA,away,2,1,W,,,,,,,,,,,,,,"Kansas City, United States",,False,True,1858.8,1846.4,0.3765,1871.3,12.5
2024-09-10,Friendly,2024,Tournament/Friendly,Canada,CONCACAF,Mexico,neutral,0,0,D,,,,,,,,,,,,,,"Arlington, United States",,True,True,1871.3,1899.8,0.4591,1872.1,0.8
2024-10-15,Friendly,2024,Tournament/Friendly,Canada,CONCACAF,Panama,home,2,1,W,,,,,,,,,,,,,,"Toronto, Canada",,False,True,1872.1,1835.0,0.6877,1878.4,6.2
2024-11-15,CONCACAF Nations League,2024,Tournament/Friendly,Canada,CONCACAF,Suriname,away,1,0,W,,,,,,,,,,,,,,"Paramaribo, Suriname",,False,True,1878.4,1542.3,0.7956,1886.5,8.2
2024-11-19,CONCACAF Nations League,2024,Tournament/Friendly,Canada,CONCACAF,Suriname,home,3,0,W,,,,,,,,,,,,,,"Toronto, Canada",,False,True,1886.5,1534.1,0.9311,1891.4,4.8
2025-03-20,CONCACAF Nations League,2025,Tournament/Friendly,Canada,CONCACAF,Mexico,neutral,0,2,L,,,,,,,,,,,,,,"Inglewood, United States",,True,True,1891.4,1879.3,0.5174,1860.3,-31.0
2025-03-23,CONCACAF Nations League,2025,Tournament/Friendly,Canada,CONCACAF,USA,away,2,1,W,,,,,,,,,,,,,,"Inglewood, United States",,False,True,1860.3,1853.4,0.3691,1885.5,25.2
2025-06-07,Canadian Shield,2025,Tournament/Friendly,Canada,CONCACAF,Ukraine,home,4,2,W,,,,,,,,,,,,,,"Toronto, Canada",,False,True,1885.5,1861.4,0.6715,1900.3,14.8
2025-06-10,Canadian Shield,2025,Tournament/Friendly,Canada,CONCACAF,Ivory Coast,home,0,0,D,,,,,,,,,,,,,,"Toronto, Canada",,False,True,1900.3,1697.8,0.8509,1889.8,-10.5
2025-06-17,Gold Cup,2025,Tournament/Friendly,Canada,CONCACAF,Honduras,home,6,0,W,,,,,,,,,,,,,,"Vancouver, Canada",,False,True,1889.8,1698.2,0.8427,1906.5,16.7
2025-06-21,Gold Cup,2025,Tournament/Friendly,Canada,CONCACAF,Curaçao,neutral,1,1,D,,,,,,,,,,,,,,"Houston, United States",,True,True,1906.5,1581.4,0.8667,1888.2,-18.3
2025-06-24,Gold Cup,2025,Tournament/Friendly,Canada,CONCACAF,El Salvador,neutral,2,0,W,,,,,,,,,,,,,,"Houston, United States",,True,True,1888.2,1520.3,0.8926,1896.2,8.1
2025-06-29,Gold Cup,2025,Tournament/Friendly,Canada,CONCACAF,Guatemala,neutral,1,1,D,,,,,,,,,,,,,,"Minneapolis, United States",,True,True,1896.2,1666.7,0.7894,1881.8,-14.5
2025-09-05,Friendly,2025,Tournament/Friendly,Canada,CONCACAF,Romania,away,3,0,W,,,,,,,,,,,,,,"Bucharest, Romania",,False,True,1881.8,1737.6,0.5632,1897.1,15.3
2025-09-09,Friendly,2025,Tournament/Friendly,Canada,CONCACAF,Wales,away,1,0,W,,,,,,,,,,,,,,"Cardiff, Wales",,False,True,1897.1,1792.5,0.5066,1906.9,9.9
2025-10-10,Friendly,2025,Tournament/Friendly,Canada,CONCACAF,Australia,home,0,1,L,,,,,,,,,,,,,,"Montreal, Canada",,False,True,1906.9,1916.9,0.6268,1894.4,-12.5
2025-10-14,Friendly,2025,Tournament/Friendly,Canada,CONCACAF,Colombia,neutral,0,0,D,,,,,,,,,,,,,,"Harrison, United States",,True,True,1894.4,2073.0,0.2634,1899.1,4.7
2025-11-13,Friendly,2025,Tournament/Friendly,Canada,CONCACAF,Ecuador,home,0,0,D,,,,,,,,,,,,,,"Toronto, Canada",,False,True,1899.1,2014.6,0.4777,1899.6,0.4
2025-11-18,Friendly,2025,Tournament/Friendly,Canada,CONCACAF,Venezuela,neutral,2,0,W,,,,,,,,,,,,,,"Fort Lauderdale, United States",,True,True,1899.6,1813.4,0.6215,1910.9,11.4
2026-03-28,Friendly,2026,Tournament/Friendly,Canada,CONCACAF,Iceland,home,2,2,D,,,,,,,,,,,,,,"Toronto, Canada",,False,True,1910.9,1620.2,0.9046,1902.8,-8.1
2026-03-31,Friendly,2026,Tournament/Friendly,Canada,CONCACAF,Tunisia,home,0,0,D,,,,,,,,,,,,,,"Toronto, Canada",,False,True,1902.8,1737.0,0.822,1896.4,-6.4
2026-06-01,Friendly,2026,Tournament/Friendly,Canada,CONCACAF,Uzbekistan,home,2,0,W,,,,,,,,,,,,,,"Edmonton, Canada",,False,True,1896.4,1836.9,0.7147,1904.9,8.6
2026-06-05,Friendly,2026,Tournament/Friendly,Canada,CONCACAF,Republic of Ireland,home,1,1,D,,,,,,,,,,,,,,"Montreal, Canada",,False,True,1904.9,1752.6,0.8104,1898.7,-6.2
2022-01-09,African Cup of Nations,2022,Tournament/Friendly,Cape Verde,CAF,Ethiopia,neutral,1,0,W,,,,,,,,,,,,,,"Yaoundé, Cameroon",,True,True,1581.4,1472.4,0.6519,1598.8,17.4
2022-01-13,African Cup of Nations,2022,Tournament/Friendly,Cape Verde,CAF,Burkina Faso,neutral,0,1,L,,,,,,,,,,,,,,"Yaoundé, Cameroon",,True,True,1598.8,1664.3,0.4069,1578.5,-20.3
2022-01-17,African Cup of Nations,2022,Tournament/Friendly,Cape Verde,CAF,Cameroon,away,1,1,D,,,,,,,,,,,,,,"Yaoundé, Cameroon",,False,True,1578.5,1740.1,0.1815,1594.4,15.9
2022-01-25,African Cup of Nations,2022,Tournament/Friendly,Cape Verde,CAF,Senegal,neutral,0,2,L,,,,,,,,,,,,,,"Bafoussam, Cameroon",,True,True,1594.4,1789.0,0.246,1576.0,-18.4
2022-03-23,Friendly,2022,Tournament/Friendly,Cape Verde,CAF,Guadeloupe,neutral,2,0,W,,,,,,,,,,,,,,"Orléans, France",,True,True,1576.0,1430.5,0.698,1585.0,9.1
2022-03-25,Friendly,2022,Tournament/Friendly,Cape Verde,CAF,Liechtenstein,neutral,6,0,W,,,,,,,,,,,,,,"San Pedro del Pinatar, Spain",,True,True,1585.0,1157.3,0.9215,1588.4,3.3
2022-03-28,Friendly,2022,Tournament/Friendly,Cape Verde,CAF,San Marino,neutral,2,0,W,,,,,,,,,,,,,,"San Pedro del Pinatar, Spain",,True,True,1588.4,870.9,0.9842,1588.8,0.5
2022-06-03,African Cup of Nations qualification,2022,Qualification,Cape Verde,CAF,Burkina Faso,neutral,0,2,L,,,,,,,,,,,,,,"Marrakesh, Morocco",,True,True,1588.8,1655.5,0.4053,1564.5,-24.3
2022-06-07,African Cup of Nations qualification,2022,Qualification,Cape Verde,CAF,Togo,neutral,2,0,W,,,,,,,,,,,,,,"Marrakesh, Morocco",,True,True,1564.5,1460.3,0.6457,1585.8,21.3
2022-06-11,Friendly,2022,Tournament/Friendly,Cape Verde,CAF,Ecuador,neutral,0,1,L,,,,,,,,,,,,,,"Fort Lauderdale, United States",,True,True,1585.8,1912.5,0.1323,1583.1,-2.6
2022-09-23,Friendly,2022,Tournament/Friendly,Cape Verde,CAF,Bahrain,away,2,1,W,,,,,,,,,,,,,,"Riffa, Bahrain",,False,True,1583.1,1657.0,0.2688,1597.8,14.6
2023-03-24,African Cup of Nations qualification,2023,Qualification,Cape Verde,CAF,Eswatini,home,0,0,D,,,,,,,,,,,,,,"Praia, Cape Verde",,False,True,1597.8,1390.3,0.8545,1583.6,-14.2
2023-03-28,African Cup of Nations qualification,2023,Qualification,Cape Verde,CAF,Eswatini,neutral,1,0,W,,,,,,,,,,,,,,"Mbombela, South Africa",,True,True,1583.6,1404.4,0.7372,1594.1,10.5
2023-06-12,Friendly,2023,Tournament/Friendly,Cape Verde,CAF,Morocco,away,0,0,D,,,,,,,,,,,,,,"Rabat, Morocco",,False,True,1594.1,1959.2,0.0643,1602.8,8.7
2023-06-18,African Cup of Nations qualification,2023,Qualification,Cape Verde,CAF,Burkina Faso,home,3,1,W,,,,,,,,,,,,,,"Praia, Cape Verde",,False,True,1602.8,1707.4,0.4934,1633.2,30.4
2023-09-10,African Cup of Nations qualification,2023,Qualification,Cape Verde,CAF,Togo,away,2,3,L,,,,,,,,,,,,,,"Lomé, Togo",,False,True,1633.2,1477.9,0.579,1610.0,-23.2
2023-10-12,Friendly,2023,Tournament/Friendly,Cape Verde,CAF,Algeria,away,1,5,L,,,,,,,,,,,,,,"Constantine, Algeria",,False,True,1610.0,1814.9,0.1474,1604.5,-5.5
2023-10-17,Friendly,2023,Tournament/Friendly,Cape Verde,CAF,Comoros,home,1,2,L,,,,,,,,,,,,,,"Fos-sur-Mer, Cape Verde",,False,True,1604.5,1341.3,0.89,1586.7,-17.8
2023-11-16,FIFA World Cup qualification,2023,Qualification,Cape Verde,CAF,Angola,home,0,0,D,,,,,,,,,,,,,,"Praia, Cape Verde",,False,True,1586.7,1501.9,0.7434,1577.0,-9.7
2023-11-21,FIFA World Cup qualification,2023,Qualification,Cape Verde,CAF,Eswatini,neutral,2,0,W,,,,,,,,,,,,,,"Mbombela, South Africa",,True,True,1577.0,1374.8,0.7621,1591.3,14.3
2024-01-10,Friendly,2024,Tournament/Friendly,Cape Verde,CAF,Tunisia,away,0,2,L,,,,,,,,,,,,,,"Radès, Tunisia",,False,True,1591.3,1827.4,0.1262,1587.5,-3.8
2024-01-14,African Cup of Nations,2024,Tournament/Friendly,Cape Verde,CAF,Ghana,neutral,2,1,W,,,,,,,,,,,,,,"Abidjan, Ivory Coast",,True,True,1587.5,1654.8,0.4043,1617.3,29.8
2024-01-19,African Cup of Nations,2024,Tournament/Friendly,Cape Verde,CAF,Mozambique,neutral,3,0,W,,,,,,,,,,,,,,"Abidjan, Ivory Coast",,True,True,1617.3,1504.5,0.6569,1647.3,30.0
2024-01-22,African Cup of Nations,2024,Tournament/Friendly,Cape Verde,CAF,Egypt,neutral,2,2,D,,,,,,,,,,,,,,"Abidjan, Ivory Coast",,True,True,1647.3,1766.5,0.3349,1655.5,8.3
2024-01-29,African Cup of Nations,2024,Tournament/Friendly,Cape Verde,CAF,Mauritania,neutral,1,0,W,,,,,,,,,,,,,,"Abidjan, Ivory Coast",,True,True,1655.5,1515.1,0.6918,1670.9,15.4
2024-02-03,African Cup of Nations,2024,Tournament/Friendly,Cape Verde,CAF,South Africa,neutral,0,0,D,,,,,,,,,,,,,,"Yamoussoukro, Ivory Coast",,True,True,1670.9,1701.5,0.4561,1673.1,2.2
2024-03-21,FIFA Series,2024,Tournament/Friendly,Cape Verde,CAF,Guyana,neutral,1,0,W,,,,,,,,,,,,,,"Jeddah, Saudi Arabia",,True,True,1673.1,1482.1,0.7502,1678.1,5.0
2024-03-25,FIFA Series,2024,Tournament/Friendly,Cape Verde,CAF,Equatorial Guinea,neutral,1,0,W,,,,,,,,,,,,,,"Jeddah, Saudi Arabia",,True,True,1678.1,1604.3,0.6048,1686.0,7.9
2024-06-08,FIFA World Cup qualification,2024,Qualification,Cape Verde,CAF,Cameroon,away,1,4,L,,,,,,,,,,,,,,"Yaoundé, Cameroon",,False,True,1686.0,1663.4,0.3905,1658.7,-27.3
2024-06-11,FIFA World Cup qualification,2024,Qualification,Cape Verde,CAF,Libya,home,1,0,W,,,,,,,,,,,,,,"Praia, Cape Verde",,False,True,1658.7,1529.2,0.7894,1667.1,8.4
2024-09-06,African Cup of Nations qualification,2024,Qualification,Cape Verde,CAF,Egypt,away,0,3,L,,,,,,,,,,,,,,"Cairo, Egypt",,False,True,1667.1,1743.1,0.2664,1648.5,-18.7
2024-09-10,African Cup of Nations qualification,2024,Qualification,Cape Verde,CAF,Mauritania,home,2,0,W,,,,,,,,,,,,,,"Praia, Cape Verde",,False,True,1648.5,1467.4,0.8346,1658.4,9.9
2024-10-10,African Cup of Nations qualification,2024,Qualification,Cape Verde,CAF,Botswana,home,0,1,L,,,,,,,,,,,,,,"Praia, Cape Verde",,False,True,1658.4,1409.3,0.8818,1623.1,-35.3
2024-10-15,African Cup of Nations qualification,2024,Qualification,Cape Verde,CAF,Botswana,away,0,1,L,,,,,,,,,,,,,,"Francistown, Botswana",,False,True,1623.1,1444.5,0.6112,1598.7,-24.4
2024-11-15,African Cup of Nations qualification,2024,Qualification,Cape Verde,CAF,Egypt,home,1,1,D,,,,,,,,,,,,,,"Praia, Cape Verde",,False,True,1598.7,1790.3,0.3711,1603.8,5.2
2024-11-19,African Cup of Nations qualification,2024,Qualification,Cape Verde,CAF,Mauritania,away,0,1,L,,,,,,,,,,,,,,"Nouakchott, Mauritania",,False,True,1603.8,1451.0,0.5755,1580.8,-23.0
2025-03-20,FIFA World Cup qualification,2025,Qualification,Cape Verde,CAF,Mauritius,home,1,0,W,,,,,,,,,,,,,,"Praia, Cape Verde",,False,True,1580.8,1202.7,0.94,1583.2,2.4
2025-03-25,FIFA World Cup qualification,2025,Qualification,Cape Verde,CAF,Angola,away,2,1,W,,,,,,,,,,,,,,"Luanda, Angola",,False,True,1583.2,1653.8,0.2725,1612.3,29.1
2025-05-29,Friendly,2025,Tournament/Friendly,Cape Verde,CAF,Malaysia,away,1,1,D,,,,,,,,,,,,,,"Kuala Lumpur, Malaysia",,False,True,1612.3,1433.8,0.6111,1610.1,-2.2
2025-06-03,Friendly,2025,Tournament/Friendly,Cape Verde,CAF,Malaysia,away,3,0,W,,,,,,,,,,,,,,"Kuala Lumpur, Malaysia",,False,True,1610.1,1436.0,0.605,1623.9,13.8
2025-06-08,Friendly,2025,Tournament/Friendly,Cape Verde,CAF,Georgia,away,1,1,D,,,,,,,,,,,,,,"Kutaisi, Georgia",,False,True,1623.9,1770.2,0.1951,1630.0,6.1
2025-09-04,FIFA World Cup qualification,2025,Qualification,Cape Verde,CAF,Mauritius,away,2,0,W,,,,,,,,,,,,,,"Saint Pierre, Mauritius",,False,True,1630.0,1207.4,0.8649,1638.1,8.1
2025-09-09,FIFA World Cup qualification,2025,Qualification,Cape Verde,CAF,Cameroon,home,1,0,W,,,,,,,,,,,,,,"Praia, Cape Verde",,False,True,1638.1,1704.6,0.5481,1656.2,18.1
2025-10-08,FIFA World Cup qualification,2025,Qualification,Cape Verde,CAF,Libya,away,3,3,D,,,,,,,,,,,,,,"Tripoli, Libya",,False,True,1656.2,1537.5,0.5269,1655.1,-1.1
2025-10-13,FIFA World Cup qualification,2025,Qualification,Cape Verde,CAF,Eswatini,home,3,0,W,,,,,,,,,,,,,,"Praia, Cape Verde",,False,True,1655.1,1320.0,0.9245,1660.4,5.3
2025-11-13,Al Ain International Cup,2025,Tournament/Friendly,Cape Verde,CAF,Iran,neutral,0,0,D,,,,,,,,,,,,,,"Al Ain, United Arab Emirates",,True,True,1660.4,1902.7,0.1986,1669.5,9.0
2025-11-17,Al Ain International Cup,2025,Tournament/Friendly,Cape Verde,CAF,Egypt,neutral,1,1,D,,,,,,,,,,,,,,"Al Ain, United Arab Emirates",,True,True,1669.5,1762.5,0.3692,1673.4,3.9
2026-03-27,FIFA Series,2026,Tournament/Friendly,Cape Verde,CAF,Chile,neutral,2,4,L,,,,,,,,,,,,,,"Auckland, New Zealand",,True,True,1673.4,1811.0,0.3117,1664.0,-9.4
2026-03-30,FIFA Series,2026,Tournament/Friendly,Cape Verde,CAF,Finland,neutral,1,1,D,,,,,,,,,,,,,,"Auckland, New Zealand",,True,True,1664.0,1587.7,0.6082,1661.9,-2.2
2026-05-31,Friendly,2026,Tournament/Friendly,Cape Verde,CAF,Serbia,neutral,3,0,W,,,,,,,,,,,,,,"Lisbon, Portugal",,True,True,1661.9,1831.8,0.2733,1687.3,25.4
2026-06-06,Friendly,2026,Tournament/Friendly,Cape Verde,CAF,Bermuda,neutral,0,3,L,,,,,,,,,,,,,,"East Hartford, United States",,True,True,1687.3,1305.6,0.9,1655.8,-31.5
2022-01-27,FIFA World Cup qualification,2022,Qualification,China,AFC,Japan,away,0,2,L,,,,,,,,,,,,,,"Saitama, Japan",,False,False,1617.2,1861.7,0.121,1610.0,-7.3
2022-02-01,FIFA World Cup qualification,2022,Qualification,China,AFC,Vietnam,away,1,3,L,,,,,,,,,,,,,,"Hanoi, Vietnam",,False,False,1610.0,1477.5,0.5466,1577.2,-32.8
2022-03-24,FIFA World Cup qualification,2022,Qualification,China,AFC,Saudi Arabia,neutral,1,1,D,,,,,,,,,,,,,,"Sharjah, United Arab Emirates",,True,False,1577.2,1750.7,0.2691,1586.4,9.2
2022-03-29,FIFA World Cup qualification,2022,Qualification,China,AFC,Oman,away,0,2,L,,,,,,,,,,,,,,"Muscat, Oman",,False,False,1586.4,1652.1,0.2781,1569.7,-16.7
2022-07-20,EAFF Championship,2022,Tournament/Friendly,China,AFC,South Korea,neutral,0,3,L,,,,,,,,,,,,,,"Toyota, Japan",,True,False,1569.7,1896.9,0.132,1562.8,-6.9
2022-07-24,EAFF Championship,2022,Tournament/Friendly,China,AFC,Japan,away,0,0,D,,,,,,,,,,,,,,"Toyota, Japan",,False,False,1562.8,1879.7,0.0832,1575.3,12.5
2022-07-27,EAFF Championship,2022,Tournament/Friendly,China,AFC,Hong Kong,neutral,1,0,W,,,,,,,,,,,,,,"Toyota, Japan",,True,False,1575.3,1315.3,0.8171,1580.8,5.5
2023-03-23,Friendly,2023,Tournament/Friendly,China,AFC,New Zealand,away,0,0,D,,,,,,,,,,,,,,"Auckland, New Zealand",,False,False,1580.8,1726.0,0.196,1586.9,6.1
2023-03-26,Friendly,2023,Tournament/Friendly,China,AFC,New Zealand,away,1,2,L,,,,,,,,,,,,,,"Wellington, New Zealand",,False,False,1586.9,1719.9,0.2072,1582.7,-4.1
2023-06-16,Friendly,2023,Tournament/Friendly,China,AFC,Myanmar,home,4,0,W,,,,,,,,,,,,,,"Dalian, China",,False,False,1582.7,1094.4,0.9673,1583.9,1.2
2023-06-20,Friendly,2023,Tournament/Friendly,China,AFC,Palestine,home,2,0,W,,,,,,,,,,,,,,"Dalian, China",,False,False,1583.9,1589.1,0.6333,1594.9,11.0
2023-09-09,Friendly,2023,Tournament/Friendly,China,AFC,Malaysia,home,1,1,D,,,,,,,,,,,,,,"Chengdu, China",,False,False,1594.9,1469.0,0.7859,1589.2,-5.7
2023-09-12,Friendly,2023,Tournament/Friendly,China,AFC,Syria,home,0,1,L,,,,,,,,,,,,,,"Chengdu, China",,False,False,1589.2,1534.9,0.7086,1575.0,-14.2
2023-10-10,Friendly,2023,Tournament/Friendly,China,AFC,Vietnam,home,2,0,W,,,,,,,,,,,,,,"Dalian, China",,False,False,1575.0,1559.9,0.6599,1585.3,10.2
2023-10-16,Friendly,2023,Tournament/Friendly,China,AFC,Uzbekistan,home,1,2,L,,,,,,,,,,,,,,"Dalian, China",,False,False,1585.3,1728.2,0.4385,1576.5,-8.8
2023-11-16,FIFA World Cup qualification,2023,Qualification,China,AFC,Thailand,away,2,1,W,,,,,,,,,,,,,,"Bangkok, Thailand",,False,False,1576.5,1518.6,0.4396,1598.9,22.4
2023-11-21,FIFA World Cup qualification,2023,Qualification,China,AFC,South Korea,home,0,3,L,,,,,,,,,,,,,,"Shenzhen, China",,False,False,1598.9,1874.4,0.2669,1580.2,-18.7
2024-01-01,Friendly,2024,Tournament/Friendly,China,AFC,Hong Kong,neutral,1,2,L,,,,,,,,,,,,,,"Abu Dhabi, United Arab Emirates",,True,False,1580.2,1238.0,0.8776,1562.7,-17.6
2024-01-13,AFC Asian Cup,2024,Tournament/Friendly,China,AFC,Tajikistan,neutral,0,0,D,,,,,,,,,,,,,,"Doha, Qatar",,True,False,1562.7,1502.0,0.5865,1558.3,-4.3
2024-01-17,AFC Asian Cup,2024,Tournament/Friendly,China,AFC,Lebanon,neutral,0,0,D,,,,,,,,,,,,,,"Doha, Qatar",,True,False,1558.3,1426.1,0.6816,1549.3,-9.1
2024-01-22,AFC Asian Cup,2024,Tournament/Friendly,China,AFC,Qatar,away,0,1,L,,,,,,,,,,,,,,"Al Rayyan, Qatar",,False,False,1549.3,1669.1,0.22,1538.3,-11.0
2024-03-21,FIFA World Cup qualification,2024,Qualification,China,AFC,Singapore,away,2,2,D,,,,,,,,,,,,,,"Kallang, Singapore",,False,False,1538.3,1289.0,0.7025,1530.2,-8.1
2024-03-26,FIFA World Cup qualification,2024,Qualification,China,AFC,Singapore,home,4,1,W,,,,,,,,,,,,,,"Tianjin, China",,False,False,1530.2,1297.1,0.8718,1539.1,9.0
2024-06-06,FIFA World Cup qualification,2024,Qualification,China,AFC,Thailand,home,1,1,D,,,,,,,,,,,,,,"Shenyang, China",,False,False,1539.1,1548.0,0.6282,1534.0,-5.1
2024-06-11,FIFA World Cup qualification,2024,Qualification,China,AFC,South Korea,away,0,1,L,,,,,,,,,,,,,,"Seoul, South Korea",,False,False,1534.0,1842.9,0.0868,1530.5,-3.5
2024-09-05,FIFA World Cup qualification,2024,Qualification,China,AFC,Japan,away,0,7,L,,,,,,,,,,,,,,"Saitama, Japan",,False,False,1530.5,1955.9,0.0463,1526.4,-4.2
2024-09-10,FIFA World Cup qualification,2024,Qualification,China,AFC,Saudi Arabia,home,1,2,L,,,,,,,,,,,,,,"Dalian, China",,False,False,1526.4,1691.9,0.4067,1510.1,-16.3
2024-10-10,FIFA World Cup qualification,2024,Qualification,China,AFC,Australia,away,1,3,L,,,,,,,,,,,,,,"Adelaide, Australia",,False,False,1510.1,1832.9,0.0806,1505.3,-4.8
2024-10-15,FIFA World Cup qualification,2024,Qualification,China,AFC,Indonesia,home,2,1,W,,,,,,,,,,,,,,"Qingdao, China",,False,False,1505.3,1513.2,0.6294,1520.1,14.8
2024-11-14,FIFA World Cup qualification,2024,Qualification,China,AFC,Bahrain,away,1,0,W,,,,,,,,,,,,,,"Riffa, Bahrain",,False,False,1520.1,1602.3,0.2594,1549.7,29.6
2024-11-19,FIFA World Cup qualification,2024,Qualification,China,AFC,Japan,home,1,3,L,,,,,,,,,,,,,,"Xiamen, China",,False,False,1549.7,1987.5,0.1251,1542.2,-7.5
2025-03-20,FIFA World Cup qualification,2025,Qualification,China,AFC,Saudi Arabia,away,0,1,L,,,,,,,,,,,,,,"Riyadh, Saudi Arabia",,False,False,1542.2,1652.9,0.2291,1533.0,-9.2
2025-03-25,FIFA World Cup qualification,2025,Qualification,China,AFC,Australia,home,0,2,L,,,,,,,,,,,,,,"Hangzhou, China",,False,False,1533.0,1833.6,0.2397,1518.6,-14.4
2025-06-05,FIFA World Cup qualification,2025,Qualification,China,AFC,Indonesia,away,0,1,L,,,,,,,,,,,,,,"Jakarta, Indonesia",,False,False,1518.6,1494.3,0.3928,1502.9,-15.7
2025-06-10,FIFA World Cup qualification,2025,Qualification,China,AFC,Bahrain,home,1,0,W,,,,,,,,,,,,,,"Chongqing, China",,False,False,1502.9,1577.4,0.5367,1521.5,18.5
2026-01-26,Friendly,2026,Tournament/Friendly,China,AFC,Uzbekistan,neutral,2,2,D,,,,,,,,,,,,,,"Dubai, United Arab Emirates",,True,False,1521.5,1845.3,0.1342,1528.8,7.3
2026-03-27,FIFA Series,2026,Tournament/Friendly,China,AFC,Curaçao,neutral,2,0,W,,,,,,,,,,,,,,"Sydney, Australia",,True,False,1528.8,1644.6,0.3392,1548.6,19.8
2026-03-31,FIFA Series,2026,Tournament/Friendly,China,AFC,Cameroon,neutral,0,2,L,,,,,,,,,,,,,,"Melbourne, Australia",,True,False,1548.6,1711.6,0.2812,1540.2,-8.4
2026-06-05,Friendly,2026,Tournament/Friendly,China,AFC,Singapore,away,2,1,W,,,,,,,,,,,,,,"Singapore, Singapore",,False,False,1540.2,1301.1,0.6901,1546.4,6.2
2026-06-09,Friendly,2026,Tournament/Friendly,China,AFC,Thailand,home,0,0,D,,,,,,,,,,,,,,"Hangzhou, China",,False,False,1546.4,1525.5,0.6672,1543.0,-3.3
2022-01-16,Friendly,2022,Tournament/Friendly,Colombia,CONMEBOL,Honduras,neutral,2,1,W,,,,,,,,,,,,,,"Fort Lauderdale, United States",,True,True,1969.4,1609.1,0.8884,1971.7,2.2
2022-01-28,FIFA World Cup qualification,2022,Qualification,Colombia,CONMEBOL,Peru,home,0,1,L,,,,,,,,,,,,,,"Barranquilla, Colombia",,False,True,1971.7,1899.4,0.7294,1942.5,-29.2
2022-02-01,FIFA World Cup qualification,2022,Qualification,Colombia,CONMEBOL,Argentina,away,0,1,L,,,,,,,,,,,,,,"Córdoba, Argentina",,False,True,1942.5,2174.5,0.1289,1937.4,-5.2
2022-03-24,FIFA World Cup qualification,2022,Qualification,Colombia,CONMEBOL,Bolivia,home,3,0,W,,,,,,,,,,,,,,"Barranquilla, Colombia",,False,True,1937.4,1710.5,0.8678,1946.6,9.3
2022-03-29,FIFA World Cup qualification,2022,Qualification,Colombia,CONMEBOL,Venezuela,away,1,0,W,,,,,,,,,,,,,,"Guayana, Venezuela",,False,True,1946.6,1751.6,0.6334,1961.3,14.7
2022-06-05,Friendly,2022,Tournament/Friendly,Colombia,CONMEBOL,Saudi Arabia,neutral,1,0,W,,,,,,,,,,,,,,"Murcia, Spain",,True,True,1961.3,1759.0,0.7621,1966.0,4.8
2022-09-24,Friendly,2022,Tournament/Friendly,Colombia,CONMEBOL,Guatemala,neutral,4,1,W,,,,,,,,,,,,,,"Harrison, United States",,True,True,1966.0,1614.1,0.8835,1970.1,4.1
2022-09-27,Friendly,2022,Tournament/Friendly,Colombia,CONMEBOL,Mexico,neutral,3,2,W,,,,,,,,,,,,,,"Santa Clara, United States",,True,True,1970.1,1925.8,0.5634,1978.8,8.7
2022-11-19,Friendly,2022,Tournament/Friendly,Colombia,CONMEBOL,Paraguay,neutral,2,0,W,,,,,,,,,,,,,,"Fort Lauderdale, United States",,True,True,1978.8,1804.4,0.7319,1986.9,8.0
2023-01-28,Friendly,2023,Tournament/Friendly,Colombia,CONMEBOL,USA,away,0,0,D,,,,,,,,,,,,,,"Carson, United States",,False,True,1986.9,1895.3,0.4879,1987.1,0.2
2023-03-24,Friendly,2023,Tournament/Friendly,Colombia,CONMEBOL,South Korea,away,2,2,D,,,,,,,,,,,,,,"Ulsan, South Korea",,False,True,1987.1,1881.7,0.5078,1987.0,-0.2
2023-03-28,Friendly,2023,Tournament/Friendly,Colombia,CONMEBOL,Japan,away,2,1,W,,,,,,,,,,,,,,"Osaka, Japan",,False,True,1987.0,1952.2,0.4072,1998.8,11.9
2023-06-16,Friendly,2023,Tournament/Friendly,Colombia,CONMEBOL,Iraq,neutral,1,0,W,,,,,,,,,,,,,,"Valencia, Spain",,True,True,1998.8,1724.2,0.8293,2002.2,3.4
2023-06-20,Friendly,2023,Tournament/Friendly,Colombia,CONMEBOL,Germany,away,2,0,W,,,,,,,,,,,,,,"Gelsenkirchen, Germany",,False,True,2002.2,1994.4,0.3704,2021.1,18.9
2023-09-07,FIFA World Cup qualification,2023,Qualification,Colombia,CONMEBOL,Venezuela,home,1,0,W,,,,,,,,,,,,,,"Barranquilla, Colombia",,False,True,2021.1,1776.0,0.8794,2026.0,4.8
2023-09-12,FIFA World Cup qualification,2023,Qualification,Colombia,CONMEBOL,Chile,away,0,0,D,,,,,,,,,,,,,,"Santiago, Chile",,False,True,2026.0,1784.1,0.6935,2018.2,-7.7
2023-10-12,FIFA World Cup qualification,2023,Qualification,Colombia,CONMEBOL,Uruguay,home,2,2,D,,,,,,,,,,,,,,"Barranquilla, Colombia",,False,True,2018.2,1983.1,0.6852,2010.8,-7.4
2023-10-17,FIFA World Cup qualification,2023,Qualification,Colombia,CONMEBOL,Ecuador,away,0,0,D,,,,,,,,,,,,,,"Quito, Ecuador",,False,True,2010.8,1958.2,0.4321,2013.5,2.7
2023-11-16,FIFA World Cup qualification,2023,Qualification,Colombia,CONMEBOL,Brazil,home,2,1,W,,,,,,,,,,,,,,"Barranquilla, Colombia",,False,True,2013.5,2119.6,0.4912,2033.9,20.4
2023-11-21,FIFA World Cup qualification,2023,Qualification,Colombia,CONMEBOL,Paraguay,away,1,0,W,,,,,,,,,,,,,,"Asunción, Paraguay",,False,True,2033.9,1790.3,0.6956,2046.0,12.2
2023-12-16,Friendly,2023,Tournament/Friendly,Colombia,CONMEBOL,Mexico,neutral,3,2,W,,,,,,,,,,,,,,"Los Angeles, United States",,True,True,2046.0,1909.0,0.6876,2052.3,6.2
2024-03-22,Friendly,2024,Tournament/Friendly,Colombia,CONMEBOL,Spain,neutral,1,0,W,,,,,,,,,,,,,,"London, England",,True,True,2052.3,2086.8,0.4505,2063.3,11.0
2024-03-26,Friendly,2024,Tournament/Friendly,Colombia,CONMEBOL,Romania,neutral,3,2,W,,,,,,,,,,,,,,"Madrid, Spain",,True,True,2063.3,1724.1,0.8757,2065.8,2.5
2024-06-08,Friendly,2024,Tournament/Friendly,Colombia,CONMEBOL,USA,away,5,1,W,,,,,,,,,,,,,,"Landover, United States",,False,True,2065.8,1902.5,0.5901,2081.1,15.4
2024-06-15,Friendly,2024,Tournament/Friendly,Colombia,CONMEBOL,Bolivia,neutral,3,0,W,,,,,,,,,,,,,,"Denver, United States",,True,True,2081.1,1668.3,0.915,2084.1,3.0
2024-06-24,Copa América,2024,Tournament/Friendly,Colombia,CONMEBOL,Paraguay,neutral,2,1,W,,,,,,,,,,,,,,"Houston, United States",,True,True,2084.1,1784.5,0.8487,2091.7,7.6
2024-06-28,Copa América,2024,Tournament/Friendly,Colombia,CONMEBOL,Costa Rica,neutral,3,0,W,,,,,,,,,,,,,,"Glendale, United States",,True,True,2091.7,1753.5,0.8751,2102.6,10.9
2024-07-02,Copa América,2024,Tournament/Friendly,Colombia,CONMEBOL,Brazil,neutral,1,1,D,,,,,,,,,,,,,,"Santa Clara, United States",,True,True,2102.6,2089.1,0.5194,2101.6,-1.0
2024-07-06,Copa América,2024,Tournament/Friendly,Colombia,CONMEBOL,Panama,neutral,5,0,W,,,,,,,,,,,,,,"Glendale, United States",,True,True,2101.6,1867.1,0.7941,2122.2,20.6
2024-07-10,Copa América,2024,Tournament/Friendly,Colombia,CONMEBOL,Uruguay,neutral,1,0,W,,,,,,,,,,,,,,"Charlotte, United States",,True,True,2122.2,2102.9,0.5277,2145.8,23.6
2024-07-14,Copa América,2024,Tournament/Friendly,Colombia,CONMEBOL,Argentina,neutral,0,1,L,,,,,,,,,,,,,,"Miami Gardens, United States",,True,True,2145.8,2218.4,0.397,2126.0,-19.9
2024-09-06,FIFA World Cup qualification,2024,Qualification,Colombia,CONMEBOL,Peru,away,1,1,D,,,,,,,,,,,,,,"Lima, Peru",,False,True,2126.0,1789.2,0.7963,2114.1,-11.9
2024-09-10,FIFA World Cup qualification,2024,Qualification,Colombia,CONMEBOL,Argentina,home,2,1,W,,,,,,,,,,,,,,"Barranquilla, Colombia",,False,True,2114.1,2241.4,0.4609,2135.7,21.6
2024-10-10,FIFA World Cup qualification,2024,Qualification,Colombia,CONMEBOL,Bolivia,away,0,1,L,,,,,,,,,,,,,,"El Alto, Bolivia",,False,True,2135.7,1716.0,0.863,2101.2,-34.5
2024-10-15,FIFA World Cup qualification,2024,Qualification,Colombia,CONMEBOL,Chile,home,4,0,W,,,,,,,,,,,,,,"Barranquilla, Colombia",,False,True,2101.2,1761.9,0.9261,2106.7,5.5
2024-11-15,FIFA World Cup qualification,2024,Qualification,Colombia,CONMEBOL,Uruguay,away,2,3,L,,,,,,,,,,,,,,"Montevideo, Uruguay",,False,True,2106.7,1998.0,0.5126,2086.2,-20.5
2024-11-19,FIFA World Cup qualification,2024,Qualification,Colombia,CONMEBOL,Ecuador,home,0,1,L,,,,,,,,,,,,,,"Barranquilla, Colombia",,False,True,2086.2,1962.2,0.784,2054.9,-31.4
2025-03-20,FIFA World Cup qualification,2025,Qualification,Colombia,CONMEBOL,Brazil,away,1,2,L,,,,,,,,,,,,,,"Brasília, Brazil",,False,True,2054.9,2069.6,0.3406,2041.2,-13.6
2025-03-25,FIFA World Cup qualification,2025,Qualification,Colombia,CONMEBOL,Paraguay,home,2,2,D,,,,,,,,,,,,,,"Barranquilla, Colombia",,False,True,2041.2,1862.8,0.8324,2027.9,-13.3
2025-06-06,FIFA World Cup qualification,2025,Qualification,Colombia,CONMEBOL,Peru,home,0,0,D,,,,,,,,,,,,,,"Barranquilla, Colombia",,False,True,2027.9,1803.7,0.8661,2013.3,-14.6
2025-06-10,FIFA World Cup qualification,2025,Qualification,Colombia,CONMEBOL,Argentina,away,1,1,D,,,,,,,,,,,,,,"Buenos Aires, Argentina",,False,True,2013.3,2217.9,0.1476,2027.4,14.1
2025-09-04,FIFA World Cup qualification,2025,Qualification,Colombia,CONMEBOL,Bolivia,home,3,0,W,,,,,,,,,,,,,,"Barranquilla, Colombia",,False,True,2027.4,1744.3,0.9007,2034.3,6.9
2025-09-09,FIFA World Cup qualification,2025,Qualification,Colombia,CONMEBOL,Venezuela,away,6,3,W,,,,,,,,,,,,,,"Maturín, Venezuela",,False,True,2034.3,1826.6,0.6502,2058.8,24.5
2025-10-11,Friendly,2025,Tournament/Friendly,Colombia,CONMEBOL,Mexico,neutral,4,0,W,,,,,,,,,,,,,,"Arlington, United States",,True,True,2058.8,1972.6,0.6216,2073.0,14.2
2025-10-14,Friendly,2025,Tournament/Friendly,Colombia,CONMEBOL,Canada,neutral,0,0,D,,,,,,,,,,,,,,"Harrison, United States",,True,True,2073.0,1894.4,0.7366,2068.3,-4.7
2025-11-15,Friendly,2025,Tournament/Friendly,Colombia,CONMEBOL,New Zealand,neutral,2,1,W,,,,,,,,,,,,,,"Fort Lauderdale, United States",,True,True,2068.3,1765.5,0.851,2071.3,3.0
2025-11-18,Friendly,2025,Tournament/Friendly,Colombia,CONMEBOL,Australia,neutral,3,0,W,,,,,,,,,,,,,,"New York, United States",,True,True,2071.3,1905.7,0.7218,2081.0,9.7
2026-03-26,Friendly,2026,Tournament/Friendly,Colombia,CONMEBOL,Croatia,neutral,1,2,L,,,,,,,,,,,,,,"Orlando, United States",,True,True,2081.0,1985.6,0.6339,2068.3,-12.7
2026-03-29,Friendly,2026,Tournament/Friendly,Colombia,CONMEBOL,France,neutral,1,3,L,,,,,,,,,,,,,,"Landover, United States",,True,True,2068.3,2127.6,0.4155,2055.9,-12.5
2026-06-01,Friendly,2026,Tournament/Friendly,Colombia,CONMEBOL,Costa Rica,home,3,1,W,,,,,,,,,,,,,,"Bogotá, Colombia",,False,True,2055.9,1745.8,0.9138,2058.4,2.6
2026-06-07,Friendly,2026,Tournament/Friendly,Colombia,CONMEBOL,Jordan,neutral,2,0,W,,,,,,,,,,,,,,"San Diego, United States",,True,True,2058.4,1778.6,0.8335,2063.4,5.0
2022-03-26,Friendly,2022,Tournament/Friendly,Croatia,UEFA,Slovenia,neutral,1,1,D,,,,,,,,,,,,,,"Al Rayyan, Qatar",,True,True,1904.6,1661.0,0.8025,1898.6,-6.1
2022-03-29,Friendly,2022,Tournament/Friendly,Croatia,UEFA,Bulgaria,neutral,2,1,W,,,,,,,,,,,,,,"Al Rayyan, Qatar",,True,True,1898.6,1570.1,0.8688,1901.2,2.6
2022-06-03,UEFA Nations League,2022,Tournament/Friendly,Croatia,UEFA,Austria,home,0,3,L,,,,,,,,,,,,,,"Osijek, Croatia",,False,True,1901.2,1760.4,0.7999,1845.2,-56.0
2022-06-06,UEFA Nations League,2022,Tournament/Friendly,Croatia,UEFA,France,home,1,1,D,,,,,,,,,,,,,,"Split, Croatia",,False,True,1845.2,2120.8,0.2668,1854.5,9.3
2022-06-10,UEFA Nations League,2022,Tournament/Friendly,Croatia,UEFA,Denmark,away,1,0,W,,,,,,,,,,,,,,"Copenhagen, Denmark",,False,True,1854.5,2030.4,0.1696,1887.7,33.2
2022-06-13,UEFA Nations League,2022,Tournament/Friendly,Croatia,UEFA,France,away,1,0,W,,,,,,,,,,,,,,"Paris, France",,False,True,1887.7,2100.7,0.1417,1922.1,34.3
2022-09-22,UEFA Nations League,2022,Tournament/Friendly,Croatia,UEFA,Denmark,home,2,1,W,,,,,,,,,,,,,,"Zagreb, Croatia",,False,True,1922.1,2007.0,0.5217,1941.2,19.1
2022-09-25,UEFA Nations League,2022,Tournament/Friendly,Croatia,UEFA,Austria,away,3,1,W,,,,,,,,,,,,,,"Vienna, Austria",,False,True,1941.2,1796.4,0.5641,1967.4,26.2
2022-11-16,Friendly,2022,Tournament/Friendly,Croatia,UEFA,Saudi Arabia,away,1,0,W,,,,,,,,,,,,,,"Riyadh, Saudi Arabia",,False,True,1967.4,1756.8,0.6539,1974.3,6.9
2022-11-23,FIFA World Cup,2022,Tournament/Friendly,Croatia,UEFA,Morocco,neutral,0,0,D,,,,,,,,,,,,,,"Al Khor, Qatar",,True,True,1974.3,1858.5,0.6607,1964.6,-9.6
2022-11-27,FIFA World Cup,2022,Tournament/Friendly,Croatia,UEFA,Canada,neutral,4,1,W,,,,,,,,,,,,,,"Al Rayyan, Qatar",,True,True,1964.6,1880.5,0.6187,2004.7,40.0
2022-12-01,FIFA World Cup,2022,Tournament/Friendly,Croatia,UEFA,Belgium,neutral,0,0,D,,,,,,,,,,,,,,"Al Rayyan, Qatar",,True,True,2004.7,2010.3,0.4918,2005.2,0.5
2022-12-05,FIFA World Cup,2022,Tournament/Friendly,Croatia,UEFA,Japan,neutral,1,1,D,,,,,,,,,,,,,,"Al Wakrah, Qatar",,True,True,2005.2,1949.6,0.5793,2000.4,-4.8
2022-12-09,FIFA World Cup,2022,Tournament/Friendly,Croatia,UEFA,Brazil,neutral,1,1,D,,,,,,,,,,,,,,"Al Rayyan, Qatar",,True,True,2000.4,2214.0,0.2262,2016.8,16.4
2022-12-13,FIFA World Cup,2022,Tournament/Friendly,Croatia,UEFA,Argentina,neutral,0,3,L,,,,,,,,,,,,,,"Lusail, Qatar",,True,True,2016.8,2179.9,0.2812,1987.3,-29.5
2022-12-17,FIFA World Cup,2022,Tournament/Friendly,Croatia,UEFA,Morocco,neutral,2,1,W,,,,,,,,,,,,,,"Al Rayyan, Qatar",,True,True,1987.3,1975.2,0.5173,2016.3,29.0
2023-03-25,UEFA Euro qualification,2023,Qualification,Croatia,UEFA,Wales,home,1,1,D,,,,,,,,,,,,,,"Split, Croatia",,False,True,2016.3,1772.1,0.8788,2001.1,-15.2
2023-03-28,UEFA Euro qualification,2023,Qualification,Croatia,UEFA,Turkey,away,2,0,W,,,,,,,,,,,,,,"Bursa, Turkey",,False,True,2001.1,1769.7,0.6806,2020.3,19.2
2023-06-14,UEFA Nations League,2023,Tournament/Friendly,Croatia,UEFA,Netherlands,away,4,2,W,,,,,,,,,,,,,,"Rotterdam, Netherlands",,False,True,2020.3,2105.5,0.2562,2064.9,44.6
2023-06-18,UEFA Nations League,2023,Tournament/Friendly,Croatia,UEFA,Spain,neutral,0,0,D,,,,,,,,,,,,,,"Rotterdam, Netherlands",,True,True,2064.9,2041.5,0.5337,2063.6,-1.3
2023-09-08,UEFA Euro qualification,2023,Qualification,Croatia,UEFA,Latvia,home,5,0,W,,,,,,,,,,,,,,"Rijeka, Croatia",,False,True,2063.6,1389.2,0.9885,2064.5,0.9
2023-09-11,UEFA Euro qualification,2023,Qualification,Croatia,UEFA,Armenia,away,1,0,W,,,,,,,,,,,,,,"Yerevan, Armenia",,False,True,2064.5,1564.2,0.9092,2068.1,3.6
2023-10-12,UEFA Euro qualification,2023,Qualification,Croatia,UEFA,Turkey,home,0,1,L,,,,,,,,,,,,,,"Osijek, Croatia",,False,True,2068.1,1756.6,0.9144,2031.5,-36.6
2023-10-15,UEFA Euro qualification,2023,Qualification,Croatia,UEFA,Wales,away,1,2,L,,,,,,,,,,,,,,"Cardiff, Wales",,False,True,2031.5,1729.8,0.7615,2001.1,-30.5
2023-11-18,UEFA Euro qualification,2023,Qualification,Croatia,UEFA,Latvia,away,2,0,W,,,,,,,,,,,,,,"Riga, Latvia",,False,True,2001.1,1408.3,0.9446,2004.4,3.3
2023-11-21,UEFA Euro qualification,2023,Qualification,Croatia,UEFA,Armenia,home,1,0,W,,,,,,,,,,,,,,"Zagreb, Croatia",,False,True,2004.4,1523.4,0.9659,2005.8,1.4
2024-03-23,FIFA Series,2024,Tournament/Friendly,Croatia,UEFA,Tunisia,neutral,0,0,D,,,,,,,,,,,,,,"Cairo, Egypt",,True,True,2005.8,1777.9,0.7878,2000.0,-5.8
2024-03-26,FIFA Series,2024,Tournament/Friendly,Croatia,UEFA,Egypt,away,4,2,W,,,,,,,,,,,,,,"Cairo, Egypt",,False,True,2000.0,1754.0,0.6986,2009.0,9.0
2024-06-03,Friendly,2024,Tournament/Friendly,Croatia,UEFA,North Macedonia,home,3,0,W,,,,,,,,,,,,,,"Rijeka, Croatia",,False,True,2009.0,1605.8,0.9477,2010.9,1.8
2024-06-08,Friendly,2024,Tournament/Friendly,Croatia,UEFA,Portugal,away,2,1,W,,,,,,,,,,,,,,"Oeiras, Portugal",,False,True,2010.9,2070.7,0.285,2025.2,14.3
2024-06-15,UEFA Euro,2024,Tournament/Friendly,Croatia,UEFA,Spain,neutral,0,3,L,,,,,,,,,,,,,,"Berlin, Germany",,True,True,2025.2,2074.6,0.4293,1987.6,-37.6
2024-06-19,UEFA Euro,2024,Tournament/Friendly,Croatia,UEFA,Albania,neutral,2,2,D,,,,,,,,,,,,,,"Hamburg, Germany",,True,True,1987.6,1666.8,0.8637,1969.4,-18.2
2024-06-24,UEFA Euro,2024,Tournament/Friendly,Croatia,UEFA,Italy,neutral,1,1,D,,,,,,,,,,,,,,"Leipzig, Germany",,True,True,1969.4,1995.6,0.4624,1971.3,1.9
2024-09-05,UEFA Nations League,2024,Tournament/Friendly,Croatia,UEFA,Portugal,away,1,2,L,,,,,,,,,,,,,,"Lisbon, Portugal",,False,True,1971.3,2014.6,0.3048,1959.1,-12.2
2024-09-08,UEFA Nations League,2024,Tournament/Friendly,Croatia,UEFA,Poland,home,1,0,W,,,,,,,,,,,,,,"Osijek, Croatia",,False,True,1959.1,1810.6,0.807,1966.8,7.7
2024-10-12,UEFA Nations League,2024,Tournament/Friendly,Croatia,UEFA,Scotland,home,2,1,W,,,,,,,,,,,,,,"Zagreb, Croatia",,False,True,1966.8,1755.3,0.8574,1972.5,5.7
2024-10-15,UEFA Nations League,2024,Tournament/Friendly,Croatia,UEFA,Poland,away,3,3,D,,,,,,,,,,,,,,"Warsaw, Poland",,False,True,1972.5,1783.5,0.6254,1967.5,-5.0
2024-11-15,UEFA Nations League,2024,Tournament/Friendly,Croatia,UEFA,Scotland,away,0,1,L,,,,,,,,,,,,,,"Glasgow, Scotland",,False,True,1967.5,1760.0,0.65,1941.5,-26.0
2024-11-18,UEFA Nations League,2024,Tournament/Friendly,Croatia,UEFA,Portugal,home,1,1,D,,,,,,,,,,,,,,"Split, Croatia",,False,True,1941.5,2048.8,0.4895,1941.9,0.4
2025-03-20,UEFA Nations League,2025,Tournament/Friendly,Croatia,UEFA,France,home,2,0,W,,,,,,,,,,,,,,"Split, Croatia",,False,True,1941.9,2114.1,0.3976,1978.1,36.1
2025-03-23,UEFA Nations League,2025,Tournament/Friendly,Croatia,UEFA,France,away,0,2,L,,,,,,,,,,,,,,"Paris, France",,False,True,1978.1,2078.0,0.2403,1963.7,-14.4
2025-06-06,FIFA World Cup qualification,2025,Qualification,Croatia,UEFA,Gibraltar,neutral,7,0,W,,,,,,,,,,,,,,"Faro-Loulé, Portugal",,True,True,1963.7,1141.9,0.9913,1964.5,0.8
2025-06-09,FIFA World Cup qualification,2025,Qualification,Croatia,UEFA,Czech Republic,home,5,1,W,,,,,,,,,,,,,,"Osijek, Croatia",,False,True,1964.5,1816.5,0.8065,1979.0,14.5
2025-09-05,FIFA World Cup qualification,2025,Qualification,Croatia,UEFA,Faroe Islands,away,1,0,W,,,,,,,,,,,,,,"Tórshavn, Faroe Islands",,False,True,1979.0,1327.8,0.9598,1980.6,1.6
2025-09-08,FIFA World Cup qualification,2025,Qualification,Croatia,UEFA,Montenegro,home,4,0,W,,,,,,,,,,,,,,"Zagreb, Croatia",,False,True,1980.6,1546.7,0.9558,1983.9,3.3
2025-10-09,FIFA World Cup qualification,2025,Qualification,Croatia,UEFA,Czech Republic,away,0,0,D,,,,,,,,,,,,,,"Prague, Czech Republic",,False,True,1983.9,1815.1,0.5977,1980.0,-3.9
2025-10-12,FIFA World Cup qualification,2025,Qualification,Croatia,UEFA,Gibraltar,home,3,0,W,,,,,,,,,,,,,,"Varaždin, Croatia",,False,True,1980.0,1115.5,0.9961,1980.3,0.3
2025-11-14,FIFA World Cup qualification,2025,Qualification,Croatia,UEFA,Faroe Islands,home,3,1,W,,,,,,,,,,,,,,"Rijeka, Croatia",,False,True,1980.3,1424.0,0.9776,1981.6,1.3
2025-11-17,FIFA World Cup qualification,2025,Qualification,Croatia,UEFA,Montenegro,away,3,2,W,,,,,,,,,,,,,,"Podgorica, Montenegro",,False,True,1981.6,1502.3,0.8988,1985.6,4.0
2026-03-26,Friendly,2026,Tournament/Friendly,Croatia,UEFA,Colombia,neutral,2,1,W,,,,,,,,,,,,,,"Orlando, United States",,True,True,1985.6,2081.0,0.3661,1998.3,12.7
2026-03-31,Friendly,2026,Tournament/Friendly,Croatia,UEFA,Brazil,neutral,1,3,L,,,,,,,,,,,,,,"Orlando, United States",,True,True,1998.3,2050.7,0.4251,1985.6,-12.8
2026-06-02,Friendly,2026,Tournament/Friendly,Croatia,UEFA,Belgium,home,0,2,L,,,,,,,,,,,,,,"Rijeka, Croatia",,False,True,1985.6,1927.4,0.7131,1964.2,-21.4
2026-06-07,Friendly,2026,Tournament/Friendly,Croatia,UEFA,Slovenia,home,2,1,W,,,,,,,,,,,,,,"Varaždin, Croatia",,False,True,1964.2,1738.7,0.8669,1966.8,2.7
2022-06-03,CONCACAF Nations League,2022,Tournament/Friendly,Curaçao,CONCACAF,Honduras,home,0,1,L,,,,,,,,,,,,,,"Willemstad, Curaçao",,False,True,1547.6,1550.0,0.6368,1522.1,-25.5
2022-06-06,CONCACAF Nations League,2022,Tournament/Friendly,Curaçao,CONCACAF,Honduras,away,2,1,W,,,,,,,,,,,,,,"San Pedro Sula, Honduras",,False,True,1522.1,1575.5,0.2926,1550.4,28.3
2022-06-09,CONCACAF Nations League,2022,Tournament/Friendly,Curaçao,CONCACAF,Canada,away,0,4,L,,,,,,,,,,,,,,"Vancouver, Canada",,False,True,1550.4,1920.7,0.0625,1545.7,-4.7
2022-09-24,Friendly,2022,Tournament/Friendly,Curaçao,CONCACAF,Indonesia,away,2,3,L,,,,,,,,,,,,,,"Bandung, Indonesia",,False,True,1545.7,1399.1,0.5666,1534.4,-11.3
2022-09-27,Friendly,2022,Tournament/Friendly,Curaçao,CONCACAF,Indonesia,away,1,2,L,,,,,,,,,,,,,,"Cibinong, Indonesia",,False,True,1534.4,1410.5,0.5343,1523.7,-10.7
2023-03-25,CONCACAF Nations League,2023,Tournament/Friendly,Curaçao,CONCACAF,Canada,home,0,2,L,,,,,,,,,,,,,,"Willemstad, Curaçao",,False,True,1523.7,1818.7,0.2456,1508.9,-14.7
2023-03-28,Friendly,2023,Tournament/Friendly,Curaçao,CONCACAF,Argentina,away,0,7,L,,,,,,,,,,,,,,"Santiago del Estero, Argentina",,False,True,1508.9,2204.0,0.0102,1508.5,-0.5
2023-06-13,Friendly,2023,Tournament/Friendly,Curaçao,CONCACAF,Costa Rica,neutral,0,0,D,,,,,,,,,,,,,,"Fort Lauderdale, United States",,True,True,1508.5,1824.3,0.1397,1515.7,7.2
2023-06-16,Gold Cup qualification,2023,Qualification,Curaçao,CONCACAF,Saint Kitts and Nevis,neutral,1,1,D,,,,,,,,,,,,,,"Fort Lauderdale, United States",,True,True,1515.7,1388.5,0.6752,1508.7,-7.0
2023-09-07,CONCACAF Nations League,2023,Tournament/Friendly,Curaçao,CONCACAF,Trinidad and Tobago,away,0,1,L,,,,,,,,,,,,,,"Port of Spain, Trinidad and Tobago",,False,True,1508.7,1543.1,0.3156,1496.1,-12.6
2023-09-10,CONCACAF Nations League,2023,Tournament/Friendly,Curaçao,CONCACAF,Martinique,away,0,1,L,,,,,,,,,,,,,,"Fort-de-France, Martinique",,False,True,1496.1,1541.0,0.3027,1483.9,-12.1
2023-10-13,CONCACAF Nations League,2023,Tournament/Friendly,Curaçao,CONCACAF,Panama,home,1,2,L,,,,,,,,,,,,,,"Willemstad, Curaçao",,False,True,1483.9,1824.5,0.2002,1475.9,-8.0
2023-10-17,CONCACAF Nations League,2023,Tournament/Friendly,Curaçao,CONCACAF,Trinidad and Tobago,home,5,3,W,,,,,,,,,,,,,,"Willemstad, Curaçao",,False,True,1475.9,1601.4,0.4634,1508.1,32.2
2023-11-16,Friendly,2023,Tournament/Friendly,Curaçao,CONCACAF,El Salvador,home,1,1,D,,,,,,,,,,,,,,"Willemstad, Curaçao",,False,True,1508.1,1529.6,0.6111,1505.9,-2.2
2023-11-20,Friendly,2023,Tournament/Friendly,Curaçao,CONCACAF,El Salvador,home,1,1,D,,,,,,,,,,,,,,"Willemstad, Curaçao",,False,True,1505.9,1531.9,0.605,1503.8,-2.1
2024-06-05,FIFA World Cup qualification,2024,Qualification,Curaçao,CONCACAF,Barbados,home,4,1,W,,,,,,,,,,,,,,"Willemstad, Curaçao",,False,True,1503.8,1137.3,0.9361,1508.3,4.5
2024-06-08,FIFA World Cup qualification,2024,Qualification,Curaçao,CONCACAF,Aruba,away,2,0,W,,,,,,,,,,,,,,"Oranjestad, Aruba",,False,True,1508.3,1235.8,0.7297,1524.5,16.2
2024-09-06,CONCACAF Nations League,2024,Tournament/Friendly,Curaçao,CONCACAF,Saint Lucia,neutral,1,2,L,,,,,,,,,,,,,,"St. George's, Grenada",,True,True,1524.5,1328.6,0.7554,1494.3,-30.2
2024-09-09,CONCACAF Nations League,2024,Tournament/Friendly,Curaçao,CONCACAF,Saint Martin,neutral,4,0,W,,,,,,,,,,,,,,"St. George's, Grenada",,True,True,1494.3,1230.2,0.8206,1507.7,13.5
2024-10-11,CONCACAF Nations League,2024,Tournament/Friendly,Curaçao,CONCACAF,Grenada,neutral,0,0,D,,,,,,,,,,,,,,"Gros Islet, Saint Lucia",,True,True,1507.7,1253.9,0.8117,1495.3,-12.5
2024-10-14,CONCACAF Nations League,2024,Tournament/Friendly,Curaçao,CONCACAF,Grenada,neutral,1,0,W,,,,,,,,,,,,,,"Gros Islet, Saint Lucia",,True,True,1495.3,1266.4,0.7888,1503.7,8.4
2024-11-15,CONCACAF Nations League,2024,Tournament/Friendly,Curaçao,CONCACAF,Saint Martin,home,5,0,W,,,,,,,,,,,,,,"Willemstad, Curaçao",,False,True,1503.7,1271.9,0.871,1514.0,10.3
2024-11-18,CONCACAF Nations League,2024,Tournament/Friendly,Curaçao,CONCACAF,Saint Lucia,away,4,1,W,,,,,,,,,,,,,,"Gros Islet, Saint Lucia",,False,True,1514.0,1280.0,0.6839,1536.2,22.1
2025-03-19,Friendly,2025,Tournament/Friendly,Curaçao,CONCACAF,Kazakhstan,neutral,0,2,L,,,,,,,,,,,,,,"Antalya, Turkey",,True,True,1536.2,1486.7,0.5707,1519.1,-17.1
2025-06-06,FIFA World Cup qualification,2025,Qualification,Curaçao,CONCACAF,Saint Lucia,home,4,0,W,,,,,,,,,,,,,,"Willemstad, Curaçao",,False,True,1519.1,1257.9,0.8889,1527.4,8.3
2025-06-10,FIFA World Cup qualification,2025,Qualification,Curaçao,CONCACAF,Haiti,neutral,5,1,W,,,,,,,,,,,,,,"Oranjestad, Aruba",,True,True,1527.4,1729.2,0.2384,1584.5,57.1
2025-06-17,Gold Cup,2025,Tournament/Friendly,Curaçao,CONCACAF,El Salvador,neutral,0,0,D,,,,,,,,,,,,,,"San Jose, United States",,True,True,1584.5,1540.5,0.563,1581.4,-3.1
2025-06-21,Gold Cup,2025,Tournament/Friendly,Curaçao,CONCACAF,Canada,neutral,1,1,D,,,,,,,,,,,,,,"Houston, United States",,True,True,1581.4,1906.5,0.1333,1599.7,18.3
2025-06-24,Gold Cup,2025,Tournament/Friendly,Curaçao,CONCACAF,Honduras,neutral,1,2,L,,,,,,,,,,,,,,"San Jose, United States",,True,True,1599.7,1704.8,0.3531,1582.0,-17.7
2025-09-05,FIFA World Cup qualification,2025,Qualification,Curaçao,CONCACAF,Trinidad and Tobago,away,0,0,D,,,,,,,,,,,,,,"Port of Spain, Trinidad and Tobago",,False,True,1582.0,1564.1,0.384,1586.7,4.6
2025-09-09,FIFA World Cup qualification,2025,Qualification,Curaçao,CONCACAF,Bermuda,home,3,2,W,,,,,,,,,,,,,,"Willemstad, Curaçao",,False,True,1586.7,1347.7,0.8756,1591.7,5.0
2025-10-10,FIFA World Cup qualification,2025,Qualification,Curaçao,CONCACAF,Jamaica,home,2,0,W,,,,,,,,,,,,,,"Willemstad, Curaçao",,False,True,1591.7,1711.4,0.4717,1623.4,31.7
2025-10-14,FIFA World Cup qualification,2025,Qualification,Curaçao,CONCACAF,Trinidad and Tobago,home,1,1,D,,,,,,,,,,,,,,"Willemstad, Curaçao",,False,True,1623.4,1572.2,0.7048,1615.2,-8.2
2025-11-13,FIFA World Cup qualification,2025,Qualification,Curaçao,CONCACAF,Bermuda,away,7,0,W,,,,,,,,,,,,,,"Devonshire Parish, Bermuda",,False,True,1615.2,1313.1,0.7619,1636.6,21.4
2025-11-18,FIFA World Cup qualification,2025,Qualification,Curaçao,CONCACAF,Jamaica,away,0,0,D,,,,,,,,,,,,,,"Kingston, Jamaica",,False,True,1636.6,1684.3,0.2993,1644.6,8.0
2026-03-27,FIFA Series,2026,Tournament/Friendly,Curaçao,CONCACAF,China,neutral,0,2,L,,,,,,,,,,,,,,"Sydney, Australia",,True,True,1644.6,1528.8,0.6608,1624.8,-19.8
2026-03-31,FIFA Series,2026,Tournament/Friendly,Curaçao,CONCACAF,Australia,away,1,5,L,,,,,,,,,,,,,,"Melbourne, Australia",,False,True,1624.8,1899.2,0.1038,1620.9,-3.9
2026-05-30,Friendly,2026,Tournament/Friendly,Curaçao,CONCACAF,Scotland,away,1,4,L,,,,,,,,,,,,,,"Glasgow, Scotland",,False,True,1620.9,1822.8,0.1495,1615.7,-5.2
2026-06-06,Friendly,2026,Tournament/Friendly,Curaçao,CONCACAF,Aruba,home,4,0,W,,,,,,,,,,,,,,"Willemstad, Curaçao",,False,True,1615.7,1192.7,0.953,1617.4,1.8
2022-03-24,FIFA World Cup qualification,2022,Qualification,Czech Republic,UEFA,Sweden,away,0,1,L,,,,,,,,,,,,,,"Stockholm, Sweden",,False,True,1878.0,1869.4,0.3715,1863.2,-14.9
2022-03-29,Friendly,2022,Tournament/Friendly,Czech Republic,UEFA,Wales,away,1,1,D,,,,,,,,,,,,,,"Cardiff, Wales",,False,True,1863.2,1888.8,0.3267,1866.6,3.5
2022-06-02,UEFA Nations League,2022,Tournament/Friendly,Czech Republic,UEFA,Switzerland,home,2,1,W,,,,,,,,,,,,,,"Prague, Czech Republic",,False,True,1866.6,1985.7,0.4726,1887.7,21.1
2022-06-05,UEFA Nations League,2022,Tournament/Friendly,Czech Republic,UEFA,Spain,home,2,2,D,,,,,,,,,,,,,,"Prague, Czech Republic",,False,True,1887.7,2076.7,0.3746,1892.7,5.0
2022-06-09,UEFA Nations League,2022,Tournament/Friendly,Czech Republic,UEFA,Portugal,away,0,2,L,,,,,,,,,,,,,,"Lisbon, Portugal",,False,True,1892.7,2058.4,0.1781,1882.1,-10.7
2022-06-12,UEFA Nations League,2022,Tournament/Friendly,Czech Republic,UEFA,Spain,away,0,2,L,,,,,,,,,,,,,,"Málaga, Spain",,False,True,1882.1,2090.2,0.1451,1873.4,-8.7
2022-09-24,UEFA Nations League,2022,Tournament/Friendly,Czech Republic,UEFA,Portugal,home,0,4,L,,,,,,,,,,,,,,"Prague, Czech Republic",,False,True,1873.4,2046.6,0.3961,1843.6,-29.7
2022-09-27,UEFA Nations League,2022,Tournament/Friendly,Czech Republic,UEFA,Switzerland,away,1,2,L,,,,,,,,,,,,,,"St. Gallen, Switzerland",,False,True,1843.6,1980.8,0.2034,1835.5,-8.1
2022-11-16,Friendly,2022,Tournament/Friendly,Czech Republic,UEFA,Faroe Islands,home,5,0,W,,,,,,,,,,,,,,"Olomouc, Czech Republic",,False,True,1835.5,1348.7,0.967,1836.8,1.3
2022-11-19,Friendly,2022,Tournament/Friendly,Czech Republic,UEFA,Turkey,away,1,2,L,,,,,,,,,,,,,,"Gaziantep, Turkey",,False,True,1836.8,1748.4,0.4834,1827.2,-9.7
2023-03-24,UEFA Euro qualification,2023,Qualification,Czech Republic,UEFA,Poland,home,3,1,W,,,,,,,,,,,,,,"Prague, Czech Republic",,False,True,1827.2,1860.7,0.5945,1851.5,24.3
2023-03-27,UEFA Euro qualification,2023,Qualification,Czech Republic,UEFA,Moldova,away,0,0,D,,,,,,,,,,,,,,"Chișinău, Moldova",,False,True,1851.5,1281.1,0.9375,1834.0,-17.5
2023-06-17,UEFA Euro qualification,2023,Qualification,Czech Republic,UEFA,Faroe Islands,away,3,0,W,,,,,,,,,,,,,,"Tórshavn, Faroe Islands",,False,True,1834.0,1353.8,0.8992,1841.1,7.1
2023-06-20,Friendly,2023,Tournament/Friendly,Czech Republic,UEFA,Montenegro,away,4,1,W,,,,,,,,,,,,,,"Podgorica, Montenegro",,False,True,1841.1,1607.5,0.6833,1852.1,11.1
2023-09-07,UEFA Euro qualification,2023,Qualification,Czech Republic,UEFA,Albania,home,1,1,D,,,,,,,,,,,,,,"Prague, Czech Republic",,False,True,1852.1,1609.5,0.8778,1837.0,-15.1
2023-09-10,Friendly,2023,Tournament/Friendly,Czech Republic,UEFA,Hungary,away,1,1,D,,,,,,,,,,,,,,"Budapest, Hungary",,False,True,1837.0,1900.9,0.2803,1841.4,4.4
2023-10-12,UEFA Euro qualification,2023,Qualification,Czech Republic,UEFA,Albania,away,0,3,L,,,,,,,,,,,,,,"Tirana, Albania",,False,True,1841.4,1662.5,0.6117,1798.6,-42.8
2023-10-15,UEFA Euro qualification,2023,Qualification,Czech Republic,UEFA,Faroe Islands,home,1,0,W,,,,,,,,,,,,,,"Plzeň, Czech Republic",,False,True,1798.6,1295.6,0.9699,1799.8,1.2
2023-11-17,UEFA Euro qualification,2023,Qualification,Czech Republic,UEFA,Poland,away,1,1,D,,,,,,,,,,,,,,"Warsaw, Poland",,False,True,1799.8,1767.8,0.4034,1803.7,3.9
2023-11-20,UEFA Euro qualification,2023,Qualification,Czech Republic,UEFA,Moldova,home,3,0,W,,,,,,,,,,,,,,"Olomouc, Czech Republic",,False,True,1803.7,1392.6,0.9499,1807.2,3.5
2024-03-22,Friendly,2024,Tournament/Friendly,Czech Republic,UEFA,Norway,away,2,1,W,,,,,,,,,,,,,,"Oslo, Norway",,False,True,1807.2,1796.5,0.3742,1819.7,12.5
2024-03-26,Friendly,2024,Tournament/Friendly,Czech Republic,UEFA,Armenia,home,2,1,W,,,,,,,,,,,,,,"Prague, Czech Republic",,False,True,1819.7,1510.2,0.9135,1821.4,1.7
2024-06-07,Friendly,2024,Tournament/Friendly,Czech Republic,UEFA,Malta,neutral,7,1,W,,,,,,,,,,,,,,"Grödig, Austria",,True,True,1821.4,1311.5,0.9496,1823.6,2.1
2024-06-10,Friendly,2024,Tournament/Friendly,Czech Republic,UEFA,North Macedonia,home,2,1,W,,,,,,,,,,,,,,"Hradec Králové, Czech Republic",,False,True,1823.6,1604.0,0.8629,1826.3,2.7
2024-06-18,UEFA Euro,2024,Tournament/Friendly,Czech Republic,UEFA,Portugal,neutral,1,2,L,,,,,,,,,,,,,,"Leipzig, Germany",,True,True,1826.3,2058.5,0.2081,1815.9,-10.4
2024-06-22,UEFA Euro,2024,Tournament/Friendly,Czech Republic,UEFA,Georgia,neutral,1,1,D,,,,,,,,,,,,,,"Hamburg, Germany",,True,True,1815.9,1693.7,0.6689,1807.5,-8.4
2024-06-26,UEFA Euro,2024,Tournament/Friendly,Czech Republic,UEFA,Turkey,neutral,1,2,L,,,,,,,,,,,,,,"Hamburg, Germany",,True,True,1807.5,1812.0,0.4935,1782.8,-24.7
2024-09-07,UEFA Nations League,2024,Tournament/Friendly,Czech Republic,UEFA,Georgia,away,1,4,L,,,,,,,,,,,,,,"Tbilisi, Georgia",,False,True,1782.8,1760.2,0.3904,1755.5,-27.3
2024-09-10,UEFA Nations League,2024,Tournament/Friendly,Czech Republic,UEFA,Ukraine,home,3,2,W,,,,,,,,,,,,,,"Prague, Czech Republic",,False,True,1755.5,1835.4,0.5288,1774.3,18.8
2024-10-11,UEFA Nations League,2024,Tournament/Friendly,Czech Republic,UEFA,Albania,home,2,0,W,,,,,,,,,,,,,,"Prague, Czech Republic",,False,True,1774.3,1689.7,0.7432,1789.7,15.4
2024-10-14,UEFA Nations League,2024,Tournament/Friendly,Czech Republic,UEFA,Ukraine,neutral,1,1,D,,,,,,,,,,,,,,"Wrocław, Poland",,True,True,1789.7,1836.2,0.4336,1792.4,2.7
2024-11-16,UEFA Nations League,2024,Tournament/Friendly,Czech Republic,UEFA,Albania,away,0,0,D,,,,,,,,,,,,,,"Tirana, Albania",,False,True,1792.4,1705.3,0.4813,1793.1,0.7
2024-11-19,UEFA Nations League,2024,Tournament/Friendly,Czech Republic,UEFA,Georgia,home,2,1,W,,,,,,,,,,,,,,"Olomouc, Czech Republic",,False,True,1793.1,1756.9,0.6866,1805.7,12.5
2025-03-22,FIFA World Cup qualification,2025,Qualification,Czech Republic,UEFA,Faroe Islands,home,2,1,W,,,,,,,,,,,,,,"Hradec Králové, Czech Republic",,False,True,1805.7,1328.1,0.9653,1807.0,1.4
2025-03-25,FIFA World Cup qualification,2025,Qualification,Czech Republic,UEFA,Gibraltar,neutral,4,0,W,,,,,,,,,,,,,,"Faro-Loulé, Portugal",,True,True,1807.0,1143.5,0.9785,1808.7,1.6
2025-06-06,FIFA World Cup qualification,2025,Qualification,Czech Republic,UEFA,Montenegro,home,2,0,W,,,,,,,,,,,,,,"Plzeň, Czech Republic",,False,True,1808.7,1579.2,0.8695,1816.5,7.8
2025-06-09,FIFA World Cup qualification,2025,Qualification,Czech Republic,UEFA,Croatia,away,1,5,L,,,,,,,,,,,,,,"Osijek, Croatia",,False,True,1816.5,1964.5,0.1935,1802.0,-14.5
2025-09-05,FIFA World Cup qualification,2025,Qualification,Czech Republic,UEFA,Montenegro,away,2,0,W,,,,,,,,,,,,,,"Podgorica, Montenegro",,False,True,1802.0,1565.4,0.687,1820.8,18.8
2025-09-08,Friendly,2025,Tournament/Friendly,Czech Republic,UEFA,Saudi Arabia,home,1,1,D,,,,,,,,,,,,,,"Hradec Králové, Czech Republic",,False,True,1820.8,1698.8,0.782,1815.1,-5.6
2025-10-09,FIFA World Cup qualification,2025,Qualification,Czech Republic,UEFA,Croatia,home,0,0,D,,,,,,,,,,,,,,"Prague, Czech Republic",,False,True,1815.1,1983.9,0.4023,1819.0,3.9
2025-10-12,FIFA World Cup qualification,2025,Qualification,Czech Republic,UEFA,Faroe Islands,away,1,2,L,,,,,,,,,,,,,,"Tórshavn, Faroe Islands",,False,True,1819.0,1389.2,0.8697,1784.2,-34.8
2025-11-13,Friendly,2025,Tournament/Friendly,Czech Republic,UEFA,San Marino,home,1,0,W,,,,,,,,,,,,,,"Karviná, Czech Republic",,False,True,1784.2,913.2,0.9963,1784.3,0.1
2025-11-17,FIFA World Cup qualification,2025,Qualification,Czech Republic,UEFA,Gibraltar,home,6,0,W,,,,,,,,,,,,,,"Olomouc, Czech Republic",,False,True,1784.3,1108.5,0.9886,1785.3,1.0
2026-03-26,FIFA World Cup qualification,2026,Qualification,Czech Republic,UEFA,Republic of Ireland,home,2,2,D,,,,,,,,,,,,,,"Prague, Czech Republic",,False,True,1785.3,1744.1,0.6926,1777.6,-7.7
2026-03-31,FIFA World Cup qualification,2026,Qualification,Czech Republic,UEFA,Denmark,home,2,2,D,,,,,,,,,,,,,,"Prague, Czech Republic",,False,True,1777.6,1927.8,0.4283,1780.4,2.9
2026-05-31,Friendly,2026,Tournament/Friendly,Czech Republic,UEFA,Kosovo,home,2,1,W,,,,,,,,,,,,,,"Prague, Czech Republic",,False,True,1780.4,1776.3,0.6456,1787.5,7.1
2026-06-04,Friendly,2026,Tournament/Friendly,Czech Republic,UEFA,Guatemala,neutral,5,1,W,,,,,,,,,,,,,,"Harrison, United States",,True,True,1787.5,1663.8,0.6709,1799.9,12.3
2022-02-01,Friendly,2022,Tournament/Friendly,DR Congo,CAF,Bahrain,away,0,1,L,,,,,,,,,,,,,,"Riffa, Bahrain",,False,True,1617.3,1640.5,0.3298,1610.7,-6.6
2022-03-25,FIFA World Cup qualification,2022,Qualification,DR Congo,CAF,Morocco,home,1,1,D,,,,,,,,,,,,,,"Kinshasa, DR Congo",,False,True,1610.7,1829.7,0.3352,1617.3,6.6
2022-03-29,FIFA World Cup qualification,2022,Qualification,DR Congo,CAF,Morocco,away,1,4,L,,,,,,,,,,,,,,"Casablanca, Morocco",,False,True,1617.3,1823.1,0.1468,1607.0,-10.3
2022-06-04,African Cup of Nations qualification,2022,Qualification,DR Congo,CAF,Gabon,home,0,1,L,,,,,,,,,,,,,,"Kinshasa, DR Congo",,False,True,1607.0,1560.7,0.699,1579.1,-28.0
2022-06-08,African Cup of Nations qualification,2022,Qualification,DR Congo,CAF,Sudan,away,1,2,L,,,,,,,,,,,,,,"Omdurman, Sudan",,False,True,1579.1,1388.8,0.627,1554.0,-25.1
2022-09-23,Friendly,2022,Tournament/Friendly,DR Congo,CAF,Burkina Faso,neutral,0,1,L,,,,,,,,,,,,,,"Casablanca, Morocco",,True,True,1554.0,1688.3,0.3158,1547.7,-6.3
2022-09-27,Friendly,2022,Tournament/Friendly,DR Congo,CAF,Sierra Leone,neutral,3,0,W,,,,,,,,,,,,,,"Casablanca, Morocco",,True,True,1547.7,1482.3,0.593,1561.9,14.2
2023-03-24,African Cup of Nations qualification,2023,Qualification,DR Congo,CAF,Mauritania,neutral,3,1,W,,,,,,,,,,,,,,"Douala, Cameroon",,True,True,1561.9,1499.5,0.5889,1586.6,24.7
2023-03-28,African Cup of Nations qualification,2023,Qualification,DR Congo,CAF,Mauritania,away,1,1,D,,,,,,,,,,,,,,"Nouakchott, Mauritania",,False,True,1586.6,1474.8,0.5169,1585.9,-0.7
2023-06-14,Friendly,2023,Tournament/Friendly,DR Congo,CAF,Uganda,neutral,1,0,W,,,,,,,,,,,,,,"Douala, Cameroon",,True,True,1585.9,1511.3,0.6058,1593.8,7.9
2023-06-18,African Cup of Nations qualification,2023,Qualification,DR Congo,CAF,Gabon,away,2,0,W,,,,,,,,,,,,,,"Franceville, Gabon",,False,True,1593.8,1576.7,0.383,1630.8,37.0
2023-09-09,African Cup of Nations qualification,2023,Qualification,DR Congo,CAF,Sudan,home,2,0,W,,,,,,,,,,,,,,"Kinshasa, DR Congo",,False,True,1630.8,1401.3,0.8696,1638.7,7.8
2023-09-12,Friendly,2023,Tournament/Friendly,DR Congo,CAF,South Africa,away,0,1,L,,,,,,,,,,,,,,"Johannesburg, South Africa",,False,True,1638.7,1636.7,0.3625,1631.4,-7.2
2023-10-13,Friendly,2023,Tournament/Friendly,DR Congo,CAF,New Zealand,neutral,1,1,D,,,,,,,,,,,,,,"Murcia, Spain",,True,True,1631.4,1714.9,0.3821,1633.8,2.4
2023-10-17,Friendly,2023,Tournament/Friendly,DR Congo,CAF,Angola,neutral,0,0,D,,,,,,,,,,,,,,"Setúbal, Portugal",,True,True,1633.8,1498.2,0.6857,1630.0,-3.7
2023-11-15,FIFA World Cup qualification,2023,Qualification,DR Congo,CAF,Mauritania,home,2,0,W,,,,,,,,,,,,,,"Kinshasa, DR Congo",,False,True,1630.0,1522.7,0.7674,1644.0,14.0
2023-11-19,FIFA World Cup qualification,2023,Qualification,DR Congo,CAF,Sudan,neutral,0,1,L,,,,,,,,,,,,,,"Benghazi, Libya",,True,True,1644.0,1408.2,0.7953,1612.2,-31.8
2024-01-06,Friendly,2024,Tournament/Friendly,DR Congo,CAF,Angola,neutral,0,0,D,,,,,,,,,,,,,,"Dubai, United Arab Emirates",,True,True,1612.2,1501.3,0.6544,1609.1,-3.1
2024-01-10,Friendly,2024,Tournament/Friendly,DR Congo,CAF,Burkina Faso,neutral,1,2,L,,,,,,,,,,,,,,"Abu Dhabi, United Arab Emirates",,True,True,1609.1,1672.1,0.4104,1600.9,-8.2
2024-01-17,African Cup of Nations,2024,Tournament/Friendly,DR Congo,CAF,Zambia,neutral,1,1,D,,,,,,,,,,,,,,"San-Pédro, Ivory Coast",,True,True,1600.9,1610.8,0.4857,1601.6,0.7
2024-01-21,African Cup of Nations,2024,Tournament/Friendly,DR Congo,CAF,Morocco,neutral,1,1,D,,,,,,,,,,,,,,"San-Pédro, Ivory Coast",,True,True,1601.6,1937.4,0.1264,1620.3,18.7
2024-01-24,African Cup of Nations,2024,Tournament/Friendly,DR Congo,CAF,Tanzania,neutral,0,0,D,,,,,,,,,,,,,,"Korhogo, Ivory Coast",,True,True,1620.3,1467.4,0.7069,1609.9,-10.3
2024-01-28,African Cup of Nations,2024,Tournament/Friendly,DR Congo,CAF,Egypt,neutral,1,1,D,,,,,,,,,,,,,,"San-Pédro, Ivory Coast",,True,True,1609.9,1758.2,0.2987,1620.0,10.1
2024-02-02,African Cup of Nations,2024,Tournament/Friendly,DR Congo,CAF,Guinea,neutral,3,1,W,,,,,,,,,,,,,,"Ebimpé, Ivory Coast",,True,True,1620.0,1610.4,0.5138,1656.5,36.5
2024-02-07,African Cup of Nations,2024,Tournament/Friendly,DR Congo,CAF,Ivory Coast,away,0,1,L,,,,,,,,,,,,,,"Ebimpé, Ivory Coast",,False,True,1656.5,1687.1,0.3204,1640.4,-16.0
2024-02-10,African Cup of Nations,2024,Tournament/Friendly,DR Congo,CAF,South Africa,neutral,0,0,D,,,,,,,,,,,,,,"Abidjan, Ivory Coast",,True,True,1640.4,1703.8,0.4098,1645.0,4.5
2024-06-06,FIFA World Cup qualification,2024,Qualification,DR Congo,CAF,Senegal,away,1,1,D,,,,,,,,,,,,,,"Diamniadio, Senegal",,False,True,1645.0,1886.9,0.1226,1660.1,15.1
2024-06-09,FIFA World Cup qualification,2024,Qualification,DR Congo,CAF,Togo,home,1,0,W,,,,,,,,,,,,,,"Kinshasa, DR Congo",,False,True,1660.1,1492.2,0.8237,1667.1,7.1
2024-09-06,African Cup of Nations qualification,2024,Qualification,DR Congo,CAF,Guinea,home,1,0,W,,,,,,,,,,,,,,"Kinshasa, DR Congo",,False,True,1667.1,1600.4,0.723,1678.2,11.1
2024-09-09,African Cup of Nations qualification,2024,Qualification,DR Congo,CAF,Ethiopia,neutral,2,0,W,,,,,,,,,,,,,,"Dar es Salaam, Tanzania",,True,True,1678.2,1423.0,0.8129,1689.4,11.2
2024-10-10,African Cup of Nations qualification,2024,Qualification,DR Congo,CAF,Tanzania,home,1,0,W,,,,,,,,,,,,,,"Kinshasa, DR Congo",,False,True,1689.4,1521.3,0.8239,1696.5,7.0
2024-10-15,African Cup of Nations qualification,2024,Qualification,DR Congo,CAF,Tanzania,away,2,0,W,,,,,,,,,,,,,,"Dar es Salaam, Tanzania",,False,True,1696.5,1514.3,0.6161,1719.5,23.0
2024-11-16,African Cup of Nations qualification,2024,Qualification,DR Congo,CAF,Guinea,neutral,0,1,L,,,,,,,,,,,,,,"Abidjan, Ivory Coast",,True,True,1719.5,1602.0,0.6629,1693.0,-26.5
2024-11-19,African Cup of Nations qualification,2024,Qualification,DR Congo,CAF,Ethiopia,home,1,2,L,,,,,,,,,,,,,,"Kinshasa, DR Congo",,False,True,1693.0,1353.7,0.9261,1655.9,-37.0
2025-03-21,FIFA World Cup qualification,2025,Qualification,DR Congo,CAF,South Sudan,home,1,0,W,,,,,,,,,,,,,,"Kinshasa, DR Congo",,False,True,1655.9,1261.1,0.9452,1658.1,2.2
2025-03-25,FIFA World Cup qualification,2025,Qualification,DR Congo,CAF,Mauritania,away,2,0,W,,,,,,,,,,,,,,"Nouadhibou, Mauritania",,False,True,1658.1,1480.6,0.6098,1681.5,23.4
2025-06-05,Friendly,2025,Tournament/Friendly,DR Congo,CAF,Mali,neutral,1,0,W,,,,,,,,,,,,,,"Orléans, France",,True,True,1681.5,1717.8,0.448,1692.6,11.0
2025-06-08,Friendly,2025,Tournament/Friendly,DR Congo,CAF,Madagascar,neutral,3,1,W,,,,,,,,,,,,,,"Orléans, France",,True,True,1692.6,1426.3,0.8224,1697.9,5.3
2025-09-05,FIFA World Cup qualification,2025,Qualification,DR Congo,CAF,South Sudan,away,4,1,W,,,,,,,,,,,,,,"Juba, South Sudan",,False,True,1697.9,1272.3,0.867,1707.2,9.3
2025-09-09,FIFA World Cup qualification,2025,Qualification,DR Congo,CAF,Senegal,home,2,3,L,,,,,,,,,,,,,,"Kinshasa, DR Congo",,False,True,1707.2,1900.4,0.369,1692.5,-14.8
2025-10-10,FIFA World Cup qualification,2025,Qualification,DR Congo,CAF,Togo,away,1,0,W,,,,,,,,,,,,,,"Lomé, Togo",,False,True,1692.5,1475.6,0.6621,1706.0,13.5
2025-10-14,FIFA World Cup qualification,2025,Qualification,DR Congo,CAF,Sudan,home,1,0,W,,,,,,,,,,,,,,"Kinshasa, DR Congo",,False,True,1706.0,1500.0,0.8534,1711.8,5.9
2025-11-13,FIFA World Cup qualification,2025,Qualification,DR Congo,CAF,Cameroon,neutral,1,0,W,,,,,,,,,,,,,,"Rabat, Morocco",,True,True,1711.8,1681.6,0.5433,1730.1,18.3
2025-11-16,FIFA World Cup qualification,2025,Qualification,DR Congo,CAF,Nigeria,neutral,1,1,D,,,,,,,,,,,,,,"Rabat, Morocco",,True,True,1730.1,1746.3,0.4767,1731.0,0.9
2025-12-23,African Cup of Nations,2025,Tournament/Friendly,DR Congo,CAF,Benin,neutral,1,0,W,,,,,,,,,,,,,,"Rabat, Morocco",,True,True,1731.0,1554.0,0.7348,1744.3,13.3
2025-12-27,African Cup of Nations,2025,Tournament/Friendly,DR Congo,CAF,Senegal,neutral,1,1,D,,,,,,,,,,,,,,"Tangier, Morocco",,True,True,1744.3,1920.6,0.266,1756.0,11.7
2025-12-30,African Cup of Nations,2025,Tournament/Friendly,DR Congo,CAF,Botswana,neutral,3,0,W,,,,,,,,,,,,,,"Rabat, Morocco",,True,True,1756.0,1413.1,0.878,1766.7,10.7
2026-01-06,African Cup of Nations,2026,Tournament/Friendly,DR Congo,CAF,Algeria,neutral,0,1,L,,,,,,,,,,,,,,"Rabat, Morocco",,True,True,1766.7,1867.7,0.3586,1748.7,-17.9
2026-03-25,Friendly,2026,Tournament/Friendly,DR Congo,CAF,Bermuda,neutral,2,0,W,,,,,,,,,,,,,,"Zapopan, Mexico",,True,True,1748.7,1307.8,0.9268,1750.9,2.2
2026-03-31,FIFA World Cup qualification,2026,Qualification,DR Congo,CAF,Jamaica,neutral,1,0,W,,,,,,,,,,,,,,"Zapopan, Mexico",,True,True,1750.9,1696.5,0.5777,1767.8,16.9
2026-06-03,Friendly,2026,Tournament/Friendly,DR Congo,CAF,Denmark,neutral,0,0,D,,,,,,,,,,,,,,"Liège, Belgium",,True,True,1767.8,1924.9,0.2882,1772.1,4.2
2026-06-09,Friendly,2026,Tournament/Friendly,DR Congo,CAF,Chile,neutral,1,2,L,,,,,,,,,,,,,,"Orléans, France",,True,True,1772.1,1800.8,0.4587,1762.9,-9.2
2022-01-27,FIFA World Cup qualification,2022,Qualification,Ecuador,CONMEBOL,Brazil,home,1,1,D,,,,,,,,,,,,,,"Quito, Ecuador",,False,True,1915.9,2207.8,0.2489,1926.0,10.0
2022-02-01,FIFA World Cup qualification,2022,Qualification,Ecuador,CONMEBOL,Peru,away,1,1,D,,,,,,,,,,,,,,"Lima, Peru",,False,True,1926.0,1928.6,0.3565,1931.7,5.7
2022-03-24,FIFA World Cup qualification,2022,Qualification,Ecuador,CONMEBOL,Paraguay,away,1,3,L,,,,,,,,,,,,,,"Ciudad del Este, Paraguay",,False,True,1931.7,1770.2,0.5877,1896.5,-35.3
2022-03-29,FIFA World Cup qualification,2022,Qualification,Ecuador,CONMEBOL,Argentina,home,1,1,D,,,,,,,,,,,,,,"Guayaquil, Ecuador",,False,True,1896.5,2182.9,0.2548,1906.3,9.8
2022-06-02,Friendly,2022,Tournament/Friendly,Ecuador,CONMEBOL,Nigeria,neutral,1,0,W,,,,,,,,,,,,,,"Harrison, United States",,True,True,1906.3,1738.5,0.7243,1911.8,5.5
2022-06-05,Friendly,2022,Tournament/Friendly,Ecuador,CONMEBOL,Mexico,neutral,0,0,D,,,,,,,,,,,,,,"Chicago, United States",,True,True,1911.8,1936.5,0.4644,1912.5,0.7
2022-06-11,Friendly,2022,Tournament/Friendly,Ecuador,CONMEBOL,Cape Verde,neutral,1,0,W,,,,,,,,,,,,,,"Fort Lauderdale, United States",,True,True,1912.5,1585.8,0.8677,1915.1,2.6
2022-09-23,Friendly,2022,Tournament/Friendly,Ecuador,CONMEBOL,Saudi Arabia,neutral,0,0,D,,,,,,,,,,,,,,"Murcia, Spain",,True,True,1915.1,1743.9,0.7283,1910.6,-4.6
2022-09-27,Kirin Challenge Cup,2022,Tournament/Friendly,Ecuador,CONMEBOL,Japan,neutral,0,0,D,,,,,,,,,,,,,,"Düsseldorf, Germany",,True,True,1910.6,1913.9,0.4953,1910.7,0.1
2022-11-12,Friendly,2022,Tournament/Friendly,Ecuador,CONMEBOL,Iraq,neutral,0,0,D,,,,,,,,,,,,,,"Madrid, Spain",,True,True,1910.7,1687.4,0.7834,1905.1,-5.7
2022-11-20,FIFA World Cup,2022,Tournament/Friendly,Ecuador,CONMEBOL,Qatar,away,2,0,W,,,,,,,,,,,,,,"Al Khor, Qatar",,False,True,1905.1,1784.0,0.5302,1947.3,42.3
2022-11-25,FIFA World Cup,2022,Tournament/Friendly,Ecuador,CONMEBOL,Netherlands,neutral,1,1,D,,,,,,,,,,,,,,"Al Rayyan, Qatar",,True,True,1947.3,2100.7,0.2925,1959.8,12.4
2022-11-29,FIFA World Cup,2022,Tournament/Friendly,Ecuador,CONMEBOL,Senegal,neutral,1,2,L,,,,,,,,,,,,,,"Al Rayyan, Qatar",,True,True,1959.8,1848.1,0.6554,1920.5,-39.3
2023-03-24,Friendly,2023,Tournament/Friendly,Ecuador,CONMEBOL,Australia,away,1,3,L,,,,,,,,,,,,,,"Sydney, Australia",,False,True,1920.5,1868.0,0.4319,1907.5,-13.0
2023-03-28,Friendly,2023,Tournament/Friendly,Ecuador,CONMEBOL,Australia,away,2,1,W,,,,,,,,,,,,,,"Melbourne, Australia",,False,True,1907.5,1881.0,0.3958,1919.6,12.1
2023-06-17,Friendly,2023,Tournament/Friendly,Ecuador,CONMEBOL,Bolivia,neutral,1,0,W,,,,,,,,,,,,,,"Harrison, United States",,True,True,1919.6,1685.4,0.7938,1923.7,4.1
2023-06-20,Friendly,2023,Tournament/Friendly,Ecuador,CONMEBOL,Costa Rica,neutral,3,1,W,,,,,,,,,,,,,,"Chester, United States",,True,True,1923.7,1801.9,0.6685,1933.6,9.9
2023-09-07,FIFA World Cup qualification,2023,Qualification,Ecuador,CONMEBOL,Argentina,away,0,1,L,,,,,,,,,,,,,,"Buenos Aires, Argentina",,False,True,1933.6,2208.9,0.1034,1929.5,-4.1
2023-09-12,FIFA World Cup qualification,2023,Qualification,Ecuador,CONMEBOL,Uruguay,home,2,1,W,,,,,,,,,,,,,,"Quito, Ecuador",,False,True,1929.5,2001.5,0.5403,1947.9,18.4
2023-10-12,FIFA World Cup qualification,2023,Qualification,Ecuador,CONMEBOL,Bolivia,away,2,1,W,,,,,,,,,,,,,,"La Paz, Bolivia",,False,True,1947.9,1665.0,0.7414,1958.2,10.3
2023-10-17,FIFA World Cup qualification,2023,Qualification,Ecuador,CONMEBOL,Colombia,home,0,0,D,,,,,,,,,,,,,,"Quito, Ecuador",,False,True,1958.2,2010.8,0.5679,1955.5,-2.7
2023-11-16,FIFA World Cup qualification,2023,Qualification,Ecuador,CONMEBOL,Venezuela,away,0,0,D,,,,,,,,,,,,,,"Maturín, Venezuela",,False,True,1955.5,1831.4,0.5347,1954.1,-1.4
2023-11-21,FIFA World Cup qualification,2023,Qualification,Ecuador,CONMEBOL,Chile,home,1,0,W,,,,,,,,,,,,,,"Quito, Ecuador",,False,True,1954.1,1789.8,0.8208,1961.3,7.2
2024-03-21,Friendly,2024,Tournament/Friendly,Ecuador,CONMEBOL,Guatemala,neutral,2,0,W,,,,,,,,,,,,,,"Harrison, United States",,True,True,1961.3,1626.7,0.8728,1965.1,3.8
2024-03-24,Friendly,2024,Tournament/Friendly,Ecuador,CONMEBOL,Italy,neutral,0,2,L,,,,,,,,,,,,,,"Harrison, United States",,True,True,1965.1,2000.3,0.4495,1951.6,-13.5
2024-06-09,Friendly,2024,Tournament/Friendly,Ecuador,CONMEBOL,Argentina,neutral,0,1,L,,,,,,,,,,,,,,"Chicago, United States",,True,True,1951.6,2203.8,0.1897,1947.8,-3.8
2024-06-12,Friendly,2024,Tournament/Friendly,Ecuador,CONMEBOL,Bolivia,neutral,3,1,W,,,,,,,,,,,,,,"Chester, United States",,True,True,1947.8,1673.5,0.8291,1953.0,5.1
2024-06-16,Friendly,2024,Tournament/Friendly,Ecuador,CONMEBOL,Honduras,neutral,2,1,W,,,,,,,,,,,,,,"Hartford, United States",,True,True,1953.0,1640.3,0.8581,1955.8,2.8
2024-06-22,Copa América,2024,Tournament/Friendly,Ecuador,CONMEBOL,Venezuela,neutral,1,2,L,,,,,,,,,,,,,,"Santa Clara, United States",,True,True,1955.8,1826.6,0.6778,1921.9,-33.9
2024-06-26,Copa América,2024,Tournament/Friendly,Ecuador,CONMEBOL,Jamaica,neutral,3,1,W,,,,,,,,,,,,,,"Las Vegas, United States",,True,True,1921.9,1757.1,0.7209,1942.9,20.9
2024-06-30,Copa América,2024,Tournament/Friendly,Ecuador,CONMEBOL,Mexico,neutral,0,0,D,,,,,,,,,,,,,,"Glendale, United States",,True,True,1942.9,1884.8,0.5827,1938.7,-4.1
2024-07-04,Copa América,2024,Tournament/Friendly,Ecuador,CONMEBOL,Argentina,neutral,1,1,D,,,,,,,,,,,,,,"Houston, United States",,True,True,1938.7,2226.9,0.1599,1955.7,17.0
2024-09-06,FIFA World Cup qualification,2024,Qualification,Ecuador,CONMEBOL,Brazil,away,0,1,L,,,,,,,,,,,,,,"Curitiba, Brazil",,False,True,1955.7,2091.1,0.2051,1947.5,-8.2
2024-09-10,FIFA World Cup qualification,2024,Qualification,Ecuador,CONMEBOL,Peru,home,1,0,W,,,,,,,,,,,,,,"Quito, Ecuador",,False,True,1947.5,1801.0,0.8052,1955.3,7.8
2024-10-10,FIFA World Cup qualification,2024,Qualification,Ecuador,CONMEBOL,Paraguay,home,0,0,D,,,,,,,,,,,,,,"Quito, Ecuador",,False,True,1955.3,1786.0,0.8249,1942.3,-13.0
2024-10-15,FIFA World Cup qualification,2024,Qualification,Ecuador,CONMEBOL,Uruguay,away,0,0,D,,,,,,,,,,,,,,"Montevideo, Uruguay",,False,True,1942.3,2006.8,0.2795,1951.1,8.8
2024-11-14,FIFA World Cup qualification,2024,Qualification,Ecuador,CONMEBOL,Bolivia,home,4,0,W,,,,,,,,,,,,,,"Guayaquil, Ecuador",,False,True,1951.1,1747.2,0.8519,1962.2,11.1
2024-11-19,FIFA World Cup qualification,2024,Qualification,Ecuador,CONMEBOL,Colombia,away,1,0,W,,,,,,,,,,,,,,"Barranquilla, Colombia",,False,True,1962.2,2086.2,0.216,1993.6,31.4
2025-03-21,FIFA World Cup qualification,2025,Qualification,Ecuador,CONMEBOL,Venezuela,home,2,1,W,,,,,,,,,,,,,,"Quito, Ecuador",,False,True,1993.6,1821.8,0.827,2000.5,6.9
2025-03-25,FIFA World Cup qualification,2025,Qualification,Ecuador,CONMEBOL,Chile,away,0,0,D,,,,,,,,,,,,,,"Santiago, Chile",,False,True,2000.5,1799.1,0.642,1994.8,-5.7
2025-06-05,FIFA World Cup qualification,2025,Qualification,Ecuador,CONMEBOL,Brazil,home,0,0,D,,,,,,,,,,,,,,"Guayaquil, Ecuador",,False,True,1994.8,2067.4,0.5395,1993.3,-1.6
2025-06-10,FIFA World Cup qualification,2025,Qualification,Ecuador,CONMEBOL,Peru,away,0,0,D,,,,,,,,,,,,,,"Lima, Peru",,False,True,1993.3,1818.3,0.6062,1989.0,-4.2
2025-09-04,FIFA World Cup qualification,2025,Qualification,Ecuador,CONMEBOL,Paraguay,away,0,0,D,,,,,,,,,,,,,,"Asunción, Paraguay",,False,True,1989.0,1900.9,0.483,1989.7,0.7
2025-09-09,FIFA World Cup qualification,2025,Qualification,Ecuador,CONMEBOL,Argentina,home,1,0,W,,,,,,,,,,,,,,"Guayaquil, Ecuador",,False,True,1989.7,2208.1,0.3359,2016.3,26.6
2025-10-10,Friendly,2025,Tournament/Friendly,Ecuador,CONMEBOL,USA,away,1,1,D,,,,,,,,,,,,,,"Austin, United States",,False,True,2016.3,1810.7,0.6474,2013.3,-2.9
2025-10-14,Friendly,2025,Tournament/Friendly,Ecuador,CONMEBOL,Mexico,away,1,1,D,,,,,,,,,,,,,,"Zapopan, Mexico",,False,True,2013.3,1958.4,0.4355,2014.6,1.3
2025-11-13,Friendly,2025,Tournament/Friendly,Ecuador,CONMEBOL,Canada,away,0,0,D,,,,,,,,,,,,,,"Toronto, Canada",,False,True,2014.6,1899.1,0.5223,2014.2,-0.4
2025-11-18,Friendly,2025,Tournament/Friendly,Ecuador,CONMEBOL,New Zealand,neutral,2,0,W,,,,,,,,,,,,,,"Harrison, United States",,True,True,2014.2,1762.6,0.8097,2019.9,5.7
2026-03-27,Friendly,2026,Tournament/Friendly,Ecuador,CONMEBOL,Morocco,neutral,1,1,D,,,,,,,,,,,,,,"Madrid, Spain",,True,True,2019.9,1972.4,0.5679,2018.5,-1.4
2026-03-31,Friendly,2026,Tournament/Friendly,Ecuador,CONMEBOL,Netherlands,away,1,1,D,,,,,,,,,,,,,,"Eindhoven, Netherlands",,False,True,2018.5,2022.5,0.3547,2021.4,2.9
2026-05-30,Friendly,2026,Tournament/Friendly,Ecuador,CONMEBOL,Saudi Arabia,neutral,2,1,W,,,,,,,,,,,,,,"Harrison, United States",,True,True,2021.4,1683.7,0.8748,2023.9,2.5
2026-06-07,Friendly,2026,Tournament/Friendly,Ecuador,CONMEBOL,Guatemala,neutral,3,0,W,,,,,,,,,,,,,,"Columbus, United States",,True,True,2023.9,1651.4,0.8951,2027.6,3.7
2022-01-11,African Cup of Nations,2022,Tournament/Friendly,Egypt,CAF,Nigeria,neutral,0,1,L,,,,,,,,,,,,,,"Garoua, Cameroon",,True,True,1762.7,1737.9,0.5357,1736.0,-26.8
2022-01-15,African Cup of Nations,2022,Tournament/Friendly,Egypt,CAF,Guinea-Bissau,neutral,1,0,W,,,,,,,,,,,,,,"Garoua, Cameroon",,True,True,1736.0,1492.7,0.8022,1745.8,9.9
2022-01-19,African Cup of Nations,2022,Tournament/Friendly,Egypt,CAF,Sudan,neutral,1,0,W,,,,,,,,,,,,,,"Yaoundé, Cameroon",,True,True,1745.8,1415.0,0.8704,1752.3,6.5
2022-01-26,African Cup of Nations,2022,Tournament/Friendly,Egypt,CAF,Ivory Coast,neutral,0,0,D,,,,,,,,,,,,,,"Douala, Cameroon",,True,True,1752.3,1793.5,0.4411,1755.3,2.9
2022-01-30,African Cup of Nations,2022,Tournament/Friendly,Egypt,CAF,Morocco,neutral,2,1,W,,,,,,,,,,,,,,"Yaoundé, Cameroon",,True,True,1755.3,1862.1,0.3509,1787.7,32.5
2022-02-03,African Cup of Nations,2022,Tournament/Friendly,Egypt,CAF,Cameroon,away,0,0,D,,,,,,,,,,,,,,"Yaoundé, Cameroon",,False,True,1787.7,1742.1,0.4224,1791.6,3.9
2022-02-06,African Cup of Nations,2022,Tournament/Friendly,Egypt,CAF,Senegal,neutral,0,0,D,,,,,,,,,,,,,,"Yaoundé, Cameroon",,True,True,1791.6,1849.2,0.4178,1795.7,4.1
2022-03-25,FIFA World Cup qualification,2022,Qualification,Egypt,CAF,Senegal,home,1,0,W,,,,,,,,,,,,,,"Cairo, Egypt",,False,True,1795.7,1845.1,0.5723,1812.8,17.1
2022-03-29,FIFA World Cup qualification,2022,Qualification,Egypt,CAF,Senegal,away,0,1,L,,,,,,,,,,,,,,"Diamniadio, Senegal",,False,True,1812.8,1828.0,0.3401,1799.2,-13.6
2022-06-05,African Cup of Nations qualification,2022,Qualification,Egypt,CAF,Guinea,home,1,0,W,,,,,,,,,,,,,,"Cairo, Egypt",,False,True,1799.2,1501.5,0.908,1802.9,3.7
2022-06-09,African Cup of Nations qualification,2022,Qualification,Egypt,CAF,Ethiopia,neutral,0,2,L,,,,,,,,,,,,,,"Lilongwe, Malawi",,True,True,1802.9,1426.4,0.8973,1749.1,-53.8
2022-06-14,Friendly,2022,Tournament/Friendly,Egypt,CAF,South Korea,away,1,4,L,,,,,,,,,,,,,,"Seoul, South Korea",,False,True,1749.1,1889.9,0.2,1742.1,-7.0
2022-09-23,Friendly,2022,Tournament/Friendly,Egypt,CAF,Niger,home,3,0,W,,,,,,,,,,,,,,"Alexandria, Egypt",,False,True,1742.1,1380.7,0.9344,1744.4,2.3
2022-09-27,Friendly,2022,Tournament/Friendly,Egypt,CAF,Liberia,home,3,0,W,,,,,,,,,,,,,,"Alexandria, Egypt",,False,True,1744.4,1412.1,0.9233,1747.0,2.7
2022-11-18,Friendly,2022,Tournament/Friendly,Egypt,CAF,Belgium,neutral,2,1,W,,,,,,,,,,,,,,"Kuwait City, Kuwait",,True,True,1747.0,2080.6,0.1279,1764.5,17.4
2023-03-24,African Cup of Nations qualification,2023,Qualification,Egypt,CAF,Malawi,home,2,0,W,,,,,,,,,,,,,,"Cairo, Egypt",,False,True,1764.5,1416.8,0.9294,1768.7,4.2
2023-03-28,African Cup of Nations qualification,2023,Qualification,Egypt,CAF,Malawi,away,4,0,W,,,,,,,,,,,,,,"Lilongwe, Malawi",,False,True,1768.7,1412.5,0.8138,1782.7,14.0
2023-06-14,African Cup of Nations qualification,2023,Qualification,Egypt,CAF,Guinea,neutral,2,1,W,,,,,,,,,,,,,,"Marrakesh, Morocco",,True,True,1782.7,1546.5,0.7957,1790.9,8.2
2023-06-18,Friendly,2023,Tournament/Friendly,Egypt,CAF,South Sudan,home,3,0,W,,,,,,,,,,,,,,"Cairo, Egypt",,False,True,1790.9,1273.8,0.9721,1791.8,1.0
2023-09-08,African Cup of Nations qualification,2023,Qualification,Egypt,CAF,Ethiopia,home,1,0,W,,,,,,,,,,,,,,"Cairo, Egypt",,False,True,1791.8,1447.7,0.928,1794.7,2.9
2023-09-12,Friendly,2023,Tournament/Friendly,Egypt,CAF,Tunisia,home,1,3,L,,,,,,,,,,,,,,"Cairo, Egypt",,False,True,1794.7,1821.9,0.6033,1776.6,-18.1
2023-10-12,Friendly,2023,Tournament/Friendly,Egypt,CAF,Zambia,neutral,1,0,W,,,,,,,,,,,,,,"Al Ain, United Arab Emirates",,True,True,1776.6,1628.4,0.7013,1782.6,6.0
2023-10-16,Friendly,2023,Tournament/Friendly,Egypt,CAF,Algeria,neutral,1,1,D,,,,,,,,,,,,,,"Al Ain, United Arab Emirates",,True,True,1782.6,1820.4,0.4458,1783.7,1.1
2023-11-16,FIFA World Cup qualification,2023,Qualification,Egypt,CAF,Djibouti,home,6,0,W,,,,,,,,,,,,,,"Cairo, Egypt",,False,True,1783.7,1083.8,0.9901,1784.5,0.8
2023-11-19,FIFA World Cup qualification,2023,Qualification,Egypt,CAF,Sierra Leone,neutral,2,0,W,,,,,,,,,,,,,,"Monrovia, Liberia",,True,True,1784.5,1448.7,0.8736,1792.1,7.6
2024-01-07,Friendly,2024,Tournament/Friendly,Egypt,CAF,Tanzania,home,2,0,W,,,,,,,,,,,,,,"Cairo, Egypt",,False,True,1792.1,1464.9,0.9212,1794.5,2.4
2024-01-14,African Cup of Nations,2024,Tournament/Friendly,Egypt,CAF,Mozambique,neutral,2,2,D,,,,,,,,,,,,,,"Abidjan, Ivory Coast",,True,True,1794.5,1486.7,0.8547,1776.7,-17.7
2024-01-18,African Cup of Nations,2024,Tournament/Friendly,Egypt,CAF,Ghana,neutral,2,2,D,,,,,,,,,,,,,,"Abidjan, Ivory Coast",,True,True,1776.7,1625.0,0.7054,1766.5,-10.3
2024-01-22,African Cup of Nations,2024,Tournament/Friendly,Egypt,CAF,Cape Verde,neutral,2,2,D,,,,,,,,,,,,,,"Abidjan, Ivory Coast",,True,True,1766.5,1647.3,0.6651,1758.2,-8.3
2024-01-28,African Cup of Nations,2024,Tournament/Friendly,Egypt,CAF,DR Congo,neutral,1,1,D,,,,,,,,,,,,,,"San-Pédro, Ivory Coast",,True,True,1758.2,1609.9,0.7013,1748.1,-10.1
2024-03-22,FIFA Series,2024,Tournament/Friendly,Egypt,CAF,New Zealand,home,1,0,W,,,,,,,,,,,,,,"Cairo, Egypt",,False,True,1748.1,1693.1,0.7094,1754.0,5.8
2024-03-26,FIFA Series,2024,Tournament/Friendly,Egypt,CAF,Croatia,home,2,4,L,,,,,,,,,,,,,,"Cairo, Egypt",,False,True,1754.0,2000.0,0.3014,1744.9,-9.0
2024-06-06,FIFA World Cup qualification,2024,Qualification,Egypt,CAF,Burkina Faso,home,2,1,W,,,,,,,,,,,,,,"Cairo, Egypt",,False,True,1744.9,1619.9,0.7851,1753.5,8.6
2024-06-10,FIFA World Cup qualification,2024,Qualification,Egypt,CAF,Guinea-Bissau,away,1,1,D,,,,,,,,,,,,,,"Bissau, Guinea-Bissau",,False,True,1753.5,1452.3,0.761,1743.1,-10.4
2024-09-06,African Cup of Nations qualification,2024,Qualification,Egypt,CAF,Cape Verde,home,3,0,W,,,,,,,,,,,,,,"Cairo, Egypt",,False,True,1743.1,1667.1,0.7336,1761.7,18.7
2024-09-10,African Cup of Nations qualification,2024,Qualification,Egypt,CAF,Botswana,away,4,0,W,,,,,,,,,,,,,,"Francistown, Botswana",,False,True,1761.7,1424.5,0.7966,1777.0,15.3
2024-10-11,African Cup of Nations qualification,2024,Qualification,Egypt,CAF,Mauritania,home,2,0,W,,,,,,,,,,,,,,"Cairo, Egypt",,False,True,1777.0,1457.4,0.918,1781.9,4.9
2024-10-15,African Cup of Nations qualification,2024,Qualification,Egypt,CAF,Mauritania,away,1,0,W,,,,,,,,,,,,,,"Nouakchott, Mauritania",,False,True,1781.9,1452.5,0.7893,1790.3,8.4
2024-11-15,African Cup of Nations qualification,2024,Qualification,Egypt,CAF,Cape Verde,away,1,1,D,,,,,,,,,,,,,,"Praia, Cape Verde",,False,True,1790.3,1598.7,0.6289,1785.2,-5.2
2024-11-19,African Cup of Nations qualification,2024,Qualification,Egypt,CAF,Botswana,home,1,1,D,,,,,,,,,,,,,,"Cairo, Egypt",,False,True,1785.2,1462.1,0.9195,1768.4,-16.8
2025-03-21,FIFA World Cup qualification,2025,Qualification,Egypt,CAF,Ethiopia,neutral,2,0,W,,,,,,,,,,,,,,"Casablanca, Morocco",,True,True,1768.4,1390.7,0.8979,1774.5,6.1
2025-03-25,FIFA World Cup qualification,2025,Qualification,Egypt,CAF,Sierra Leone,home,1,0,W,,,,,,,,,,,,,,"Cairo, Egypt",,False,True,1774.5,1461.3,0.9152,1777.9,3.4
2025-09-05,FIFA World Cup qualification,2025,Qualification,Egypt,CAF,Ethiopia,home,2,0,W,,,,,,,,,,,,,,"Cairo, Egypt",,False,True,1777.9,1397.9,0.9406,1781.5,3.6
2025-09-09,FIFA World Cup qualification,2025,Qualification,Egypt,CAF,Burkina Faso,away,0,0,D,,,,,,,,,,,,,,"Ouagadougou, Burkina Faso",,False,True,1781.5,1643.0,0.5551,1779.3,-2.2
2025-10-08,FIFA World Cup qualification,2025,Qualification,Egypt,CAF,Djibouti,neutral,3,0,W,,,,,,,,,,,,,,"Casablanca, Morocco",,True,True,1779.3,1082.0,0.9823,1780.5,1.2
2025-10-12,FIFA World Cup qualification,2025,Qualification,Egypt,CAF,Guinea-Bissau,home,1,0,W,,,,,,,,,,,,,,"Cairo, Egypt",,False,True,1780.5,1357.6,0.953,1782.4,1.9
2025-11-14,Al Ain International Cup,2025,Tournament/Friendly,Egypt,CAF,Uzbekistan,neutral,0,2,L,,,,,,,,,,,,,,"Al Ain, United Arab Emirates",,True,True,1782.4,1823.2,0.4415,1762.5,-19.9
2025-11-17,Al Ain International Cup,2025,Tournament/Friendly,Egypt,CAF,Cape Verde,neutral,1,1,D,,,,,,,,,,,,,,"Al Ain, United Arab Emirates",,True,True,1762.5,1669.5,0.6308,1758.6,-3.9
2025-12-02,Arab Cup,2025,Tournament/Friendly,Egypt,CAF,Kuwait,neutral,1,1,D,,,,,,,,,,,,,,"Lusail, Qatar",,True,True,1758.6,1482.6,0.8304,1748.7,-9.9
2025-12-06,Arab Cup,2025,Tournament/Friendly,Egypt,CAF,United Arab Emirates,neutral,1,1,D,,,,,,,,,,,,,,"Lusail, Qatar",,True,True,1748.7,1652.0,0.6356,1744.6,-4.1
2025-12-09,Arab Cup,2025,Tournament/Friendly,Egypt,CAF,Jordan,neutral,0,3,L,,,,,,,,,,,,,,"Al Khor, Qatar",,True,True,1744.6,1737.5,0.5102,1717.8,-26.8
2025-12-22,African Cup of Nations,2025,Tournament/Friendly,Egypt,CAF,Zimbabwe,neutral,2,1,W,,,,,,,,,,,,,,"Agadir, Morocco",,True,True,1717.8,1452.1,0.8219,1726.7,8.9
2025-12-26,African Cup of Nations,2025,Tournament/Friendly,Egypt,CAF,South Africa,neutral,1,0,W,,,,,,,,,,,,,,"Agadir, Morocco",,True,True,1726.7,1700.4,0.5378,1749.8,23.1
2025-12-29,African Cup of Nations,2025,Tournament/Friendly,Egypt,CAF,Angola,neutral,0,0,D,,,,,,,,,,,,,,"Agadir, Morocco",,True,True,1749.8,1572.9,0.7347,1738.1,-11.7
2026-01-05,African Cup of Nations,2026,Tournament/Friendly,Egypt,CAF,Benin,neutral,3,1,W,,,,,,,,,,,,,,"Agadir, Morocco",,True,True,1738.1,1547.8,0.7494,1756.9,18.8
2026-01-10,African Cup of Nations,2026,Tournament/Friendly,Egypt,CAF,Ivory Coast,neutral,3,2,W,,,,,,,,,,,,,,"Agadir, Morocco",,True,True,1756.9,1785.2,0.4593,1783.9,27.0
2026-01-14,African Cup of Nations,2026,Tournament/Friendly,Egypt,CAF,Senegal,neutral,0,1,L,,,,,,,,,,,,,,"Tangier, Morocco",,True,True,1783.9,1936.5,0.2935,1769.3,-14.7
2026-01-17,African Cup of Nations,2026,Tournament/Friendly,Egypt,CAF,Nigeria,neutral,0,0,D,,,,,,,,,,,,,,"Casablanca, Morocco",,True,True,1769.3,1867.3,0.3625,1776.1,6.9
2026-03-27,Friendly,2026,Tournament/Friendly,Egypt,CAF,Saudi Arabia,away,4,0,W,,,,,,,,,,,,,,"Jeddah, Saudi Arabia",,False,True,1776.1,1708.2,0.454,1796.6,20.5
2026-03-31,Friendly,2026,Tournament/Friendly,Egypt,CAF,Spain,away,0,0,D,,,,,,,,,,,,,,"Barcelona, Spain",,False,True,1796.6,2232.8,0.0437,1805.7,9.1
2026-05-28,Friendly,2026,Tournament/Friendly,Egypt,CAF,Russia,home,1,0,W,,,,,,,,,,,,,,"Cairo, Egypt",,False,True,1805.7,1840.3,0.5931,1813.9,8.1
2026-06-06,Friendly,2026,Tournament/Friendly,Egypt,CAF,Brazil,neutral,1,2,L,,,,,,,,,,,,,,"Cleveland, United States",,True,True,1813.9,2069.2,0.187,1810.1,-3.7
2022-03-26,Friendly,2022,Tournament/Friendly,England,UEFA,Switzerland,home,2,1,W,,,,,,,,,,,,,,"London, England",,False,True,2082.8,2000.0,0.7412,2088.0,5.2
2022-03-29,Friendly,2022,Tournament/Friendly,England,UEFA,Ivory Coast,home,3,0,W,,,,,,,,,,,,,,"London, England",,False,True,2088.0,1789.2,0.9085,2091.2,3.2
2022-06-04,UEFA Nations League,2022,Tournament/Friendly,England,UEFA,Hungary,away,0,1,L,,,,,,,,,,,,,,"Budapest, Hungary",,False,True,2091.2,1774.9,0.7765,2060.2,-31.1
2022-06-07,UEFA Nations League,2022,Tournament/Friendly,England,UEFA,Germany,away,1,1,D,,,,,,,,,,,,,,"Munich, Germany",,False,True,2060.2,2020.4,0.4142,2063.6,3.4
2022-06-11,UEFA Nations League,2022,Tournament/Friendly,England,UEFA,Italy,home,0,0,D,,,,,,,,,,,,,,"Wolverhampton, England",,False,True,2063.6,2030.9,0.6822,2056.3,-7.3
2022-06-14,UEFA Nations League,2022,Tournament/Friendly,England,UEFA,Hungary,home,0,4,L,,,,,,,,,,,,,,"Wolverhampton, England",,False,True,2056.3,1806.9,0.882,1990.2,-66.1
2022-09-23,UEFA Nations League,2022,Tournament/Friendly,England,UEFA,Italy,away,0,1,L,,,,,,,,,,,,,,"Milan, Italy",,False,True,1990.2,2010.3,0.3336,1976.8,-13.3
2022-09-26,UEFA Nations League,2022,Tournament/Friendly,England,UEFA,Germany,home,3,3,D,,,,,,,,,,,,,,"London, England",,False,True,1976.8,2005.4,0.6013,1972.8,-4.1
2022-11-21,FIFA World Cup,2022,Tournament/Friendly,England,UEFA,Iran,neutral,6,2,W,,,,,,,,,,,,,,"Al Rayyan, Qatar",,True,True,1972.8,1897.2,0.6071,2017.0,44.2
2022-11-25,FIFA World Cup,2022,Tournament/Friendly,England,UEFA,USA,neutral,0,0,D,,,,,,,,,,,,,,"Al Khor, Qatar",,True,True,2017.0,1893.7,0.6703,2006.7,-10.2
2022-11-29,FIFA World Cup,2022,Tournament/Friendly,England,UEFA,Wales,neutral,3,0,W,,,,,,,,,,,,,,"Al Rayyan, Qatar",,True,True,2006.7,1796.2,0.7706,2030.8,24.1
2022-12-04,FIFA World Cup,2022,Tournament/Friendly,England,UEFA,Senegal,neutral,3,0,W,,,,,,,,,,,,,,"Al Khor, Qatar",,True,True,2030.8,1887.4,0.6954,2062.8,32.0
2022-12-10,FIFA World Cup,2022,Tournament/Friendly,England,UEFA,France,neutral,1,2,L,,,,,,,,,,,,,,"Al Khor, Qatar",,True,True,2062.8,2066.9,0.4942,2033.2,-29.6
2023-03-23,UEFA Euro qualification,2023,Qualification,England,UEFA,Italy,away,2,1,W,,,,,,,,,,,,,,"Napoli, Italy",,False,True,2033.2,2033.1,0.36,2058.8,25.6
2023-03-26,UEFA Euro qualification,2023,Qualification,England,UEFA,Ukraine,home,2,0,W,,,,,,,,,,,,,,"London, England",,False,True,2058.8,1862.6,0.8461,2068.0,9.2
2023-06-16,UEFA Euro qualification,2023,Qualification,England,UEFA,Malta,away,4,0,W,,,,,,,,,,,,,,"Ta' Qali, Malta",,False,True,2068.0,1321.0,0.9764,2069.8,1.8
2023-06-19,UEFA Euro qualification,2023,Qualification,England,UEFA,North Macedonia,home,7,0,W,,,,,,,,,,,,,,"Manchester, England",,False,True,2069.8,1584.7,0.9667,2072.8,3.0
2023-09-09,UEFA Euro qualification,2023,Qualification,England,UEFA,Ukraine,neutral,1,1,D,,,,,,,,,,,,,,"Wrocław, Poland",,True,True,2072.8,1872.5,0.76,2062.4,-10.4
2023-09-12,Friendly,2023,Tournament/Friendly,England,UEFA,Scotland,away,3,1,W,,,,,,,,,,,,,,"Glasgow, Scotland",,False,True,2062.4,1885.0,0.6095,2074.1,11.7
2023-10-13,Friendly,2023,Tournament/Friendly,England,UEFA,Australia,home,1,0,W,,,,,,,,,,,,,,"London, England",,False,True,2074.1,1867.5,0.8538,2077.0,2.9
2023-10-17,UEFA Euro qualification,2023,Qualification,England,UEFA,Italy,home,3,1,W,,,,,,,,,,,,,,"London, England",,False,True,2077.0,2013.6,0.7192,2093.8,16.8
2023-11-17,UEFA Euro qualification,2023,Qualification,England,UEFA,Malta,home,2,0,W,,,,,,,,,,,,,,"London, England",,False,True,2093.8,1301.2,0.9942,2094.2,0.3
2023-11-20,UEFA Euro qualification,2023,Qualification,England,UEFA,North Macedonia,away,1,1,D,,,,,,,,,,,,,,"Skopje, North Macedonia",,False,True,2094.2,1605.7,0.9035,2078.1,-16.1
2024-03-23,Friendly,2024,Tournament/Friendly,England,UEFA,Brazil,home,0,1,L,,,,,,,,,,,,,,"London, England",,False,True,2078.1,2078.2,0.6399,2065.3,-12.8
2024-03-26,Friendly,2024,Tournament/Friendly,England,UEFA,Belgium,home,2,2,D,,,,,,,,,,,,,,"London, England",,False,True,2065.3,2042.2,0.67,2061.9,-3.4
2024-06-03,Friendly,2024,Tournament/Friendly,England,UEFA,Bosnia & Herzegovina,home,3,0,W,,,,,,,,,,,,,,"Newcastle, England",,False,True,2061.9,1527.8,0.9747,2062.7,0.9
2024-06-07,Friendly,2024,Tournament/Friendly,England,UEFA,Iceland,home,0,1,L,,,,,,,,,,,,,,"London, England",,False,True,2062.7,1602.1,0.9619,2043.5,-19.2
2024-06-16,UEFA Euro,2024,Tournament/Friendly,England,UEFA,Serbia,neutral,1,0,W,,,,,,,,,,,,,,"Gelsenkirchen, Germany",,True,True,2043.5,1871.0,0.7297,2057.0,13.5
2024-06-20,UEFA Euro,2024,Tournament/Friendly,England,UEFA,Denmark,neutral,1,1,D,,,,,,,,,,,,,,"Frankfurt, Germany",,True,True,2057.0,1879.1,0.7358,2045.2,-11.8
2024-06-25,UEFA Euro,2024,Tournament/Friendly,England,UEFA,Slovenia,neutral,0,0,D,,,,,,,,,,,,,,"Cologne, Germany",,True,True,2045.2,1795.0,0.8085,2029.8,-15.4
2024-06-30,UEFA Euro,2024,Tournament/Friendly,England,UEFA,Slovakia,neutral,2,1,W,,,,,,,,,,,,,,"Gelsenkirchen, Germany",,True,True,2029.8,1744.3,0.838,2037.9,8.1
2024-07-06,UEFA Euro,2024,Tournament/Friendly,England,UEFA,Switzerland,neutral,1,1,D,,,,,,,,,,,,,,"Düsseldorf, Germany",,True,True,2037.9,1955.7,0.6162,2032.1,-5.8
2024-07-10,UEFA Euro,2024,Tournament/Friendly,England,UEFA,Netherlands,neutral,2,1,W,,,,,,,,,,,,,,"Dortmund, Germany",,True,True,2032.1,2056.7,0.4646,2058.9,26.8
2024-07-14,UEFA Euro,2024,Tournament/Friendly,England,UEFA,Spain,neutral,1,2,L,,,,,,,,,,,,,,"Berlin, Germany",,True,True,2058.9,2188.8,0.3212,2042.8,-16.1
2024-09-07,UEFA Nations League,2024,Tournament/Friendly,England,UEFA,Republic of Ireland,away,2,0,W,,,,,,,,,,,,,,"Dublin, Republic of Ireland",,False,True,2042.8,1674.7,0.824,2053.4,10.6
2024-09-10,UEFA Nations League,2024,Tournament/Friendly,England,UEFA,Finland,home,2,0,W,,,,,,,,,,,,,,"London, England",,False,True,2053.4,1661.5,0.9443,2056.7,3.3
2024-10-10,UEFA Nations League,2024,Tournament/Friendly,England,UEFA,Greece,home,1,2,L,,,,,,,,,,,,,,"London, England",,False,True,2056.7,1837.5,0.8627,2022.2,-34.5
2024-10-13,UEFA Nations League,2024,Tournament/Friendly,England,UEFA,Finland,away,3,1,W,,,,,,,,,,,,,,"Helsinki, Finland",,False,True,2022.2,1631.5,0.842,2031.7,9.5
2024-11-14,UEFA Nations League,2024,Tournament/Friendly,England,UEFA,Greece,away,3,0,W,,,,,,,,,,,,,,"Athens, Greece",,False,True,2031.7,1880.7,0.5728,2061.6,29.9
2024-11-17,UEFA Nations League,2024,Tournament/Friendly,England,UEFA,Republic of Ireland,home,5,0,W,,,,,,,,,,,,,,"London, England",,False,True,2061.6,1668.7,0.9446,2066.0,4.4
2025-03-21,FIFA World Cup qualification,2025,Qualification,England,UEFA,Albania,home,2,0,W,,,,,,,,,,,,,,"London, England",,False,True,2066.0,1686.3,0.9405,2069.6,3.6
2025-03-24,FIFA World Cup qualification,2025,Qualification,England,UEFA,Latvia,home,3,0,W,,,,,,,,,,,,,,"London, England",,False,True,2069.6,1344.8,0.9914,2070.2,0.6
2025-06-07,FIFA World Cup qualification,2025,Qualification,England,UEFA,Andorra,neutral,1,0,W,,,,,,,,,,,,,,"Barcelona, Spain",,True,True,2070.2,1124.1,0.9957,2070.4,0.2
2025-06-10,Friendly,2025,Tournament/Friendly,England,UEFA,Senegal,home,1,3,L,,,,,,,,,,,,,,"London, England",,False,True,2070.4,1871.3,0.8483,2044.9,-25.4
2025-09-06,FIFA World Cup qualification,2025,Qualification,England,UEFA,Andorra,home,2,0,W,,,,,,,,,,,,,,"London, England",,False,True,2044.9,1123.5,0.9972,2045.1,0.2
2025-09-09,FIFA World Cup qualification,2025,Qualification,England,UEFA,Serbia,away,5,0,W,,,,,,,,,,,,,,"Belgrade, Serbia",,False,True,2045.1,1901.9,0.5618,2080.1,35.1
2025-10-09,Friendly,2025,Tournament/Friendly,England,UEFA,Wales,home,3,0,W,,,,,,,,,,,,,,"London, England",,False,True,2080.1,1782.6,0.9079,2083.3,3.2
2025-10-14,FIFA World Cup qualification,2025,Qualification,England,UEFA,Latvia,away,5,0,W,,,,,,,,,,,,,,"Riga, Latvia",,False,True,2083.3,1335.5,0.9766,2085.2,1.9
2025-11-13,FIFA World Cup qualification,2025,Qualification,England,UEFA,Serbia,home,2,0,W,,,,,,,,,,,,,,"London, England",,False,True,2085.2,1835.3,0.8823,2092.3,7.1
2025-11-16,FIFA World Cup qualification,2025,Qualification,England,UEFA,Albania,away,2,0,W,,,,,,,,,,,,,,"Tirana, Albania",,False,True,2092.3,1731.1,0.8181,2103.2,10.9
2026-03-27,Friendly,2026,Tournament/Friendly,England,UEFA,Uruguay,home,1,1,D,,,,,,,,,,,,,,"London, England",,False,True,2103.2,1973.3,0.7898,2097.4,-5.8
2026-03-31,Friendly,2026,Tournament/Friendly,England,UEFA,Japan,home,0,1,L,,,,,,,,,,,,,,"London, England",,False,True,2097.4,1970.5,0.7868,2081.7,-15.7
2026-06-06,Friendly,2026,Tournament/Friendly,England,UEFA,New Zealand,neutral,1,0,W,,,,,,,,,,,,,,"Tampa, United States",,True,True,2081.7,1726.8,0.8852,2084.0,2.3
2026-06-10,Friendly,2026,Tournament/Friendly,England,UEFA,Costa Rica,neutral,3,0,W,,,,,,,,,,,,,,"Orlando, United States",,True,True,2084.0,1743.2,0.8767,2088.3,4.3
2022-03-25,Friendly,2022,Tournament/Friendly,France,UEFA,Ivory Coast,home,2,1,W,,,,,,,,,,,,,,"Marseille, France",,False,True,2151.4,1790.5,0.9342,2152.7,1.3
2022-03-29,Friendly,2022,Tournament/Friendly,France,UEFA,South Africa,home,5,0,W,,,,,,,,,,,,,,"Villeneuve-d'Ascq, France",,False,True,2152.7,1649.8,0.9698,2153.9,1.2
2022-06-03,UEFA Nations League,2022,Tournament/Friendly,France,UEFA,Denmark,home,1,2,L,,,,,,,,,,,,,,"Paris, France",,False,True,2153.9,1982.9,0.8263,2120.8,-33.1
2022-06-06,UEFA Nations League,2022,Tournament/Friendly,France,UEFA,Croatia,away,1,1,D,,,,,,,,,,,,,,"Split, Croatia",,False,True,2120.8,1845.2,0.7332,2111.5,-9.3
2022-06-10,UEFA Nations League,2022,Tournament/Friendly,France,UEFA,Austria,away,1,1,D,,,,,,,,,,,,,,"Vienna, Austria",,False,True,2111.5,1802.0,0.7696,2100.7,-10.8
2022-06-13,UEFA Nations League,2022,Tournament/Friendly,France,UEFA,Croatia,home,0,1,L,,,,,,,,,,,,,,"Paris, France",,False,True,2100.7,1887.7,0.8583,2066.4,-34.3
2022-09-22,UEFA Nations League,2022,Tournament/Friendly,France,UEFA,Austria,home,2,0,W,,,,,,,,,,,,,,"Paris, France",,False,True,2066.4,1803.0,0.8901,2073.0,6.6
2022-09-25,UEFA Nations League,2022,Tournament/Friendly,France,UEFA,Denmark,away,0,2,L,,,,,,,,,,,,,,"Copenhagen, Denmark",,False,True,2073.0,1987.8,0.4786,2044.3,-28.7
2022-11-22,FIFA World Cup,2022,Tournament/Friendly,France,UEFA,Australia,neutral,4,1,W,,,,,,,,,,,,,,"Al Wakrah, Qatar",,True,True,2044.3,1828.8,0.7756,2067.8,23.6
2022-11-26,FIFA World Cup,2022,Tournament/Friendly,France,UEFA,Denmark,neutral,2,1,W,,,,,,,,,,,,,,"Doha, Qatar",,True,True,2067.8,1999.6,0.597,2092.0,24.2
2022-11-30,FIFA World Cup,2022,Tournament/Friendly,France,UEFA,Tunisia,neutral,0,1,L,,,,,,,,,,,,,,"Al Rayyan, Qatar",,True,True,2092.0,1780.1,0.8576,2040.5,-51.5
2022-12-04,FIFA World Cup,2022,Tournament/Friendly,France,UEFA,Poland,neutral,3,1,W,,,,,,,,,,,,,,"Doha, Qatar",,True,True,2040.5,1887.0,0.7076,2066.9,26.3
2022-12-10,FIFA World Cup,2022,Tournament/Friendly,France,UEFA,England,neutral,2,1,W,,,,,,,,,,,,,,"Al Khor, Qatar",,True,True,2066.9,2062.8,0.5058,2096.5,29.6
2022-12-14,FIFA World Cup,2022,Tournament/Friendly,France,UEFA,Morocco,neutral,2,0,W,,,,,,,,,,,,,,"Al Khor, Qatar",,True,True,2096.5,2009.2,0.6231,2130.4,33.9
2022-12-18,FIFA World Cup,2022,Tournament/Friendly,France,UEFA,Argentina,neutral,3,3,D,,,,,,,,,,,,,,"Lusail, Qatar",,True,True,2130.4,2209.4,0.3883,2137.1,6.7
2023-03-24,UEFA Euro qualification,2023,Qualification,France,UEFA,Netherlands,home,4,0,W,,,,,,,,,,,,,,"Paris, France",,False,True,2137.1,2131.7,0.6472,2163.6,26.5
2023-03-27,UEFA Euro qualification,2023,Qualification,France,UEFA,Republic of Ireland,away,1,0,W,,,,,,,,,,,,,,"Dublin, Republic of Ireland",,False,True,2163.6,1727.4,0.8739,2168.6,5.0
2023-06-16,UEFA Euro qualification,2023,Qualification,France,UEFA,Gibraltar,neutral,3,0,W,,,,,,,,,,,,,,"Faro-Loulé, Portugal",,True,True,2168.6,1171.5,0.9968,2168.9,0.2
2023-06-19,UEFA Euro qualification,2023,Qualification,France,UEFA,Greece,home,1,0,W,,,,,,,,,,,,,,"Paris, France",,False,True,2168.9,1749.0,0.9522,2170.8,1.9
2023-09-07,UEFA Euro qualification,2023,Qualification,France,UEFA,Republic of Ireland,home,2,0,W,,,,,,,,,,,,,,"Paris, France",,False,True,2170.8,1710.3,0.9618,2173.1,2.3
2023-09-12,Friendly,2023,Tournament/Friendly,France,UEFA,Germany,away,1,2,L,,,,,,,,,,,,,,"Dortmund, Germany",,False,True,2173.1,1952.2,0.6673,2159.7,-13.3
2023-10-13,UEFA Euro qualification,2023,Qualification,France,UEFA,Netherlands,away,2,1,W,,,,,,,,,,,,,,"Amsterdam, Netherlands",,False,True,2159.7,2047.0,0.5183,2179.0,19.3
2023-10-17,Friendly,2023,Tournament/Friendly,France,UEFA,Scotland,home,4,1,W,,,,,,,,,,,,,,"Lille, France",,False,True,2179.0,1863.7,0.9161,2181.9,2.9
2023-11-18,UEFA Euro qualification,2023,Qualification,France,UEFA,Gibraltar,home,14,0,W,,,,,,,,,,,,,,"Nice, France",,False,True,2181.9,1159.3,0.9984,2182.1,0.2
2023-11-21,UEFA Euro qualification,2023,Qualification,France,UEFA,Greece,away,2,2,D,,,,,,,,,,,,,,"Athens, Greece",,False,True,2182.1,1773.3,0.8554,2167.9,-14.2
2024-03-23,Friendly,2024,Tournament/Friendly,France,UEFA,Germany,home,0,2,L,,,,,,,,,,,,,,"Lyon, France",,False,True,2167.9,1950.1,0.8617,2142.1,-25.9
2024-03-26,Friendly,2024,Tournament/Friendly,France,UEFA,Chile,home,3,2,W,,,,,,,,,,,,,,"Marseille, France",,False,True,2142.1,1795.1,0.9291,2143.5,1.4
2024-06-05,Friendly,2024,Tournament/Friendly,France,UEFA,Luxembourg,home,3,0,W,,,,,,,,,,,,,,"Metz, France",,False,True,2143.5,1555.2,0.9813,2144.1,0.7
2024-06-09,Friendly,2024,Tournament/Friendly,France,UEFA,Canada,home,0,0,D,,,,,,,,,,,,,,"Bordeaux, France",,False,True,2144.1,1826.3,0.9172,2135.8,-8.3
2024-06-17,UEFA Euro,2024,Tournament/Friendly,France,UEFA,Austria,neutral,1,0,W,,,,,,,,,,,,,,"Düsseldorf, Germany",,True,True,2135.8,1911.8,0.784,2146.6,10.8
2024-06-21,UEFA Euro,2024,Tournament/Friendly,France,UEFA,Netherlands,neutral,0,0,D,,,,,,,,,,,,,,"Leipzig, Germany",,True,True,2146.6,2056.2,0.6272,2140.2,-6.4
2024-06-25,UEFA Euro,2024,Tournament/Friendly,France,UEFA,Poland,neutral,1,1,D,,,,,,,,,,,,,,"Dortmund, Germany",,True,True,2140.2,1765.2,0.8965,2120.4,-19.8
2024-07-01,UEFA Euro,2024,Tournament/Friendly,France,UEFA,Belgium,neutral,1,0,W,,,,,,,,,,,,,,"Düsseldorf, Germany",,True,True,2120.4,2009.1,0.6549,2137.6,17.3
2024-07-05,UEFA Euro,2024,Tournament/Friendly,France,UEFA,Portugal,neutral,0,0,D,,,,,,,,,,,,,,"Hamburg, Germany",,True,True,2137.6,2005.5,0.6815,2128.6,-9.1
2024-07-09,UEFA Euro,2024,Tournament/Friendly,France,UEFA,Spain,neutral,1,2,L,,,,,,,,,,,,,,"Munich, Germany",,True,True,2128.6,2166.6,0.4455,2106.3,-22.3
2024-09-06,UEFA Nations League,2024,Tournament/Friendly,France,UEFA,Italy,home,1,3,L,,,,,,,,,,,,,,"Paris, France",,False,True,2106.3,1947.3,0.8162,2057.3,-49.0
2024-09-09,UEFA Nations League,2024,Tournament/Friendly,France,UEFA,Belgium,home,2,0,W,,,,,,,,,,,,,,"Décines-Charpieu, France",,False,True,2057.3,1998.1,0.7144,2074.5,17.1
2024-10-10,UEFA Nations League,2024,Tournament/Friendly,France,UEFA,Israel,neutral,4,1,W,,,,,,,,,,,,,,"Budapest, Hungary",,True,True,2074.5,1607.5,0.9363,2078.9,4.5
2024-10-14,UEFA Nations League,2024,Tournament/Friendly,France,UEFA,Belgium,away,2,1,W,,,,,,,,,,,,,,"Leuven, Belgium",,False,True,2078.9,1987.5,0.4876,2099.4,20.5
2024-11-14,UEFA Nations League,2024,Tournament/Friendly,France,UEFA,Israel,home,0,0,D,,,,,,,,,,,,,,"Paris, France",,False,True,2099.4,1599.1,0.9694,2080.6,-18.8
2024-11-17,UEFA Nations League,2024,Tournament/Friendly,France,UEFA,Italy,away,3,1,W,,,,,,,,,,,,,,"Milan, Italy",,False,True,2080.6,2021.4,0.4415,2114.1,33.5
2025-03-20,UEFA Nations League,2025,Tournament/Friendly,France,UEFA,Croatia,away,0,2,L,,,,,,,,,,,,,,"Split, Croatia",,False,True,2114.1,1941.9,0.6024,2078.0,-36.1
2025-03-23,UEFA Nations League,2025,Tournament/Friendly,France,UEFA,Croatia,home,2,0,W,,,,,,,,,,,,,,"Paris, France",,False,True,2078.0,1978.1,0.7597,2092.4,14.4
2025-06-05,UEFA Nations League,2025,Tournament/Friendly,France,UEFA,Spain,neutral,4,5,L,,,,,,,,,,,,,,"Stuttgart, Germany",,True,True,2092.4,2212.0,0.3344,2079.0,-13.4
2025-06-08,UEFA Nations League,2025,Tournament/Friendly,France,UEFA,Germany,away,2,0,W,,,,,,,,,,,,,,"Stuttgart, Germany",,False,True,2079.0,2019.4,0.4421,2112.5,33.5
2025-09-05,FIFA World Cup qualification,2025,Qualification,France,UEFA,Ukraine,neutral,2,0,W,,,,,,,,,,,,,,"Wrocław, Poland",,True,True,2112.5,1860.0,0.8106,2123.9,11.4
2025-09-09,FIFA World Cup qualification,2025,Qualification,France,UEFA,Iceland,home,2,1,W,,,,,,,,,,,,,,"Paris, France",,False,True,2123.9,1619.2,0.9701,2125.1,1.2
2025-10-10,FIFA World Cup qualification,2025,Qualification,France,UEFA,Azerbaijan,home,3,0,W,,,,,,,,,,,,,,"Paris, France",,False,True,2125.1,1425.9,0.9901,2125.8,0.7
2025-10-13,FIFA World Cup qualification,2025,Qualification,France,UEFA,Iceland,away,2,2,D,,,,,,,,,,,,,,"Reykjavík, Iceland",,False,True,2125.8,1597.6,0.9216,2108.9,-16.9
2025-11-13,FIFA World Cup qualification,2025,Qualification,France,UEFA,Ukraine,home,4,0,W,,,,,,,,,,,,,,"Paris, France",,False,True,2108.9,1857.1,0.8834,2117.6,8.7
2025-11-16,FIFA World Cup qualification,2025,Qualification,France,UEFA,Azerbaijan,away,3,1,W,,,,,,,,,,,,,,"Baku, Azerbaijan",,False,True,2117.6,1399.9,0.9722,2119.3,1.7
2026-03-26,Friendly,2026,Tournament/Friendly,France,UEFA,Brazil,neutral,2,1,W,,,,,,,,,,,,,,"Foxborough, United States",,True,True,2119.3,2059.0,0.5859,2127.6,8.3
2026-03-29,Friendly,2026,Tournament/Friendly,France,UEFA,Colombia,neutral,3,1,W,,,,,,,,,,,,,,"Landover, United States",,True,True,2127.6,2068.3,0.5845,2140.1,12.5
2026-06-04,Friendly,2026,Tournament/Friendly,France,UEFA,Ivory Coast,home,1,2,L,,,,,,,,,,,,,,"Nantes, France",,False,True,2140.1,1795.9,0.928,2121.5,-18.6
2026-06-08,Friendly,2026,Tournament/Friendly,France,UEFA,Northern Ireland,home,3,1,W,,,,,,,,,,,,,,"Lille, France",,False,True,2121.5,1660.6,0.9619,2122.6,1.1
2022-03-26,Friendly,2022,Tournament/Friendly,Germany,UEFA,Israel,home,2,0,W,,,,,,,,,,,,,,"Sinsheim, Germany",,False,True,2009.6,1671.7,0.9255,2011.8,2.2
2022-03-29,Friendly,2022,Tournament/Friendly,Germany,UEFA,Netherlands,away,1,1,D,,,,,,,,,,,,,,"Amsterdam, Netherlands",,False,True,2011.8,1983.0,0.399,2013.8,2.0
2022-06-04,UEFA Nations League,2022,Tournament/Friendly,Germany,UEFA,Italy,away,1,1,D,,,,,,,,,,,,,,"Bologna, Italy",,False,True,2013.8,2031.9,0.3363,2020.4,6.5
2022-06-07,UEFA Nations League,2022,Tournament/Friendly,Germany,UEFA,England,home,1,1,D,,,,,,,,,,,,,,"Munich, Germany",,False,True,2020.4,2060.2,0.5858,2016.9,-3.4
2022-06-11,UEFA Nations League,2022,Tournament/Friendly,Germany,UEFA,Hungary,away,1,1,D,,,,,,,,,,,,,,"Budapest, Hungary",,False,True,2016.9,1800.5,0.6616,2010.5,-6.5
2022-06-14,UEFA Nations League,2022,Tournament/Friendly,Germany,UEFA,Italy,home,5,2,W,,,,,,,,,,,,,,"Mönchengladbach, Germany",,False,True,2010.5,2038.1,0.6026,2038.3,27.8
2022-09-23,UEFA Nations League,2022,Tournament/Friendly,Germany,UEFA,Hungary,home,0,1,L,,,,,,,,,,,,,,"Leipzig, Germany",,False,True,2038.3,1873.1,0.8215,2005.4,-32.9
2022-09-26,UEFA Nations League,2022,Tournament/Friendly,Germany,UEFA,England,away,3,3,D,,,,,,,,,,,,,,"London, England",,False,True,2005.4,1976.8,0.3987,2009.5,4.1
2022-11-16,Friendly,2022,Tournament/Friendly,Germany,UEFA,Oman,away,1,0,W,,,,,,,,,,,,,,"Muscat, Oman",,False,True,2009.5,1663.5,0.8047,2013.4,3.9
2022-11-23,FIFA World Cup,2022,Tournament/Friendly,Germany,UEFA,Japan,neutral,1,2,L,,,,,,,,,,,,,,"Al Rayyan, Qatar",,True,True,2013.4,1902.9,0.6538,1974.1,-39.2
2022-11-27,FIFA World Cup,2022,Tournament/Friendly,Germany,UEFA,Spain,neutral,1,1,D,,,,,,,,,,,,,,"Al Khor, Qatar",,True,True,1974.1,2125.5,0.295,1986.5,12.3
2022-12-01,FIFA World Cup,2022,Tournament/Friendly,Germany,UEFA,Costa Rica,neutral,4,2,W,,,,,,,,,,,,,,"Al Khor, Qatar",,True,True,1986.5,1876.3,0.6534,2017.6,31.2
2023-03-25,Friendly,2023,Tournament/Friendly,Germany,UEFA,Peru,home,2,0,W,,,,,,,,,,,,,,"Mainz, Germany",,False,True,2017.6,1924.8,0.7521,2025.1,7.4
2023-03-28,Friendly,2023,Tournament/Friendly,Germany,UEFA,Belgium,home,2,3,L,,,,,,,,,,,,,,"Cologne, Germany",,False,True,2025.1,2036.4,0.6249,2012.6,-12.5
2023-06-12,Friendly,2023,Tournament/Friendly,Germany,UEFA,Ukraine,home,3,3,D,,,,,,,,,,,,,,"Bremen, Germany",,False,True,2012.6,1853.4,0.8164,2006.3,-6.3
2023-06-16,Friendly,2023,Tournament/Friendly,Germany,UEFA,Poland,away,0,1,L,,,,,,,,,,,,,,"Warsaw, Poland",,False,True,2006.3,1841.2,0.5925,1994.4,-11.9
2023-06-20,Friendly,2023,Tournament/Friendly,Germany,UEFA,Colombia,home,0,2,L,,,,,,,,,,,,,,"Gelsenkirchen, Germany",,False,True,1994.4,2002.2,0.6296,1975.5,-18.9
2023-09-09,Friendly,2023,Tournament/Friendly,Germany,UEFA,Japan,home,1,4,L,,,,,,,,,,,,,,"Wolfsburg, Germany",,False,True,1975.5,1955.3,0.6665,1952.2,-23.3
2023-09-12,Friendly,2023,Tournament/Friendly,Germany,UEFA,France,home,2,1,W,,,,,,,,,,,,,,"Dortmund, Germany",,False,True,1952.2,2173.1,0.3327,1965.5,13.3
2023-10-14,Friendly,2023,Tournament/Friendly,Germany,UEFA,USA,away,3,1,W,,,,,,,,,,,,,,"East Hartford, United States",,False,True,1965.5,1916.0,0.4278,1982.7,17.2
2023-10-17,Friendly,2023,Tournament/Friendly,Germany,UEFA,Mexico,neutral,2,2,D,,,,,,,,,,,,,,"Philadelphia, United States",,True,True,1982.7,1948.1,0.5496,1981.7,-1.0
2023-11-18,Friendly,2023,Tournament/Friendly,Germany,UEFA,Turkey,home,2,3,L,,,,,,,,,,,,,,"Berlin, Germany",,False,True,1981.7,1797.7,0.8369,1965.0,-16.7
2023-11-21,Friendly,2023,Tournament/Friendly,Germany,UEFA,Austria,away,0,2,L,,,,,,,,,,,,,,"Vienna, Austria",,False,True,1965.0,1866.9,0.4972,1950.1,-14.9
2024-03-23,Friendly,2024,Tournament/Friendly,Germany,UEFA,France,away,2,0,W,,,,,,,,,,,,,,"Lyon, France",,False,True,1950.1,2167.9,0.1383,1975.9,25.9
2024-03-26,Friendly,2024,Tournament/Friendly,Germany,UEFA,Netherlands,home,2,1,W,,,,,,,,,,,,,,"Frankfurt, Germany",,False,True,1975.9,2048.4,0.5395,1985.1,9.2
2024-06-03,Friendly,2024,Tournament/Friendly,Germany,UEFA,Ukraine,home,0,0,D,,,,,,,,,,,,,,"Nuremberg, Germany",,False,True,1985.1,1908.4,0.7344,1980.4,-4.7
2024-06-07,Friendly,2024,Tournament/Friendly,Germany,UEFA,Greece,home,2,1,W,,,,,,,,,,,,,,"Mönchengladbach, Germany",,False,True,1980.4,1797.6,0.8359,1983.7,3.3
2024-06-14,UEFA Euro,2024,Tournament/Friendly,Germany,UEFA,Scotland,home,5,1,W,,,,,,,,,,,,,,"Munich, Germany",,False,True,1983.7,1818.3,0.8216,2000.4,16.7
2024-06-19,UEFA Euro,2024,Tournament/Friendly,Germany,UEFA,Hungary,home,2,0,W,,,,,,,,,,,,,,"Stuttgart, Germany",,False,True,2000.4,1843.5,0.8144,2014.4,13.9
2024-06-23,UEFA Euro,2024,Tournament/Friendly,Germany,UEFA,Switzerland,home,1,1,D,,,,,,,,,,,,,,"Frankfurt, Germany",,False,True,2014.4,1895.3,0.7792,2000.4,-14.0
2024-06-29,UEFA Euro,2024,Tournament/Friendly,Germany,UEFA,Denmark,home,2,0,W,,,,,,,,,,,,,,"Dortmund, Germany",,False,True,2000.4,1888.1,0.7724,2017.5,17.1
2024-07-05,UEFA Euro,2024,Tournament/Friendly,Germany,UEFA,Spain,home,1,2,L,,,,,,,,,,,,,,"Stuttgart, Germany",,False,True,2017.5,2143.4,0.4627,1994.3,-23.1
2024-09-07,UEFA Nations League,2024,Tournament/Friendly,Germany,UEFA,Hungary,home,5,0,W,,,,,,,,,,,,,,"Düsseldorf, Germany",,False,True,1994.3,1853.1,0.8004,2010.3,16.0
2024-09-10,UEFA Nations League,2024,Tournament/Friendly,Germany,UEFA,Netherlands,away,2,2,D,,,,,,,,,,,,,,"Amsterdam, Netherlands",,False,True,2010.3,2032.1,0.3316,2017.0,6.7
2024-10-11,UEFA Nations League,2024,Tournament/Friendly,Germany,UEFA,Bosnia & Herzegovina,away,2,1,W,,,,,,,,,,,,,,"Zenica, Bosnia and Herzegovina",,False,True,2017.0,1540.7,0.8972,2021.1,4.1
2024-10-14,UEFA Nations League,2024,Tournament/Friendly,Germany,UEFA,Netherlands,home,1,0,W,,,,,,,,,,,,,,"Munich, Germany",,False,True,2021.1,2019.5,0.6423,2035.5,14.3
2024-11-16,UEFA Nations League,2024,Tournament/Friendly,Germany,UEFA,Bosnia & Herzegovina,home,7,0,W,,,,,,,,,,,,,,"Freiburg, Germany",,False,True,2035.5,1521.5,0.9716,2038.0,2.6
2024-11-19,UEFA Nations League,2024,Tournament/Friendly,Germany,UEFA,Hungary,away,1,1,D,,,,,,,,,,,,,,"Budapest, Hungary",,False,True,2038.0,1828.0,0.6533,2031.9,-6.1
2025-03-20,UEFA Nations League,2025,Tournament/Friendly,Germany,UEFA,Italy,away,2,1,W,,,,,,,,,,,,,,"Milan, Italy",,False,True,2031.9,1987.9,0.42,2055.1,23.2
2025-03-23,UEFA Nations League,2025,Tournament/Friendly,Germany,UEFA,Italy,home,3,3,D,,,,,,,,,,,,,,"Dortmund, Germany",,False,True,2055.1,1964.7,0.7494,2045.1,-10.0
2025-06-04,UEFA Nations League,2025,Tournament/Friendly,Germany,UEFA,Portugal,home,1,2,L,,,,,,,,,,,,,,"Munich, Germany",,False,True,2045.1,2043.9,0.6416,2019.4,-25.7
2025-06-08,UEFA Nations League,2025,Tournament/Friendly,Germany,UEFA,France,home,0,2,L,,,,,,,,,,,,,,"Stuttgart, Germany",,False,True,2019.4,2079.0,0.5579,1986.0,-33.5
2025-09-04,FIFA World Cup qualification,2025,Qualification,Germany,UEFA,Slovakia,away,0,2,L,,,,,,,,,,,,,,"Bratislava, Slovakia",,False,True,1986.0,1719.1,0.7233,1942.6,-43.4
2025-09-07,FIFA World Cup qualification,2025,Qualification,Germany,UEFA,Northern Ireland,home,3,1,W,,,,,,,,,,,,,,"Cologne, Germany",,False,True,1942.6,1640.4,0.9101,1948.0,5.4
2025-10-10,FIFA World Cup qualification,2025,Qualification,Germany,UEFA,Luxembourg,home,4,0,W,,,,,,,,,,,,,,"Sinsheim, Germany",,False,True,1948.0,1461.3,0.967,1950.4,2.5
2025-10-13,FIFA World Cup qualification,2025,Qualification,Germany,UEFA,Northern Ireland,away,1,0,W,,,,,,,,,,,,,,"Belfast, Northern Ireland",,False,True,1950.4,1668.2,0.7406,1960.8,10.4
2025-11-14,FIFA World Cup qualification,2025,Qualification,Germany,UEFA,Luxembourg,away,2,0,W,,,,,,,,,,,,,,"Luxembourg, Luxembourg",,False,True,1960.8,1452.8,0.9128,1966.0,5.2
2025-11-17,FIFA World Cup qualification,2025,Qualification,Germany,UEFA,Slovakia,home,6,0,W,,,,,,,,,,,,,,"Leipzig, Germany",,False,True,1966.0,1755.4,0.8567,1978.2,12.2
2026-03-27,Friendly,2026,Tournament/Friendly,Germany,UEFA,Switzerland,away,4,3,W,,,,,,,,,,,,,,"Basel, Switzerland",,False,True,1978.2,1958.0,0.3871,1990.5,12.3
2026-03-30,Friendly,2026,Tournament/Friendly,Germany,UEFA,Ghana,home,2,1,W,,,,,,,,,,,,,,"Stuttgart, Germany",,False,True,1990.5,1623.2,0.9364,1991.8,1.3
2026-05-31,Friendly,2026,Tournament/Friendly,Germany,UEFA,Finland,home,4,0,W,,,,,,,,,,,,,,"Mainz, Germany",,False,True,1991.8,1589.8,0.9473,1993.7,2.0
2026-06-06,Friendly,2026,Tournament/Friendly,Germany,UEFA,USA,away,2,1,W,,,,,,,,,,,,,,"Chicago, United States",,False,True,1993.7,1834.8,0.5841,2002.0,8.3
2022-01-05,Friendly,2022,Tournament/Friendly,Ghana,CAF,Algeria,neutral,0,3,L,,,,,,,,,,,,,,"Al Rayyan, Qatar",,True,True,1720.8,1897.8,0.2653,1711.6,-9.3
2022-01-10,African Cup of Nations,2022,Tournament/Friendly,Ghana,CAF,Morocco,neutral,0,1,L,,,,,,,,,,,,,,"Yaoundé, Cameroon",,True,True,1711.6,1858.1,0.3008,1696.5,-15.0
2022-01-14,African Cup of Nations,2022,Tournament/Friendly,Ghana,CAF,Gabon,neutral,1,1,D,,,,,,,,,,,,,,"Yaoundé, Cameroon",,True,True,1696.5,1522.1,0.7319,1684.9,-11.6
2022-01-18,African Cup of Nations,2022,Tournament/Friendly,Ghana,CAF,Comoros,neutral,2,3,L,,,,,,,,,,,,,,"Garoua, Cameroon",,True,True,1684.9,1362.0,0.8652,1641.7,-43.3
2022-03-25,FIFA World Cup qualification,2022,Qualification,Ghana,CAF,Nigeria,home,0,0,D,,,,,,,,,,,,,,"Kumasi, Ghana",,False,True,1641.7,1754.8,0.4811,1642.4,0.8
2022-03-29,FIFA World Cup qualification,2022,Qualification,Ghana,CAF,Nigeria,away,1,1,D,,,,,,,,,,,,,,"Abuja, Nigeria",,False,True,1642.4,1754.0,0.2283,1653.3,10.9
2022-06-01,African Cup of Nations qualification,2022,Qualification,Ghana,CAF,Madagascar,home,3,0,W,,,,,,,,,,,,,,"Cape Coast, Ghana",,False,True,1653.3,1435.3,0.8618,1663.0,9.7
2022-06-05,African Cup of Nations qualification,2022,Qualification,Ghana,CAF,Central African Republic,neutral,1,1,D,,,,,,,,,,,,,,"Luanda, Angola",,True,True,1663.0,1365.7,0.847,1649.1,-13.9
2022-06-10,Kirin Cup,2022,Tournament/Friendly,Ghana,CAF,Japan,away,1,4,L,,,,,,,,,,,,,,"Kobe, Japan",,False,True,1649.1,1902.9,0.1154,1645.0,-4.0
2022-06-14,Kirin Cup,2022,Tournament/Friendly,Ghana,CAF,Chile,neutral,0,0,D,,,,,,,,,,,,,,"Suita, Japan",,True,True,1645.0,1806.6,0.2829,1649.4,4.3
2022-09-23,Friendly,2022,Tournament/Friendly,Ghana,CAF,Brazil,neutral,0,3,L,,,,,,,,,,,,,,"Le Havre, France",,True,True,1649.4,2226.5,0.0348,1648.2,-1.2
2022-09-27,Friendly,2022,Tournament/Friendly,Ghana,CAF,Nicaragua,neutral,1,0,W,,,,,,,,,,,,,,"Lorca, Spain",,True,True,1648.2,1435.7,0.7726,1652.7,4.5
2022-11-17,Friendly,2022,Tournament/Friendly,Ghana,CAF,Switzerland,neutral,2,0,W,,,,,,,,,,,,,,"Abu Dhabi, United Arab Emirates",,True,True,1652.7,1989.0,0.1261,1678.9,26.2
2022-11-24,FIFA World Cup,2022,Tournament/Friendly,Ghana,CAF,Portugal,neutral,2,3,L,,,,,,,,,,,,,,"Doha, Qatar",,True,True,1678.9,2053.3,0.1039,1672.7,-6.2
2022-11-28,FIFA World Cup,2022,Tournament/Friendly,Ghana,CAF,South Korea,neutral,3,2,W,,,,,,,,,,,,,,"Al Rayyan, Qatar",,True,True,1672.7,1896.2,0.2165,1719.7,47.0
2022-12-02,FIFA World Cup,2022,Tournament/Friendly,Ghana,CAF,Uruguay,neutral,0,2,L,,,,,,,,,,,,,,"Al Wakrah, Qatar",,True,True,1719.7,1960.4,0.2001,1701.7,-18.0
2023-03-23,African Cup of Nations qualification,2023,Qualification,Ghana,CAF,Angola,home,1,0,W,,,,,,,,,,,,,,"Kumasi, Ghana",,False,True,1701.7,1513.8,0.8398,1708.1,6.4
2023-03-27,African Cup of Nations qualification,2023,Qualification,Ghana,CAF,Angola,away,1,1,D,,,,,,,,,,,,,,"Luanda, Angola",,False,True,1708.1,1507.4,0.641,1702.5,-5.6
2023-06-18,African Cup of Nations qualification,2023,Qualification,Ghana,CAF,Madagascar,away,0,0,D,,,,,,,,,,,,,,"Antananarivo, Madagascar",,False,True,1702.5,1348.1,0.8122,1690.0,-12.5
2023-09-07,African Cup of Nations qualification,2023,Qualification,Ghana,CAF,Central African Republic,home,2,1,W,,,,,,,,,,,,,,"Kumasi, Ghana",,False,True,1690.0,1436.9,0.8842,1694.6,4.6
2023-09-12,Friendly,2023,Tournament/Friendly,Ghana,CAF,Liberia,home,3,1,W,,,,,,,,,,,,,,"Accra, Ghana",,False,True,1694.6,1410.5,0.9013,1697.6,3.0
2023-10-14,Friendly,2023,Tournament/Friendly,Ghana,CAF,Mexico,neutral,0,2,L,,,,,,,,,,,,,,"Charlotte, United States",,True,True,1697.6,1942.2,0.1965,1691.7,-5.9
2023-10-17,Friendly,2023,Tournament/Friendly,Ghana,CAF,USA,away,0,4,L,,,,,,,,,,,,,,"Nashville, United States",,False,True,1691.7,1898.9,0.1457,1686.2,-5.5
2023-11-17,FIFA World Cup qualification,2023,Qualification,Ghana,CAF,Madagascar,home,1,0,W,,,,,,,,,,,,,,"Kumasi, Ghana",,False,True,1686.2,1408.3,0.898,1690.3,4.1
2023-11-21,FIFA World Cup qualification,2023,Qualification,Ghana,CAF,Comoros,away,0,1,L,,,,,,,,,,,,,,"Moroni, Comoros",,False,True,1690.3,1386.8,0.7634,1659.8,-30.5
2024-01-08,Friendly,2024,Tournament/Friendly,Ghana,CAF,Namibia,home,0,0,D,,,,,,,,,,,,,,"Kumasi, Ghana",,False,True,1659.8,1572.6,0.746,1654.8,-4.9
2024-01-14,African Cup of Nations,2024,Tournament/Friendly,Ghana,CAF,Cape Verde,neutral,1,2,L,,,,,,,,,,,,,,"Abidjan, Ivory Coast",,True,True,1654.8,1587.5,0.5957,1625.0,-29.8
2024-01-18,African Cup of Nations,2024,Tournament/Friendly,Ghana,CAF,Egypt,neutral,2,2,D,,,,,,,,,,,,,,"Abidjan, Ivory Coast",,True,True,1625.0,1776.7,0.2946,1635.3,10.3
2024-01-22,African Cup of Nations,2024,Tournament/Friendly,Ghana,CAF,Mozambique,neutral,2,2,D,,,,,,,,,,,,,,"Ebimpé, Ivory Coast",,True,True,1635.3,1474.4,0.7163,1624.5,-10.8
2024-03-22,Friendly,2024,Tournament/Friendly,Ghana,CAF,Nigeria,neutral,1,2,L,,,,,,,,,,,,,,"Marrakesh, Morocco",,True,True,1624.5,1736.4,0.3443,1617.6,-6.9
2024-06-06,FIFA World Cup qualification,2024,Qualification,Ghana,CAF,Mali,away,2,1,W,,,,,,,,,,,,,,"Bamako, Mali",,False,True,1617.6,1750.9,0.2071,1649.3,31.7
2024-06-10,FIFA World Cup qualification,2024,Qualification,Ghana,CAF,Central African Republic,home,4,3,W,,,,,,,,,,,,,,"Kumasi, Ghana",,False,True,1649.3,1456.6,0.8436,1655.6,6.3
2024-09-05,African Cup of Nations qualification,2024,Qualification,Ghana,CAF,Angola,home,0,1,L,,,,,,,,,,,,,,"Kumasi, Ghana",,False,True,1655.6,1630.5,0.6726,1628.7,-26.9
2024-09-09,African Cup of Nations qualification,2024,Qualification,Ghana,CAF,Niger,neutral,1,1,D,,,,,,,,,,,,,,"Berkane, Morocco",,True,True,1628.7,1342.5,0.8386,1615.1,-13.5
2024-10-10,African Cup of Nations qualification,2024,Qualification,Ghana,CAF,Sudan,home,0,0,D,,,,,,,,,,,,,,"Accra, Ghana",,False,True,1615.1,1513.1,0.7619,1604.7,-10.5
2024-10-15,African Cup of Nations qualification,2024,Qualification,Ghana,CAF,Sudan,neutral,0,2,L,,,,,,,,,,,,,,"Benghazi, Libya",,True,True,1604.7,1523.6,0.6146,1567.8,-36.9
2024-11-15,African Cup of Nations qualification,2024,Qualification,Ghana,CAF,Angola,away,1,1,D,,,,,,,,,,,,,,"Talatona, Angola",,False,True,1567.8,1676.3,0.2315,1578.5,10.7
2024-11-18,African Cup of Nations qualification,2024,Qualification,Ghana,CAF,Niger,home,1,2,L,,,,,,,,,,,,,,"Accra, Ghana",,False,True,1578.5,1403.5,0.8297,1545.4,-33.2
2025-03-21,FIFA World Cup qualification,2025,Qualification,Ghana,CAF,Chad,home,5,0,W,,,,,,,,,,,,,,"Accra, Ghana",,False,True,1545.4,1292.7,0.8839,1554.6,9.3
2025-03-24,FIFA World Cup qualification,2025,Qualification,Ghana,CAF,Madagascar,neutral,3,0,W,,,,,,,,,,,,,,"Al Hoceima, Morocco",,True,True,1554.6,1451.2,0.6446,1579.5,24.9
2025-05-28,Unity Cup,2025,Tournament/Friendly,Ghana,CAF,Nigeria,neutral,1,2,L,,,,,,,,,,,,,,"London, England",,True,True,1579.5,1672.1,0.3698,1568.4,-11.1
2025-05-31,Unity Cup,2025,Tournament/Friendly,Ghana,CAF,Trinidad and Tobago,neutral,4,0,W,,,,,,,,,,,,,,"London, England",,True,True,1568.4,1585.6,0.4753,1597.9,29.5
2025-09-04,FIFA World Cup qualification,2025,Qualification,Ghana,CAF,Chad,away,1,1,D,,,,,,,,,,,,,,"N'Djamena, Chad",,False,True,1597.9,1275.3,0.7827,1586.6,-11.3
2025-09-08,FIFA World Cup qualification,2025,Qualification,Ghana,CAF,Mali,home,1,0,W,,,,,,,,,,,,,,"Accra, Ghana",,False,True,1586.6,1724.2,0.4462,1608.8,22.2
2025-10-08,FIFA World Cup qualification,2025,Qualification,Ghana,CAF,Central African Republic,neutral,5,0,W,,,,,,,,,,,,,,"El Jadida, Morocco",,True,True,1608.8,1355.4,0.8113,1623.9,15.1
2025-10-12,FIFA World Cup qualification,2025,Qualification,Ghana,CAF,Comoros,home,1,0,W,,,,,,,,,,,,,,"Accra, Ghana",,False,True,1623.9,1494.2,0.7896,1632.3,8.4
2025-11-14,Kirin Cup,2025,Tournament/Friendly,Ghana,CAF,Japan,away,0,2,L,,,,,,,,,,,,,,"Toyota, Japan",,False,True,1632.3,1953.1,0.0815,1629.8,-2.4
2025-11-18,Friendly,2025,Tournament/Friendly,Ghana,CAF,South Korea,away,0,1,L,,,,,,,,,,,,,,"Seoul, South Korea",,False,True,1629.8,1903.3,0.1043,1627.8,-2.1
2026-03-27,Friendly,2026,Tournament/Friendly,Ghana,CAF,Austria,away,1,5,L,,,,,,,,,,,,,,"Vienna, Austria",,False,True,1627.8,1871.9,0.1212,1623.2,-4.5
2026-03-30,Friendly,2026,Tournament/Friendly,Ghana,CAF,Germany,away,1,2,L,,,,,,,,,,,,,,"Stuttgart, Germany",,False,True,1623.2,1990.5,0.0636,1621.9,-1.3
2026-05-22,Friendly,2026,Tournament/Friendly,Ghana,CAF,Mexico,away,0,2,L,,,,,,,,,,,,,,"Puebla, Mexico",,False,True,1621.9,1962.4,0.0734,1619.7,-2.2
2026-06-02,Friendly,2026,Tournament/Friendly,Ghana,CAF,Wales,away,1,1,D,,,,,,,,,,,,,,"Cardiff, Wales",,False,True,1619.7,1755.9,0.2043,1625.7,5.9
2022-03-27,Friendly,2022,Tournament/Friendly,Haiti,CONCACAF,Guatemala,neutral,1,2,L,,,,,,,,,,,,,,"Fort Lauderdale, United States",,True,True,1666.7,1602.9,0.5908,1654.9,-11.8
2022-06-04,CONCACAF Nations League,2022,Tournament/Friendly,Haiti,CONCACAF,Bermuda,away,0,0,D,,,,,,,,,,,,,,"Devonshire Parish, Bermuda",,False,True,1654.9,1460.8,0.6322,1649.6,-5.3
2022-06-07,CONCACAF Nations League,2022,Tournament/Friendly,Haiti,CONCACAF,Montserrat,neutral,3,2,W,,,,,,,,,,,,,,"Santo Domingo, Dominican Republic",,True,True,1649.6,1275.0,0.8963,1653.8,4.1
2022-06-11,CONCACAF Nations League,2022,Tournament/Friendly,Haiti,CONCACAF,Guyana,away,6,2,W,,,,,,,,,,,,,,"Leonora, Guyana",,False,True,1653.8,1401.9,0.7057,1675.8,22.1
2022-06-14,CONCACAF Nations League,2022,Tournament/Friendly,Haiti,CONCACAF,Guyana,neutral,6,0,W,,,,,,,,,,,,,,"Santo Domingo, Dominican Republic",,True,True,1675.8,1379.8,0.8461,1688.9,13.1
2023-03-25,CONCACAF Nations League,2023,Tournament/Friendly,Haiti,CONCACAF,Montserrat,away,4,0,W,,,,,,,,,,,,,,"Lookout, Montserrat",,False,True,1688.9,1300.2,0.8405,1700.9,12.0
2023-03-28,CONCACAF Nations League,2023,Tournament/Friendly,Haiti,CONCACAF,Bermuda,neutral,3,1,W,,,,,,,,,,,,,,"San Cristóbal, Dominican Republic",,True,True,1700.9,1375.4,0.8669,1708.9,8.0
2023-06-20,Friendly,2023,Tournament/Friendly,Haiti,CONCACAF,Trinidad and Tobago,neutral,0,0,D,,,,,,,,,,,,,,"Palm Beach Gardens, United States",,True,True,1708.9,1552.7,0.7107,1704.7,-4.2
2023-06-25,Gold Cup,2023,Tournament/Friendly,Haiti,CONCACAF,Qatar,neutral,2,1,W,,,,,,,,,,,,,,"Houston, United States",,True,True,1704.7,1666.1,0.5553,1726.9,22.2
2023-06-29,Gold Cup,2023,Tournament/Friendly,Haiti,CONCACAF,Mexico,neutral,1,3,L,,,,,,,,,,,,,,"Glendale, United States",,True,True,1726.9,1905.2,0.2637,1707.1,-19.8
2023-07-02,Gold Cup,2023,Tournament/Friendly,Haiti,CONCACAF,Honduras,neutral,1,2,L,,,,,,,,,,,,,,"Charlotte, United States",,True,True,1707.1,1576.8,0.6792,1673.2,-34.0
2023-09-08,CONCACAF Nations League,2023,Tournament/Friendly,Haiti,CONCACAF,Cuba,neutral,0,0,D,,,,,,,,,,,,,,"Santo Domingo, Dominican Republic",,True,True,1673.2,1419.4,0.8116,1660.7,-12.5
2023-09-12,CONCACAF Nations League,2023,Tournament/Friendly,Haiti,CONCACAF,Jamaica,away,2,2,D,,,,,,,,,,,,,,"Kingston, Jamaica",,False,True,1660.7,1723.8,0.2811,1669.4,8.8
2023-10-12,CONCACAF Nations League,2023,Tournament/Friendly,Haiti,CONCACAF,Suriname,away,1,1,D,,,,,,,,,,,,,,"Paramaribo, Suriname",,False,True,1669.4,1457.6,0.6556,1663.2,-6.2
2023-10-15,CONCACAF Nations League,2023,Tournament/Friendly,Haiti,CONCACAF,Jamaica,neutral,2,3,L,,,,,,,,,,,,,,"Port of Spain, Trinidad and Tobago",,True,True,1663.2,1724.4,0.4129,1646.7,-16.5
2024-06-06,FIFA World Cup qualification,2024,Qualification,Haiti,CONCACAF,Saint Lucia,neutral,2,1,W,,,,,,,,,,,,,,"Bridgetown, Barbados",,True,True,1646.7,1340.9,0.8532,1652.6,5.9
2024-06-09,FIFA World Cup qualification,2024,Qualification,Haiti,CONCACAF,Barbados,away,3,1,W,,,,,,,,,,,,,,"Bridgetown, Barbados",,False,True,1652.6,1132.9,0.918,1657.5,4.9
2024-09-06,CONCACAF Nations League,2024,Tournament/Friendly,Haiti,CONCACAF,Puerto Rico,away,4,1,W,,,,,,,,,,,,,,"Mayagüez, Puerto Rico",,False,True,1657.5,1358.3,0.7589,1674.4,16.9
2024-09-09,CONCACAF Nations League,2024,Tournament/Friendly,Haiti,CONCACAF,Sint Maarten,neutral,6,0,W,,,,,,,,,,,,,,"Mayagüez, Puerto Rico",,True,True,1674.4,1264.2,0.9138,1681.7,7.3
2024-10-11,CONCACAF Nations League,2024,Tournament/Friendly,Haiti,CONCACAF,Aruba,away,3,1,W,,,,,,,,,,,,,,"Oranjestad, Aruba",,False,True,1681.7,1188.9,0.9056,1687.4,5.7
2024-10-14,CONCACAF Nations League,2024,Tournament/Friendly,Haiti,CONCACAF,Aruba,away,5,3,W,,,,,,,,,,,,,,"Oranjestad, Aruba",,False,True,1687.4,1183.2,0.911,1692.7,5.3
2024-11-15,CONCACAF Nations League,2024,Tournament/Friendly,Haiti,CONCACAF,Sint Maarten,neutral,8,0,W,,,,,,,,,,,,,,"Mayagüez, Puerto Rico",,True,True,1692.7,1264.5,0.9217,1700.1,7.4
2024-11-18,CONCACAF Nations League,2024,Tournament/Friendly,Haiti,CONCACAF,Puerto Rico,away,3,0,W,,,,,,,,,,,,,,"Mayagüez, Puerto Rico",,False,True,1700.1,1355.2,0.8038,1713.9,13.7
2025-03-22,Friendly,2025,Tournament/Friendly,Haiti,CONCACAF,Azerbaijan,away,3,0,W,,,,,,,,,,,,,,"Sumgait, Azerbaijan",,False,True,1713.9,1453.4,0.7158,1723.8,9.9
2025-06-07,FIFA World Cup qualification,2025,Qualification,Haiti,CONCACAF,Aruba,away,5,0,W,,,,,,,,,,,,,,"Oranjestad, Aruba",,False,True,1723.8,1165.9,0.9331,1729.2,5.3
2025-06-10,FIFA World Cup qualification,2025,Qualification,Haiti,CONCACAF,Curaçao,neutral,1,5,L,,,,,,,,,,,,,,"Oranjestad, Aruba",,True,True,1729.2,1527.4,0.7616,1672.1,-57.1
2025-06-15,Gold Cup,2025,Tournament/Friendly,Haiti,CONCACAF,Saudi Arabia,neutral,0,1,L,,,,,,,,,,,,,,"San Diego, United States",,True,True,1672.1,1707.0,0.4499,1649.6,-22.5
2025-06-19,Gold Cup,2025,Tournament/Friendly,Haiti,CONCACAF,Trinidad and Tobago,neutral,1,1,D,,,,,,,,,,,,,,"Houston, United States",,True,True,1649.6,1545.9,0.6449,1642.3,-7.2
2025-06-22,Gold Cup,2025,Tournament/Friendly,Haiti,CONCACAF,USA,away,1,2,L,,,,,,,,,,,,,,"Arlington, United States",,False,True,1642.3,1822.4,0.1663,1634.0,-8.3
2025-09-05,FIFA World Cup qualification,2025,Qualification,Haiti,CONCACAF,Honduras,neutral,0,0,D,,,,,,,,,,,,,,"Willemstad, Curaçao",,True,True,1634.0,1722.4,0.3755,1639.0,5.0
2025-09-09,FIFA World Cup qualification,2025,Qualification,Haiti,CONCACAF,Costa Rica,away,3,3,D,,,,,,,,,,,,,,"San José, Costa Rica",,False,True,1639.0,1808.4,0.175,1652.0,13.0
2025-10-09,FIFA World Cup qualification,2025,Qualification,Haiti,CONCACAF,Nicaragua,away,3,0,W,,,,,,,,,,,,,,"Managua, Nicaragua",,False,True,1652.0,1511.2,0.5584,1682.9,30.9
2025-10-13,FIFA World Cup qualification,2025,Qualification,Haiti,CONCACAF,Honduras,away,0,3,L,,,,,,,,,,,,,,"Tegucigalpa, Honduras",,False,True,1682.9,1724.8,0.3064,1661.4,-21.5
2025-11-13,FIFA World Cup qualification,2025,Qualification,Haiti,CONCACAF,Costa Rica,neutral,1,0,W,,,,,,,,,,,,,,"Willemstad, Curaçao",,True,True,1661.4,1803.0,0.3069,1689.2,27.7
2025-11-18,FIFA World Cup qualification,2025,Qualification,Haiti,CONCACAF,Nicaragua,neutral,2,0,W,,,,,,,,,,,,,,"Willemstad, Curaçao",,True,True,1689.2,1518.2,0.7279,1705.5,16.3
2026-03-28,Friendly,2026,Tournament/Friendly,Haiti,CONCACAF,Tunisia,neutral,0,1,L,,,,,,,,,,,,,,"Toronto, Canada",,True,True,1705.5,1727.7,0.4681,1696.1,-9.4
2026-03-31,Friendly,2026,Tournament/Friendly,Haiti,CONCACAF,Iceland,neutral,1,1,D,,,,,,,,,,,,,,"Toronto, Canada",,True,True,1696.1,1628.3,0.5964,1694.2,-1.9
2026-06-02,Friendly,2026,Tournament/Friendly,Haiti,CONCACAF,New Zealand,neutral,4,0,W,,,,,,,,,,,,,,"Fort Lauderdale, United States",,True,True,1694.2,1748.4,0.4226,1715.9,21.7
2026-06-05,Friendly,2026,Tournament/Friendly,Haiti,CONCACAF,Peru,neutral,1,2,L,,,,,,,,,,,,,,"Miami, United States",,True,True,1715.9,1766.1,0.4282,1707.3,-8.6
2022-01-01,AFF Championship,2022,Tournament/Friendly,Indonesia,AFC,Thailand,neutral,2,2,D,,,,,,,,,,,,,,"Kallang, Singapore",,True,False,1356.9,1534.3,0.2647,1363.9,7.1
2022-01-27,Friendly,2022,Tournament/Friendly,Indonesia,AFC,Timor-Leste,home,4,1,W,,,,,,,,,,,,,,"Gianyar, Indonesia",,False,False,1363.9,849.4,0.9717,1364.9,1.0
2022-01-30,Friendly,2022,Tournament/Friendly,Indonesia,AFC,Timor-Leste,home,3,0,W,,,,,,,,,,,,,,"Gianyar, Indonesia",,False,False,1364.9,848.4,0.972,1365.9,1.0
2022-06-01,Friendly,2022,Tournament/Friendly,Indonesia,AFC,Bangladesh,home,0,0,D,,,,,,,,,,,,,,"Soreang, Indonesia",,False,False,1365.9,1059.3,0.9122,1357.7,-8.2
2022-06-08,AFC Asian Cup qualification,2022,Qualification,Indonesia,AFC,Kuwait,away,2,1,W,,,,,,,,,,,,,,"Kuwait City, Kuwait",,False,False,1357.7,1443.3,0.2557,1387.4,29.8
2022-06-11,AFC Asian Cup qualification,2022,Qualification,Indonesia,AFC,Jordan,neutral,0,1,L,,,,,,,,,,,,,,"Kuwait City, Kuwait",,True,False,1387.4,1651.5,0.1794,1380.3,-7.2
2022-06-14,AFC Asian Cup qualification,2022,Qualification,Indonesia,AFC,Nepal,neutral,7,0,W,,,,,,,,,,,,,,"Kuwait City, Kuwait",,True,False,1380.3,1149.8,0.7902,1399.1,18.9
2022-09-24,Friendly,2022,Tournament/Friendly,Indonesia,AFC,Curaçao,home,3,2,W,,,,,,,,,,,,,,"Bandung, Indonesia",,False,False,1399.1,1545.7,0.4334,1410.5,11.3
2022-09-27,Friendly,2022,Tournament/Friendly,Indonesia,AFC,Curaçao,home,2,1,W,,,,,,,,,,,,,,"Cibinong, Indonesia",,False,False,1410.5,1534.4,0.4657,1421.2,10.7
2022-12-23,AFF Championship,2022,Tournament/Friendly,Indonesia,AFC,Cambodia,home,2,1,W,,,,,,,,,,,,,,"Jakarta, Indonesia",,False,False,1421.2,1073.8,0.9292,1423.3,2.1
2022-12-26,AFF Championship,2022,Tournament/Friendly,Indonesia,AFC,Brunei,neutral,7,0,W,,,,,,,,,,,,,,"Kuala Lumpur, Malaysia",,True,False,1423.3,867.9,0.9607,1425.9,2.7
2022-12-29,AFF Championship,2022,Tournament/Friendly,Indonesia,AFC,Thailand,home,1,1,D,,,,,,,,,,,,,,"Jakarta, Indonesia",,False,False,1425.9,1528.7,0.4961,1426.1,0.1
2023-01-02,AFF Championship,2023,Tournament/Friendly,Indonesia,AFC,Philippines,away,2,1,W,,,,,,,,,,,,,,"Manila, Philippines",,False,False,1426.1,1250.5,0.607,1437.8,11.8
2023-01-06,AFF Championship,2023,Tournament/Friendly,Indonesia,AFC,Vietnam,home,0,0,D,,,,,,,,,,,,,,"Jakarta, Indonesia",,False,False,1437.8,1544.9,0.4898,1438.2,0.3
2023-01-09,AFF Championship,2023,Tournament/Friendly,Indonesia,AFC,Vietnam,away,0,2,L,,,,,,,,,,,,,,"Hanoi, Vietnam",,False,False,1438.2,1544.6,0.2335,1427.6,-10.5
2023-03-25,Friendly,2023,Tournament/Friendly,Indonesia,AFC,Burundi,home,3,1,W,,,,,,,,,,,,,,"Bekasi, Indonesia",,False,False,1427.6,1437.5,0.6269,1438.8,11.2
2023-03-28,Friendly,2023,Tournament/Friendly,Indonesia,AFC,Burundi,home,2,2,D,,,,,,,,,,,,,,"Bekasi, Indonesia",,False,False,1438.8,1426.3,0.6565,1435.7,-3.1
2023-06-14,Friendly,2023,Tournament/Friendly,Indonesia,AFC,Palestine,home,0,0,D,,,,,,,,,,,,,,"Surabaya, Indonesia",,False,False,1435.7,1590.6,0.4216,1437.3,1.6
2023-06-19,Friendly,2023,Tournament/Friendly,Indonesia,AFC,Argentina,home,0,2,L,,,,,,,,,,,,,,"Jakarta, Indonesia",,False,False,1437.3,2208.3,0.0206,1436.7,-0.6
2023-09-08,Friendly,2023,Tournament/Friendly,Indonesia,AFC,Turkmenistan,home,2,0,W,,,,,,,,,,,,,,"Surabaya, Indonesia",,False,False,1436.7,1384.2,0.7063,1445.5,8.8
2023-10-12,FIFA World Cup qualification,2023,Qualification,Indonesia,AFC,Brunei,home,6,0,W,,,,,,,,,,,,,,"Jakarta, Indonesia",,False,False,1445.5,854.6,0.9816,1447.0,1.6
2023-10-17,FIFA World Cup qualification,2023,Qualification,Indonesia,AFC,Brunei,away,6,0,W,,,,,,,,,,,,,,"Bandar Seri Begawan, Brunei",,False,False,1447.0,853.1,0.945,1451.7,4.7
2023-11-16,FIFA World Cup qualification,2023,Qualification,Indonesia,AFC,Iraq,away,1,5,L,,,,,,,,,,,,,,"Basra, Iraq",,False,False,1451.7,1710.5,0.1125,1443.3,-8.4
2023-11-21,FIFA World Cup qualification,2023,Qualification,Indonesia,AFC,Philippines,away,1,1,D,,,,,,,,,,,,,,"Manila, Philippines",,False,False,1443.3,1228.2,0.6597,1436.9,-6.4
2024-01-02,Friendly,2024,Tournament/Friendly,Indonesia,AFC,Libya,neutral,0,4,L,,,,,,,,,,,,,,"Antalya, Turkey",,True,False,1436.9,1474.4,0.4463,1420.1,-16.7
2024-01-05,Friendly,2024,Tournament/Friendly,Indonesia,AFC,Libya,neutral,1,2,L,,,,,,,,,,,,,,"Antalya, Turkey",,True,False,1420.1,1491.1,0.3993,1412.2,-8.0
2024-01-09,Friendly,2024,Tournament/Friendly,Indonesia,AFC,Iran,neutral,0,5,L,,,,,,,,,,,,,,"Al Rayyan, Qatar",,True,False,1412.2,1916.2,0.0521,1410.1,-2.1
2024-01-15,AFC Asian Cup,2024,Tournament/Friendly,Indonesia,AFC,Iraq,neutral,1,3,L,,,,,,,,,,,,,,"Doha, Qatar",,True,False,1410.1,1729.4,0.1372,1399.8,-10.3
2024-01-19,AFC Asian Cup,2024,Tournament/Friendly,Indonesia,AFC,Vietnam,neutral,1,0,W,,,,,,,,,,,,,,"Doha, Qatar",,True,False,1399.8,1518.9,0.335,1433.0,33.2
2024-01-24,AFC Asian Cup,2024,Tournament/Friendly,Indonesia,AFC,Japan,neutral,1,3,L,,,,,,,,,,,,,,"Doha, Qatar",,True,False,1433.0,1967.2,0.0441,1429.7,-3.3
2024-01-28,AFC Asian Cup,2024,Tournament/Friendly,Indonesia,AFC,Australia,neutral,0,4,L,,,,,,,,,,,,,,"Doha, Qatar",,True,False,1429.7,1889.8,0.0661,1423.5,-6.2
2024-03-21,FIFA World Cup qualification,2024,Qualification,Indonesia,AFC,Vietnam,home,1,0,W,,,,,,,,,,,,,,"Jakarta, Indonesia",,False,False,1423.5,1477.9,0.5653,1440.9,17.4
2024-03-26,FIFA World Cup qualification,2024,Qualification,Indonesia,AFC,Vietnam,away,3,0,W,,,,,,,,,,,,,,"Hanoi, Vietnam",,False,False,1440.9,1460.5,0.3344,1487.5,46.6
2024-06-02,Friendly,2024,Tournament/Friendly,Indonesia,AFC,Tanzania,home,0,0,D,,,,,,,,,,,,,,"Jakarta, Indonesia",,False,False,1487.5,1472.1,0.6603,1484.3,-3.2
2024-06-06,FIFA World Cup qualification,2024,Qualification,Indonesia,AFC,Iraq,home,0,2,L,,,,,,,,,,,,,,"Jakarta, Indonesia",,False,False,1484.3,1761.2,0.2654,1468.4,-15.9
2024-06-11,FIFA World Cup qualification,2024,Qualification,Indonesia,AFC,Philippines,home,2,0,W,,,,,,,,,,,,,,"Jakarta, Indonesia",,False,False,1468.4,1220.6,0.881,1475.5,7.1
2024-09-05,FIFA World Cup qualification,2024,Qualification,Indonesia,AFC,Saudi Arabia,away,1,1,D,,,,,,,,,,,,,,"Jeddah, Saudi Arabia",,False,False,1475.5,1706.8,0.1293,1490.3,14.8
2024-09-10,FIFA World Cup qualification,2024,Qualification,Indonesia,AFC,Australia,home,0,0,D,,,,,,,,,,,,,,"Jakarta, Indonesia",,False,False,1490.3,1845.4,0.1872,1502.9,12.5
2024-10-10,FIFA World Cup qualification,2024,Qualification,Indonesia,AFC,Bahrain,away,2,2,D,,,,,,,,,,,,,,"Riffa, Bahrain",,False,False,1502.9,1602.3,0.2409,1513.2,10.4
2024-10-15,FIFA World Cup qualification,2024,Qualification,Indonesia,AFC,China,away,1,2,L,,,,,,,,,,,,,,"Qingdao, China",,False,False,1513.2,1505.3,0.3706,1498.4,-14.8
2024-11-15,FIFA World Cup qualification,2024,Qualification,Indonesia,AFC,Japan,home,0,4,L,,,,,,,,,,,,,,"Jakarta, Indonesia",,False,False,1498.4,1980.0,0.1,1490.9,-7.5
2024-11-19,FIFA World Cup qualification,2024,Qualification,Indonesia,AFC,Saudi Arabia,home,2,0,W,,,,,,,,,,,,,,"Jakarta, Indonesia",,False,False,1490.9,1694.3,0.3555,1529.6,38.7
2024-12-09,ASEAN Championship,2024,Tournament/Friendly,Indonesia,AFC,Myanmar,away,1,0,W,,,,,,,,,,,,,,"Yangon, Myanmar",,False,False,1529.6,1094.7,0.873,1533.4,3.8
2024-12-12,ASEAN Championship,2024,Tournament/Friendly,Indonesia,AFC,Laos,home,3,3,D,,,,,,,,,,,,,,"Surakarta, Indonesia",,False,False,1533.4,915.9,0.9842,1518.9,-14.5
2024-12-15,ASEAN Championship,2024,Tournament/Friendly,Indonesia,AFC,Vietnam,away,0,1,L,,,,,,,,,,,,,,"Việt Trì, Vietnam",,False,False,1518.9,1397.0,0.5314,1502.9,-15.9
2024-12-21,ASEAN Championship,2024,Tournament/Friendly,Indonesia,AFC,Philippines,home,0,1,L,,,,,,,,,,,,,,"Surakarta, Indonesia",,False,False,1502.9,1223.4,0.8988,1475.9,-27.0
2025-03-20,FIFA World Cup qualification,2025,Qualification,Indonesia,AFC,Australia,away,1,5,L,,,,,,,,,,,,,,"Sydney, Australia",,False,False,1475.9,1828.4,0.0688,1470.8,-5.2
2025-03-25,FIFA World Cup qualification,2025,Qualification,Indonesia,AFC,Bahrain,home,1,0,W,,,,,,,,,,,,,,"Jakarta, Indonesia",,False,False,1470.8,1632.3,0.4124,1494.3,23.5
2025-06-05,FIFA World Cup qualification,2025,Qualification,Indonesia,AFC,China,home,1,0,W,,,,,,,,,,,,,,"Jakarta, Indonesia",,False,False,1494.3,1518.6,0.6072,1510.0,15.7
2025-06-10,FIFA World Cup qualification,2025,Qualification,Indonesia,AFC,Japan,away,0,6,L,,,,,,,,,,,,,,"Suita, Japan",,False,False,1510.0,1960.1,0.0404,1506.6,-3.4
2025-09-05,Friendly,2025,Tournament/Friendly,Indonesia,AFC,Taiwan,home,6,0,W,,,,,,,,,,,,,,"Surabaya, Indonesia",,False,False,1506.6,1079.4,0.9541,1508.5,2.0
2025-09-08,Friendly,2025,Tournament/Friendly,Indonesia,AFC,Lebanon,home,0,0,D,,,,,,,,,,,,,,"Surabaya, Indonesia",,False,False,1508.5,1445.3,0.719,1504.1,-4.4
2025-10-08,FIFA World Cup qualification,2025,Qualification,Indonesia,AFC,Saudi Arabia,away,2,3,L,,,,,,,,,,,,,,"Jeddah, Saudi Arabia",,False,False,1504.1,1704.5,0.1507,1498.1,-6.0
2025-10-11,FIFA World Cup qualification,2025,Qualification,Indonesia,AFC,Iraq,neutral,0,1,L,,,,,,,,,,,,,,"Jeddah, Saudi Arabia",,True,False,1498.1,1696.0,0.2425,1488.4,-9.7
2026-03-27,FIFA Series,2026,Tournament/Friendly,Indonesia,AFC,Saint Kitts and Nevis,home,4,0,W,,,,,,,,,,,,,,"Jakarta, Indonesia",,False,False,1488.4,1250.3,0.8751,1493.1,4.7
2026-03-30,FIFA Series,2026,Tournament/Friendly,Indonesia,AFC,Bulgaria,home,0,1,L,,,,,,,,,,,,,,"Jakarta, Indonesia",,False,False,1493.1,1524.4,0.5976,1481.1,-12.0
2026-06-05,Friendly,2026,Tournament/Friendly,Indonesia,AFC,Oman,home,3,0,W,,,,,,,,,,,,,,"Jakarta, Indonesia",,False,False,1481.1,1591.1,0.4857,1499.1,18.0
2026-06-09,Friendly,2026,Tournament/Friendly,Indonesia,AFC,Mozambique,home,1,0,W,,,,,,,,,,,,,,"Jakarta, Indonesia",,False,False,1499.1,1500.7,0.6379,1506.4,7.2
2022-01-27,FIFA World Cup qualification,2022,Qualification,Iran,AFC,Iraq,home,1,0,W,,,,,,,,,,,,,,"Tehran, Iran",,False,True,1935.7,1676.3,0.8878,1940.1,4.5
2022-02-01,FIFA World Cup qualification,2022,Qualification,Iran,AFC,United Arab Emirates,home,1,0,W,,,,,,,,,,,,,,"Tehran, Iran",,False,True,1940.1,1637.5,0.9104,1943.7,3.6
2022-03-24,FIFA World Cup qualification,2022,Qualification,Iran,AFC,South Korea,away,0,2,L,,,,,,,,,,,,,,"Seoul, South Korea",,False,True,1943.7,1900.4,0.4191,1918.6,-25.1
2022-03-29,FIFA World Cup qualification,2022,Qualification,Iran,AFC,Lebanon,home,2,0,W,,,,,,,,,,,,,,"Mashhad, Iran",,False,True,1918.6,1463.7,0.9606,1920.9,2.4
2022-06-12,Friendly,2022,Tournament/Friendly,Iran,AFC,Algeria,neutral,1,2,L,,,,,,,,,,,,,,"Doha, Qatar",,True,True,1920.9,1803.8,0.6625,1907.7,-13.3
2022-09-23,Friendly,2022,Tournament/Friendly,Iran,AFC,Uruguay,neutral,1,0,W,,,,,,,,,,,,,,"Sankt Pölten, Austria",,True,True,1907.7,2009.4,0.3577,1920.5,12.8
2022-09-27,Friendly,2022,Tournament/Friendly,Iran,AFC,Senegal,neutral,1,1,D,,,,,,,,,,,,,,"Maria Enzersdorf, Austria",,True,True,1920.5,1809.8,0.6542,1917.5,-3.1
2022-11-10,Friendly,2022,Tournament/Friendly,Iran,AFC,Nicaragua,home,1,0,W,,,,,,,,,,,,,,"Tehran, Iran",,False,True,1917.5,1431.1,0.9669,1918.1,0.7
2022-11-16,Friendly,2022,Tournament/Friendly,Iran,AFC,Tunisia,neutral,0,2,L,,,,,,,,,,,,,,"Doha, Qatar",,True,True,1918.1,1772.6,0.6979,1897.2,-20.9
2022-11-21,FIFA World Cup,2022,Tournament/Friendly,Iran,AFC,England,neutral,2,6,L,,,,,,,,,,,,,,"Al Rayyan, Qatar",,True,True,1897.2,1972.8,0.3929,1853.0,-44.2
2022-11-25,FIFA World Cup,2022,Tournament/Friendly,Iran,AFC,Wales,neutral,2,0,W,,,,,,,,,,,,,,"Al Rayyan, Qatar",,True,True,1853.0,1839.5,0.5194,1896.2,43.3
2022-11-29,FIFA World Cup,2022,Tournament/Friendly,Iran,AFC,USA,neutral,0,1,L,,,,,,,,,,,,,,"Doha, Qatar",,True,True,1896.2,1903.9,0.4889,1866.9,-29.3
2023-03-23,Friendly,2023,Tournament/Friendly,Iran,AFC,Russia,home,1,1,D,,,,,,,,,,,,,,"Tehran, Iran",,False,True,1866.9,1807.5,0.7146,1862.6,-4.3
2023-03-28,Friendly,2023,Tournament/Friendly,Iran,AFC,Kenya,home,2,1,W,,,,,,,,,,,,,,"Tehran, Iran",,False,True,1862.6,1497.2,0.9358,1863.9,1.3
2023-06-13,CAFA Nations Cup,2023,Tournament/Friendly,Iran,AFC,Afghanistan,neutral,6,1,W,,,,,,,,,,,,,,"Bishkek, Kyrgyzstan",,True,True,1863.9,1268.9,0.9685,1865.8,1.9
2023-06-16,CAFA Nations Cup,2023,Tournament/Friendly,Iran,AFC,Kyrgyzstan,away,5,1,W,,,,,,,,,,,,,,"Bishkek, Kyrgyzstan",,False,True,1865.8,1401.5,0.8906,1871.9,6.2
2023-06-20,CAFA Nations Cup,2023,Tournament/Friendly,Iran,AFC,Uzbekistan,away,1,0,W,,,,,,,,,,,,,,"Tashkent, Uzbekistan",,False,True,1871.9,1733.1,0.5556,1885.3,13.3
2023-09-07,Friendly,2023,Tournament/Friendly,Iran,AFC,Bulgaria,away,1,0,W,,,,,,,,,,,,,,"Plovdiv, Bulgaria",,False,True,1885.3,1554.2,0.7908,1889.4,4.2
2023-09-12,Friendly,2023,Tournament/Friendly,Iran,AFC,Angola,home,4,0,W,,,,,,,,,,,,,,"Tehran, Iran",,False,True,1889.4,1501.2,0.9432,1891.6,2.1
2023-10-13,Jordan International Tournament,2023,Tournament/Friendly,Iran,AFC,Jordan,away,3,1,W,,,,,,,,,,,,,,"Amman, Jordan",,False,True,1891.6,1678.3,0.6575,1907.0,15.4
2023-10-17,Jordan International Tournament,2023,Tournament/Friendly,Iran,AFC,Qatar,neutral,4,0,W,,,,,,,,,,,,,,"Amman, Jordan",,True,True,1907.0,1636.4,0.826,1916.8,9.8
2023-11-16,FIFA World Cup qualification,2023,Qualification,Iran,AFC,Hong Kong,home,4,0,W,,,,,,,,,,,,,,"Tehran, Iran",,False,True,1916.8,1236.9,0.9889,1917.6,0.8
2023-11-21,FIFA World Cup qualification,2023,Qualification,Iran,AFC,Uzbekistan,away,2,2,D,,,,,,,,,,,,,,"Tashkent, Uzbekistan",,False,True,1917.6,1748.2,0.5986,1913.7,-3.9
2024-01-05,Friendly,2024,Tournament/Friendly,Iran,AFC,Burkina Faso,home,2,1,W,,,,,,,,,,,,,,"Kish, Iran",,False,True,1913.7,1674.6,0.8757,1916.2,2.5
2024-01-09,Friendly,2024,Tournament/Friendly,Iran,AFC,Indonesia,neutral,5,0,W,,,,,,,,,,,,,,"Al Rayyan, Qatar",,True,True,1916.2,1412.2,0.9479,1918.2,2.1
2024-01-14,AFC Asian Cup,2024,Tournament/Friendly,Iran,AFC,Palestine,neutral,4,1,W,,,,,,,,,,,,,,"Al Rayyan, Qatar",,True,True,1918.2,1549.5,0.8931,1927.6,9.4
2024-01-19,AFC Asian Cup,2024,Tournament/Friendly,Iran,AFC,Hong Kong,neutral,1,0,W,,,,,,,,,,,,,,"Al Rayyan, Qatar",,True,True,1927.6,1242.6,0.981,1928.5,1.0
2024-01-23,AFC Asian Cup,2024,Tournament/Friendly,Iran,AFC,United Arab Emirates,neutral,2,1,W,,,,,,,,,,,,,,"Al Rayyan, Qatar",,True,True,1928.5,1646.0,0.8357,1936.8,8.2
2024-01-31,AFC Asian Cup,2024,Tournament/Friendly,Iran,AFC,Syria,neutral,1,1,D,,,,,,,,,,,,,,"Doha, Qatar",,True,True,1936.8,1567.0,0.8937,1917.1,-19.7
2024-02-03,AFC Asian Cup,2024,Tournament/Friendly,Iran,AFC,Japan,neutral,2,1,W,,,,,,,,,,,,,,"Al Rayyan, Qatar",,True,True,1917.1,1978.2,0.4129,1946.4,29.4
2024-02-07,AFC Asian Cup,2024,Tournament/Friendly,Iran,AFC,Qatar,away,2,3,L,,,,,,,,,,,,,,"Doha, Qatar",,False,True,1946.4,1690.1,0.7109,1910.9,-35.5
2024-03-21,FIFA World Cup qualification,2024,Qualification,Iran,AFC,Turkmenistan,home,5,0,W,,,,,,,,,,,,,,"Tehran, Iran",,False,True,1910.9,1359.6,0.977,1912.7,1.8
2024-03-26,FIFA World Cup qualification,2024,Qualification,Iran,AFC,Turkmenistan,away,1,0,W,,,,,,,,,,,,,,"Ashgabat, Turkmenistan",,False,True,1912.7,1357.7,0.9321,1915.4,2.7
2024-06-06,FIFA World Cup qualification,2024,Qualification,Iran,AFC,Hong Kong,away,4,2,W,,,,,,,,,,,,,,"Hong Kong, Hong Kong",,False,True,1915.4,1223.1,0.968,1917.4,1.9
2024-06-11,FIFA World Cup qualification,2024,Qualification,Iran,AFC,Uzbekistan,home,0,0,D,,,,,,,,,,,,,,"Tehran, Iran",,False,True,1917.4,1787.1,0.79,1905.8,-11.6
2024-09-05,FIFA World Cup qualification,2024,Qualification,Iran,AFC,Kyrgyzstan,home,1,0,W,,,,,,,,,,,,,,"Fuladshahr, Iran",,False,True,1905.8,1437.9,0.9633,1907.2,1.5
2024-09-10,FIFA World Cup qualification,2024,Qualification,Iran,AFC,United Arab Emirates,away,1,0,W,,,,,,,,,,,,,,"Al Ain, United Arab Emirates",,False,True,1907.2,1680.2,0.6751,1920.2,13.0
2024-10-10,FIFA World Cup qualification,2024,Qualification,Iran,AFC,Uzbekistan,away,0,0,D,,,,,,,,,,,,,,"Tashkent, Uzbekistan",,False,True,1920.2,1810.3,0.5143,1919.6,-0.6
2024-10-15,FIFA World Cup qualification,2024,Qualification,Iran,AFC,Qatar,neutral,4,1,W,,,,,,,,,,,,,,"Dubai, United Arab Emirates",,True,True,1919.6,1704.5,0.7753,1935.4,15.7
2024-11-14,FIFA World Cup qualification,2024,Qualification,Iran,AFC,North Korea,neutral,3,2,W,,,,,,,,,,,,,,"Vientiane, Laos",,True,True,1935.4,1530.9,0.9112,1938.9,3.6
2024-11-19,FIFA World Cup qualification,2024,Qualification,Iran,AFC,Kyrgyzstan,away,3,2,W,,,,,,,,,,,,,,"Bishkek, Kyrgyzstan",,False,True,1938.9,1434.3,0.9113,1942.5,3.5
2025-03-20,FIFA World Cup qualification,2025,Qualification,Iran,AFC,United Arab Emirates,home,2,0,W,,,,,,,,,,,,,,"Tehran, Iran",,False,True,1942.5,1670.1,0.8951,1948.8,6.3
2025-03-25,FIFA World Cup qualification,2025,Qualification,Iran,AFC,Uzbekistan,home,2,2,D,,,,,,,,,,,,,,"Tehran, Iran",,False,True,1948.8,1804.3,0.8034,1936.6,-12.1
2025-06-05,FIFA World Cup qualification,2025,Qualification,Iran,AFC,Qatar,away,0,1,L,,,,,,,,,,,,,,"Al Rayyan, Qatar",,False,True,1936.6,1629.8,0.7669,1906.0,-30.7
2025-06-10,FIFA World Cup qualification,2025,Qualification,Iran,AFC,North Korea,home,3,0,W,,,,,,,,,,,,,,"Tehran, Iran",,False,True,1906.0,1498.2,0.949,1909.5,3.6
2025-10-10,Friendly,2025,Tournament/Friendly,Iran,AFC,Russia,away,1,2,L,,,,,,,,,,,,,,"Volgograd, Russia",,False,True,1909.5,1853.6,0.4369,1900.8,-8.7
2025-10-14,Friendly,2025,Tournament/Friendly,Iran,AFC,Tanzania,neutral,2,0,W,,,,,,,,,,,,,,"Dubai, United Arab Emirates",,True,True,1900.8,1437.3,0.9351,1902.7,1.9
2025-11-13,Al Ain International Cup,2025,Tournament/Friendly,Iran,AFC,Cape Verde,neutral,0,0,D,,,,,,,,,,,,,,"Al Ain, United Arab Emirates",,True,True,1902.7,1660.4,0.8014,1893.7,-9.0
2025-11-18,Al Ain International Cup,2025,Tournament/Friendly,Iran,AFC,Uzbekistan,neutral,0,0,D,,,,,,,,,,,,,,"Al Ain, United Arab Emirates",,True,True,1893.7,1843.1,0.5723,1891.5,-2.2
2026-03-27,Jordan International Tournament,2026,Tournament/Friendly,Iran,AFC,Nigeria,neutral,1,2,L,,,,,,,,,,,,,,"Antalya, Turkey",,True,True,1891.5,1860.5,0.5446,1875.2,-16.3
2026-03-31,Jordan International Tournament,2026,Tournament/Friendly,Iran,AFC,Costa Rica,neutral,5,0,W,,,,,,,,,,,,,,"Antalya, Turkey",,True,True,1875.2,1766.7,0.6512,1896.1,20.9
2026-05-29,Friendly,2026,Tournament/Friendly,Iran,AFC,Gambia,neutral,3,1,W,,,,,,,,,,,,,,"Aksu, Turkey",,True,True,1896.1,1542.5,0.8845,1899.6,3.5
2026-06-04,Friendly,2026,Tournament/Friendly,Iran,AFC,Mali,neutral,2,0,W,,,,,,,,,,,,,,"Antalya, Turkey",,True,True,1899.6,1715.0,0.7432,1907.3,7.7
2022-01-21,Friendly,2022,Tournament/Friendly,Iraq,AFC,Uganda,home,1,0,W,,,,,,,,,,,,,,"Baghdad, Iraq",,False,True,1671.4,1574.6,0.7563,1676.3,4.9
2022-01-27,FIFA World Cup qualification,2022,Qualification,Iraq,AFC,Iran,away,0,1,L,,,,,,,,,,,,,,"Tehran, Iran",,False,True,1676.3,1935.7,0.1122,1671.8,-4.5
2022-02-01,FIFA World Cup qualification,2022,Qualification,Iraq,AFC,Lebanon,away,1,1,D,,,,,,,,,,,,,,"Sidon, Lebanon",,False,True,1671.8,1501.5,0.5997,1667.8,-4.0
2022-03-18,Friendly,2022,Tournament/Friendly,Iraq,AFC,Zambia,home,3,1,W,,,,,,,,,,,,,,"Baghdad, Iraq",,False,True,1667.8,1539.9,0.7878,1674.1,6.4
2022-03-24,FIFA World Cup qualification,2022,Qualification,Iraq,AFC,United Arab Emirates,neutral,1,0,W,,,,,,,,,,,,,,"Riyadh, Saudi Arabia",,True,True,1674.1,1633.9,0.5577,1691.8,17.7
2022-03-29,FIFA World Cup qualification,2022,Qualification,Iraq,AFC,Syria,neutral,1,1,D,,,,,,,,,,,,,,"Dubai, United Arab Emirates",,True,True,1691.8,1578.3,0.6578,1685.5,-6.3
2022-09-23,Jordan International Tournament,2022,Tournament/Friendly,Iraq,AFC,Oman,neutral,1,1,D,,,,,,,,,,,,,,"Amman, Jordan",,True,True,1685.5,1673.0,0.518,1685.0,-0.5
2022-09-26,Jordan International Tournament,2022,Tournament/Friendly,Iraq,AFC,Syria,neutral,1,0,W,,,,,,,,,,,,,,"Amman, Jordan",,True,True,1685.0,1579.4,0.6475,1695.6,10.6
2022-11-09,Friendly,2022,Tournament/Friendly,Iraq,AFC,Mexico,neutral,0,4,L,,,,,,,,,,,,,,"Girona, Spain",,True,True,1695.6,1917.1,0.2184,1687.4,-8.2
2022-11-12,Friendly,2022,Tournament/Friendly,Iraq,AFC,Ecuador,neutral,0,0,D,,,,,,,,,,,,,,"Madrid, Spain",,True,True,1687.4,1910.7,0.2166,1693.0,5.7
2022-12-30,Friendly,2022,Tournament/Friendly,Iraq,AFC,Kuwait,home,1,0,W,,,,,,,,,,,,,,"Basra, Iraq",,False,True,1693.0,1417.3,0.8969,1695.1,2.1
2023-01-06,Gulf Cup,2023,Tournament/Friendly,Iraq,AFC,Oman,home,0,0,D,,,,,,,,,,,,,,"Basra, Iraq",,False,True,1695.1,1680.1,0.6597,1690.3,-4.8
2023-01-09,Gulf Cup,2023,Tournament/Friendly,Iraq,AFC,Saudi Arabia,home,2,0,W,,,,,,,,,,,,,,"Basra, Iraq",,False,True,1690.3,1750.8,0.5566,1710.3,20.0
2023-01-12,Gulf Cup,2023,Tournament/Friendly,Iraq,AFC,Yemen,home,5,0,W,,,,,,,,,,,,,,"Basra, Iraq",,False,True,1710.3,1242.5,0.9633,1712.5,2.2
2023-01-16,Gulf Cup,2023,Tournament/Friendly,Iraq,AFC,Qatar,home,2,1,W,,,,,,,,,,,,,,"Basra, Iraq",,False,True,1712.5,1664.6,0.7008,1721.4,9.0
2023-01-19,Gulf Cup,2023,Tournament/Friendly,Iraq,AFC,Oman,home,3,2,W,,,,,,,,,,,,,,"Basra, Iraq",,False,True,1721.4,1716.6,0.6465,1732.1,10.6
2023-03-26,Friendly,2023,Tournament/Friendly,Iraq,AFC,Russia,away,0,2,L,,,,,,,,,,,,,,"Saint Petersburg, Russia",,False,True,1732.1,1811.7,0.2622,1724.2,-7.9
2023-06-16,Friendly,2023,Tournament/Friendly,Iraq,AFC,Colombia,neutral,0,1,L,,,,,,,,,,,,,,"Valencia, Spain",,True,True,1724.2,1998.8,0.1707,1720.8,-3.4
2023-09-07,King's Cup,2023,Tournament/Friendly,Iraq,AFC,India,neutral,2,2,D,,,,,,,,,,,,,,"Chiang Mai, Thailand",,True,True,1720.8,1434.6,0.8385,1714.0,-6.8
2023-09-10,King's Cup,2023,Tournament/Friendly,Iraq,AFC,Thailand,away,2,2,D,,,,,,,,,,,,,,"Chiang Mai, Thailand",,False,True,1714.0,1524.6,0.626,1711.5,-2.5
2023-10-13,Jordan International Tournament,2023,Tournament/Friendly,Iraq,AFC,Qatar,neutral,0,0,D,,,,,,,,,,,,,,"Amman, Jordan",,True,True,1711.5,1633.1,0.6109,1708.2,-3.3
2023-10-17,Jordan International Tournament,2023,Tournament/Friendly,Iraq,AFC,Jordan,away,2,2,D,,,,,,,,,,,,,,"Amman, Jordan",,False,True,1708.2,1662.9,0.4219,1710.5,2.3
2023-11-16,FIFA World Cup qualification,2023,Qualification,Iraq,AFC,Indonesia,home,5,1,W,,,,,,,,,,,,,,"Basra, Iraq",,False,True,1710.5,1451.7,0.8875,1718.9,8.4
2023-11-21,FIFA World Cup qualification,2023,Qualification,Iraq,AFC,Vietnam,away,1,0,W,,,,,,,,,,,,,,"Hanoi, Vietnam",,False,True,1718.9,1552.9,0.5939,1735.2,16.2
2024-01-06,Friendly,2024,Tournament/Friendly,Iraq,AFC,South Korea,neutral,0,1,L,,,,,,,,,,,,,,"Abu Dhabi, United Arab Emirates",,True,True,1735.2,1893.1,0.2872,1729.4,-5.7
2024-01-15,AFC Asian Cup,2024,Tournament/Friendly,Iraq,AFC,Indonesia,neutral,3,1,W,,,,,,,,,,,,,,"Doha, Qatar",,True,True,1729.4,1410.1,0.8628,1739.7,10.3
2024-01-19,AFC Asian Cup,2024,Tournament/Friendly,Iraq,AFC,Japan,neutral,2,1,W,,,,,,,,,,,,,,"Al Rayyan, Qatar",,True,True,1739.7,2008.5,0.1755,1781.0,41.2
2024-01-24,AFC Asian Cup,2024,Tournament/Friendly,Iraq,AFC,Vietnam,neutral,3,2,W,,,,,,,,,,,,,,"Doha, Qatar",,True,True,1781.0,1485.6,0.8455,1788.7,7.7
2024-01-29,AFC Asian Cup,2024,Tournament/Friendly,Iraq,AFC,Jordan,neutral,2,3,L,,,,,,,,,,,,,,"Al Rayyan, Qatar",,True,True,1788.7,1640.0,0.7018,1753.6,-35.1
2024-03-21,FIFA World Cup qualification,2024,Qualification,Iraq,AFC,Philippines,home,1,0,W,,,,,,,,,,,,,,"Basra, Iraq",,False,True,1753.6,1234.6,0.9724,1754.7,1.1
2024-03-26,FIFA World Cup qualification,2024,Qualification,Iraq,AFC,Philippines,away,5,0,W,,,,,,,,,,,,,,"Manila, Philippines",,False,True,1754.7,1233.5,0.9187,1761.2,6.5
2024-06-06,FIFA World Cup qualification,2024,Qualification,Iraq,AFC,Indonesia,away,2,0,W,,,,,,,,,,,,,,"Jakarta, Indonesia",,False,True,1761.2,1484.3,0.7346,1777.1,15.9
2024-06-11,FIFA World Cup qualification,2024,Qualification,Iraq,AFC,Vietnam,home,3,1,W,,,,,,,,,,,,,,"Basra, Iraq",,False,True,1777.1,1420.4,0.9327,1781.2,4.0
2024-09-05,FIFA World Cup qualification,2024,Qualification,Iraq,AFC,Oman,home,1,0,W,,,,,,,,,,,,,,"Basra, Iraq",,False,True,1781.2,1652.7,0.7884,1789.6,8.5
2024-09-10,FIFA World Cup qualification,2024,Qualification,Iraq,AFC,Kuwait,away,0,0,D,,,,,,,,,,,,,,"Kuwait City, Kuwait",,False,True,1789.6,1457.8,0.7916,1778.0,-11.7
2024-10-10,FIFA World Cup qualification,2024,Qualification,Iraq,AFC,Palestine,home,1,0,W,,,,,,,,,,,,,,"Basra, Iraq",,False,True,1778.0,1547.2,0.8704,1783.1,5.2
2024-10-15,FIFA World Cup qualification,2024,Qualification,Iraq,AFC,South Korea,away,2,3,L,,,,,,,,,,,,,,"Yongin, South Korea",,False,True,1783.1,1882.7,0.2408,1773.5,-9.6
2024-11-14,FIFA World Cup qualification,2024,Qualification,Iraq,AFC,Jordan,home,0,0,D,,,,,,,,,,,,,,"Basra, Iraq",,False,True,1773.5,1741.1,0.6818,1766.2,-7.3
2024-11-19,FIFA World Cup qualification,2024,Qualification,Iraq,AFC,Oman,away,1,0,W,,,,,,,,,,,,,,"Muscat, Oman",,False,True,1766.2,1627.1,0.5561,1784.0,17.8
2024-12-22,Gulf Cup,2024,Tournament/Friendly,Iraq,AFC,Yemen,neutral,1,0,W,,,,,,,,,,,,,,"Sulaibikhat, Kuwait",,True,True,1784.0,1246.6,0.9566,1785.3,1.3
2024-12-25,Gulf Cup,2024,Tournament/Friendly,Iraq,AFC,Bahrain,neutral,0,2,L,,,,,,,,,,,,,,"Kuwait City, Kuwait",,True,True,1785.3,1599.7,0.7443,1751.8,-33.5
2024-12-28,Gulf Cup,2024,Tournament/Friendly,Iraq,AFC,Saudi Arabia,neutral,1,3,L,,,,,,,,,,,,,,"Kuwait City, Kuwait",,True,True,1751.8,1640.3,0.6552,1722.3,-29.5
2025-03-20,FIFA World Cup qualification,2025,Qualification,Iraq,AFC,Kuwait,home,2,2,D,,,,,,,,,,,,,,"Basra, Iraq",,False,True,1722.3,1473.8,0.8814,1707.1,-15.3
2025-03-25,FIFA World Cup qualification,2025,Qualification,Iraq,AFC,Palestine,neutral,1,2,L,,,,,,,,,,,,,,"Amman, Jordan",,True,True,1707.1,1532.9,0.7315,1677.8,-29.3
2025-06-05,FIFA World Cup qualification,2025,Qualification,Iraq,AFC,South Korea,home,0,2,L,,,,,,,,,,,,,,"Basra, Iraq",,False,True,1677.8,1857.1,0.3879,1654.5,-23.3
2025-06-10,FIFA World Cup qualification,2025,Qualification,Iraq,AFC,Jordan,away,1,0,W,,,,,,,,,,,,,,"Amman, Jordan",,False,True,1654.5,1776.2,0.2182,1685.8,31.3
2025-09-04,King's Cup,2025,Tournament/Friendly,Iraq,AFC,Hong Kong,neutral,2,1,W,,,,,,,,,,,,,,"Kanchanaburi, Thailand",,True,True,1685.8,1325.7,0.8882,1688.0,2.2
2025-09-07,King's Cup,2025,Tournament/Friendly,Iraq,AFC,Thailand,away,1,0,W,,,,,,,,,,,,,,"Kanchanaburi, Thailand",,False,True,1688.0,1516.5,0.6016,1696.0,8.0
2025-10-11,FIFA World Cup qualification,2025,Qualification,Iraq,AFC,Indonesia,neutral,1,0,W,,,,,,,,,,,,,,"Jeddah, Saudi Arabia",,True,True,1696.0,1498.1,0.7575,1705.7,9.7
2025-10-14,FIFA World Cup qualification,2025,Qualification,Iraq,AFC,Saudi Arabia,away,0,0,D,,,,,,,,,,,,,,"Jeddah, Saudi Arabia",,False,True,1705.7,1710.5,0.3536,1711.6,5.9
2025-11-13,FIFA World Cup qualification,2025,Qualification,Iraq,AFC,United Arab Emirates,away,1,1,D,,,,,,,,,,,,,,"Abu Dhabi, United Arab Emirates",,False,True,1711.6,1681.2,0.4011,1715.5,4.0
2025-11-18,FIFA World Cup qualification,2025,Qualification,Iraq,AFC,United Arab Emirates,home,2,1,W,,,,,,,,,,,,,,"Basra, Iraq",,False,True,1715.5,1677.3,0.6891,1728.0,12.4
2025-12-03,Arab Cup,2025,Tournament/Friendly,Iraq,AFC,Bahrain,neutral,2,1,W,,,,,,,,,,,,,,"Doha, Qatar",,True,True,1728.0,1541.0,0.7457,1735.6,7.6
2025-12-06,Arab Cup,2025,Tournament/Friendly,Iraq,AFC,Sudan,neutral,2,0,W,,,,,,,,,,,,,,"Doha, Qatar",,True,True,1735.6,1516.6,0.7791,1745.5,9.9
2025-12-09,Arab Cup,2025,Tournament/Friendly,Iraq,AFC,Algeria,neutral,0,2,L,,,,,,,,,,,,,,"Al Rayyan, Qatar",,True,True,1745.5,1826.0,0.3862,1728.1,-17.4
2025-12-12,Arab Cup,2025,Tournament/Friendly,Iraq,AFC,Jordan,neutral,0,1,L,,,,,,,,,,,,,,"Al Rayyan, Qatar",,True,True,1728.1,1764.3,0.4481,1714.7,-13.4
2026-03-31,FIFA World Cup qualification,2026,Qualification,Iraq,AFC,Bolivia,neutral,2,1,W,,,,,,,,,,,,,,"Guadalupe, Mexico",,True,True,1714.7,1768.5,0.4232,1737.8,23.1
2026-05-29,Friendly,2026,Tournament/Friendly,Iraq,AFC,Andorra,neutral,1,0,W,,,,,,,,,,,,,,"Girona, Spain",,True,True,1737.8,1134.4,0.9699,1738.4,0.6
2026-06-04,Friendly,2026,Tournament/Friendly,Iraq,AFC,Spain,away,1,1,D,,,,,,,,,,,,,,"A Coruña, Spain",,False,True,1738.4,2223.7,0.0333,1747.7,9.3
2026-06-09,Friendly,2026,Tournament/Friendly,Iraq,AFC,Venezuela,neutral,0,2,L,,,,,,,,,,,,,,"Bridgeview, United States",,True,True,1747.7,1806.6,0.416,1735.2,-12.5
2022-01-12,African Cup of Nations,2022,Tournament/Friendly,Ivory Coast,CAF,Equatorial Guinea,neutral,1,0,W,,,,,,,,,,,,,,"Douala, Cameroon",,True,True,1750.0,1543.7,0.7663,1761.7,11.7
2022-01-16,African Cup of Nations,2022,Tournament/Friendly,Ivory Coast,CAF,Sierra Leone,neutral,2,2,D,,,,,,,,,,,,,,"Douala, Cameroon",,True,True,1761.7,1502.1,0.8167,1745.9,-15.8
2022-01-20,African Cup of Nations,2022,Tournament/Friendly,Ivory Coast,CAF,Algeria,neutral,3,1,W,,,,,,,,,,,,,,"Douala, Cameroon",,True,True,1745.9,1841.8,0.3654,1793.5,47.6
2022-01-26,African Cup of Nations,2022,Tournament/Friendly,Ivory Coast,CAF,Egypt,neutral,0,0,D,,,,,,,,,,,,,,"Douala, Cameroon",,True,True,1793.5,1752.3,0.5589,1790.5,-2.9
2022-03-25,Friendly,2022,Tournament/Friendly,Ivory Coast,CAF,France,away,1,2,L,,,,,,,,,,,,,,"Marseille, France",,False,True,1790.5,2151.4,0.0658,1789.2,-1.3
2022-03-29,Friendly,2022,Tournament/Friendly,Ivory Coast,CAF,England,away,0,3,L,,,,,,,,,,,,,,"London, England",,False,True,1789.2,2088.0,0.0915,1786.0,-3.2
2022-06-03,African Cup of Nations qualification,2022,Qualification,Ivory Coast,CAF,Zambia,home,3,1,W,,,,,,,,,,,,,,"Yamoussoukro, Ivory Coast",,False,True,1786.0,1534.8,0.883,1793.0,7.0
2022-06-09,African Cup of Nations qualification,2022,Qualification,Ivory Coast,CAF,Lesotho,neutral,0,0,D,,,,,,,,,,,,,,"Soweto, South Africa",,True,True,1793.0,1327.8,0.9357,1775.6,-17.4
2022-09-24,Friendly,2022,Tournament/Friendly,Ivory Coast,CAF,Togo,neutral,2,1,W,,,,,,,,,,,,,,"Rouen, France",,True,True,1775.6,1439.0,0.8741,1778.1,2.5
2022-09-27,Friendly,2022,Tournament/Friendly,Ivory Coast,CAF,Guinea,neutral,3,1,W,,,,,,,,,,,,,,"Amiens, France",,True,True,1778.1,1508.0,0.8256,1783.3,5.2
2022-11-16,Friendly,2022,Tournament/Friendly,Ivory Coast,CAF,Burundi,neutral,4,0,W,,,,,,,,,,,,,,"Marrakesh, Morocco",,True,True,1783.3,1442.1,0.877,1788.0,4.6
2022-11-19,Friendly,2022,Tournament/Friendly,Ivory Coast,CAF,Burkina Faso,neutral,1,2,L,,,,,,,,,,,,,,"Marrakesh, Morocco",,True,True,1788.0,1697.6,0.6272,1775.4,-12.5
2023-03-24,African Cup of Nations qualification,2023,Qualification,Ivory Coast,CAF,Comoros,home,3,1,W,,,,,,,,,,,,,,"Bouaké, Ivory Coast",,False,True,1775.4,1384.5,0.9441,1778.8,3.4
2023-03-28,African Cup of Nations qualification,2023,Qualification,Ivory Coast,CAF,Comoros,away,2,0,W,,,,,,,,,,,,,,"Moroni, Comoros",,False,True,1778.8,1381.1,0.8473,1787.9,9.2
2023-06-17,African Cup of Nations qualification,2023,Qualification,Ivory Coast,CAF,Zambia,away,0,3,L,,,,,,,,,,,,,,"Ndola, Zambia",,False,True,1787.9,1582.7,0.647,1742.6,-45.3
2023-09-09,African Cup of Nations qualification,2023,Qualification,Ivory Coast,CAF,Lesotho,home,1,0,W,,,,,,,,,,,,,,"San-Pédro, Ivory Coast",,False,True,1742.6,1323.9,0.9519,1744.6,1.9
2023-10-14,Friendly,2023,Tournament/Friendly,Ivory Coast,CAF,Morocco,home,1,1,D,,,,,,,,,,,,,,"Abidjan, Ivory Coast",,False,True,1744.6,1923.6,0.3882,1746.8,2.2
2023-10-17,Friendly,2023,Tournament/Friendly,Ivory Coast,CAF,South Africa,home,1,1,D,,,,,,,,,,,,,,"Abidjan, Ivory Coast",,False,True,1746.8,1636.3,0.7706,1741.4,-5.4
2023-11-17,FIFA World Cup qualification,2023,Qualification,Ivory Coast,CAF,Seychelles,home,9,0,W,,,,,,,,,,,,,,"Abidjan, Ivory Coast",,False,True,1741.4,1046.5,0.9898,1742.4,1.0
2023-11-20,FIFA World Cup qualification,2023,Qualification,Ivory Coast,CAF,Gambia,neutral,2,0,W,,,,,,,,,,,,,,"Dar es Salaam, Tanzania",,True,True,1742.4,1530.1,0.7724,1756.1,13.7
2024-01-06,Friendly,2024,Tournament/Friendly,Ivory Coast,CAF,Sierra Leone,home,5,1,W,,,,,,,,,,,,,,"San-Pédro, Ivory Coast",,False,True,1756.1,1441.1,0.916,1759.2,3.2
2024-01-13,African Cup of Nations,2024,Tournament/Friendly,Ivory Coast,CAF,Guinea-Bissau,home,2,0,W,,,,,,,,,,,,,,"Ebimpé, Ivory Coast",,False,True,1759.2,1516.1,0.8781,1768.3,9.1
2024-01-18,African Cup of Nations,2024,Tournament/Friendly,Ivory Coast,CAF,Nigeria,home,0,1,L,,,,,,,,,,,,,,"Ebimpé, Ivory Coast",,False,True,1768.3,1658.0,0.7704,1729.8,-38.5
2024-01-22,African Cup of Nations,2024,Tournament/Friendly,Ivory Coast,CAF,Equatorial Guinea,home,0,4,L,,,,,,,,,,,,,,"Ebimpé, Ivory Coast",,False,True,1729.8,1553.8,0.8305,1652.0,-77.9
2024-01-29,African Cup of Nations,2024,Tournament/Friendly,Ivory Coast,CAF,Senegal,home,1,1,D,,,,,,,,,,,,,,"Yamoussoukro, Ivory Coast",,False,True,1652.0,1890.1,0.3111,1661.4,9.4
2024-02-03,African Cup of Nations,2024,Tournament/Friendly,Ivory Coast,CAF,Mali,home,2,1,W,,,,,,,,,,,,,,"Bouaké, Ivory Coast",,False,True,1661.4,1770.7,0.4867,1687.1,25.7
2024-02-07,African Cup of Nations,2024,Tournament/Friendly,Ivory Coast,CAF,DR Congo,home,1,0,W,,,,,,,,,,,,,,"Ebimpé, Ivory Coast",,False,True,1687.1,1656.5,0.6796,1703.1,16.0
2024-02-11,African Cup of Nations,2024,Tournament/Friendly,Ivory Coast,CAF,Nigeria,home,2,1,W,,,,,,,,,,,,,,"Ebimpé, Ivory Coast",,False,True,1703.1,1758.2,0.5642,1724.9,21.8
2024-03-23,Friendly,2024,Tournament/Friendly,Ivory Coast,CAF,Benin,neutral,2,2,D,,,,,,,,,,,,,,"Amiens, France",,True,True,1724.9,1460.0,0.8213,1718.5,-6.4
2024-03-26,Friendly,2024,Tournament/Friendly,Ivory Coast,CAF,Uruguay,neutral,2,1,W,,,,,,,,,,,,,,"Lens, France",,True,True,1718.5,2081.1,0.1103,1736.3,17.8
2024-06-07,FIFA World Cup qualification,2024,Qualification,Ivory Coast,CAF,Gabon,home,1,0,W,,,,,,,,,,,,,,"Korhogo, Ivory Coast",,False,True,1736.3,1543.9,0.8433,1742.5,6.3
2024-06-11,FIFA World Cup qualification,2024,Qualification,Ivory Coast,CAF,Kenya,neutral,0,0,D,,,,,,,,,,,,,,"Lilongwe, Malawi",,True,True,1742.5,1473.5,0.8248,1729.5,-13.0
2024-09-06,African Cup of Nations qualification,2024,Qualification,Ivory Coast,CAF,Zambia,home,2,0,W,,,,,,,,,,,,,,"Bouaké, Ivory Coast",,False,True,1729.5,1557.6,0.8272,1739.9,10.4
2024-09-10,African Cup of Nations qualification,2024,Qualification,Ivory Coast,CAF,Chad,neutral,2,0,W,,,,,,,,,,,,,,"Yaoundé, Cameroon",,True,True,1739.9,1283.6,0.9326,1744.0,4.0
2024-10-11,African Cup of Nations qualification,2024,Qualification,Ivory Coast,CAF,Sierra Leone,home,4,1,W,,,,,,,,,,,,,,"San-Pédro, Ivory Coast",,False,True,1744.0,1431.7,0.9148,1749.9,6.0
2024-10-15,African Cup of Nations qualification,2024,Qualification,Ivory Coast,CAF,Sierra Leone,neutral,0,1,L,,,,,,,,,,,,,,"Monrovia, Liberia",,True,True,1749.9,1425.7,0.866,1715.3,-34.6
2024-11-15,African Cup of Nations qualification,2024,Qualification,Ivory Coast,CAF,Zambia,away,0,1,L,,,,,,,,,,,,,,"Ndola, Zambia",,False,True,1715.3,1548.5,0.595,1691.5,-23.8
2024-11-19,African Cup of Nations qualification,2024,Qualification,Ivory Coast,CAF,Chad,home,4,0,W,,,,,,,,,,,,,,"Abidjan, Ivory Coast",,False,True,1691.5,1296.8,0.9452,1695.6,4.1
2025-03-21,FIFA World Cup qualification,2025,Qualification,Ivory Coast,CAF,Burundi,neutral,1,0,W,,,,,,,,,,,,,,"Meknes, Morocco",,True,True,1695.6,1442.8,0.8108,1703.2,7.6
2025-03-24,FIFA World Cup qualification,2025,Qualification,Ivory Coast,CAF,Gambia,home,1,0,W,,,,,,,,,,,,,,"Abidjan, Ivory Coast",,False,True,1703.2,1497.1,0.8534,1709.0,5.9
2025-06-07,Canadian Shield,2025,Tournament/Friendly,Ivory Coast,CAF,New Zealand,neutral,0,1,L,,,,,,,,,,,,,,"Toronto, Canada",,True,True,1709.0,1798.0,0.3747,1697.8,-11.2
2025-06-10,Canadian Shield,2025,Tournament/Friendly,Ivory Coast,CAF,Canada,away,0,0,D,,,,,,,,,,,,,,"Toronto, Canada",,False,True,1697.8,1900.3,0.1491,1708.3,10.5
2025-09-05,FIFA World Cup qualification,2025,Qualification,Ivory Coast,CAF,Burundi,home,1,0,W,,,,,,,,,,,,,,"Abidjan, Ivory Coast",,False,True,1708.3,1450.5,0.8869,1712.8,4.5
2025-09-09,FIFA World Cup qualification,2025,Qualification,Ivory Coast,CAF,Gabon,away,0,0,D,,,,,,,,,,,,,,"Franceville, Gabon",,False,True,1712.8,1578.6,0.5491,1710.9,-2.0
2025-10-10,FIFA World Cup qualification,2025,Qualification,Ivory Coast,CAF,Seychelles,neutral,7,0,W,,,,,,,,,,,,,,"Saint Pierre, Mauritius",,True,True,1710.9,1013.1,0.9823,1712.5,1.6
2025-10-14,FIFA World Cup qualification,2025,Qualification,Ivory Coast,CAF,Kenya,home,3,0,W,,,,,,,,,,,,,,"Ebimpé, Ivory Coast",,False,True,1712.5,1470.9,0.8772,1721.1,8.6
2025-11-14,Friendly,2025,Tournament/Friendly,Ivory Coast,CAF,Saudi Arabia,away,0,1,L,,,,,,,,,,,,,,"Jeddah, Saudi Arabia",,False,True,1721.1,1704.6,0.382,1713.4,-7.6
2025-11-18,Friendly,2025,Tournament/Friendly,Ivory Coast,CAF,Oman,away,2,0,W,,,,,,,,,,,,,,"Seeb, Oman",,False,True,1713.4,1612.1,0.5019,1728.4,14.9
2025-12-24,African Cup of Nations,2025,Tournament/Friendly,Ivory Coast,CAF,Mozambique,neutral,1,0,W,,,,,,,,,,,,,,"Marrakesh, Morocco",,True,True,1728.4,1512.8,0.7757,1739.6,11.2
2025-12-28,African Cup of Nations,2025,Tournament/Friendly,Ivory Coast,CAF,Cameroon,neutral,1,1,D,,,,,,,,,,,,,,"Marrakesh, Morocco",,True,True,1739.6,1682.8,0.581,1735.5,-4.0
2025-12-31,African Cup of Nations,2025,Tournament/Friendly,Ivory Coast,CAF,Gabon,neutral,3,2,W,,,,,,,,,,,,,,"Marrakesh, Morocco",,True,True,1735.5,1535.7,0.7596,1747.5,12.0
2026-01-06,African Cup of Nations,2026,Tournament/Friendly,Ivory Coast,CAF,Burkina Faso,neutral,3,0,W,,,,,,,,,,,,,,"Marrakesh, Morocco",,True,True,1747.5,1699.0,0.5694,1785.2,37.7
2026-01-10,African Cup of Nations,2026,Tournament/Friendly,Ivory Coast,CAF,Egypt,neutral,2,3,L,,,,,,,,,,,,,,"Agadir, Morocco",,True,True,1785.2,1756.9,0.5407,1758.2,-27.0
2026-03-28,Friendly,2026,Tournament/Friendly,Ivory Coast,CAF,South Korea,neutral,4,0,W,,,,,,,,,,,,,,"Milton Keynes, England",,True,True,1758.2,1905.4,0.2999,1784.4,26.3
2026-03-31,Friendly,2026,Tournament/Friendly,Ivory Coast,CAF,Scotland,neutral,1,0,W,,,,,,,,,,,,,,"Liverpool, England",,True,True,1784.4,1834.3,0.4288,1795.9,11.4
2026-06-04,Friendly,2026,Tournament/Friendly,Ivory Coast,CAF,France,away,2,1,W,,,,,,,,,,,,,,"Nantes, France",,False,True,1795.9,2140.1,0.072,1814.4,18.6
2022-01-27,FIFA World Cup qualification,2022,Qualification,Japan,AFC,China,home,2,0,W,,,,,,,,,,,,,,"Saitama, Japan",,False,True,1861.7,1617.2,0.879,1869.0,7.3
2022-02-01,FIFA World Cup qualification,2022,Qualification,Japan,AFC,Saudi Arabia,home,2,0,W,,,,,,,,,,,,,,"Saitama, Japan",,False,True,1869.0,1764.9,0.764,1883.2,14.2
2022-03-24,FIFA World Cup qualification,2022,Qualification,Japan,AFC,Australia,away,2,0,W,,,,,,,,,,,,,,"Sydney, Australia",,False,True,1883.2,1832.9,0.4289,1917.4,34.3
2022-03-29,FIFA World Cup qualification,2022,Qualification,Japan,AFC,Vietnam,home,1,1,D,,,,,,,,,,,,,,"Saitama, Japan",,False,True,1917.4,1491.6,0.9538,1899.3,-18.2
2022-06-02,Friendly,2022,Tournament/Friendly,Japan,AFC,Paraguay,home,4,1,W,,,,,,,,,,,,,,"Sapporo, Japan",,False,True,1899.3,1791.3,0.7681,1907.4,8.1
2022-06-06,Friendly,2022,Tournament/Friendly,Japan,AFC,Brazil,home,0,1,L,,,,,,,,,,,,,,"Tokyo, Japan",,False,True,1907.4,2222.0,0.2252,1902.9,-4.5
2022-06-10,Kirin Cup,2022,Tournament/Friendly,Japan,AFC,Ghana,home,4,1,W,,,,,,,,,,,,,,"Kobe, Japan",,False,True,1902.9,1649.1,0.8846,1906.9,4.0
2022-06-14,Kirin Cup,2022,Tournament/Friendly,Japan,AFC,Tunisia,home,0,3,L,,,,,,,,,,,,,,"Suita, Japan",,False,True,1906.9,1744.6,0.8191,1878.3,-28.7
2022-07-19,EAFF Championship,2022,Tournament/Friendly,Japan,AFC,Hong Kong,home,6,0,W,,,,,,,,,,,,,,"Kashima, Japan",,False,True,1878.3,1318.4,0.9781,1879.7,1.4
2022-07-24,EAFF Championship,2022,Tournament/Friendly,Japan,AFC,China,home,0,0,D,,,,,,,,,,,,,,"Toyota, Japan",,False,True,1879.7,1562.8,0.9168,1867.1,-12.5
2022-07-27,EAFF Championship,2022,Tournament/Friendly,Japan,AFC,South Korea,home,3,0,W,,,,,,,,,,,,,,"Toyota, Japan",,False,True,1867.1,1905.6,0.5877,1888.8,21.6
2022-09-23,Kirin Challenge Cup,2022,Tournament/Friendly,Japan,AFC,USA,neutral,2,0,W,,,,,,,,,,,,,,"Düsseldorf, Germany",,True,True,1888.8,1928.6,0.443,1913.9,25.1
2022-09-27,Kirin Challenge Cup,2022,Tournament/Friendly,Japan,AFC,Ecuador,neutral,0,0,D,,,,,,,,,,,,,,"Düsseldorf, Germany",,True,True,1913.9,1910.6,0.5047,1913.7,-0.1
2022-11-17,Friendly,2022,Tournament/Friendly,Japan,AFC,Canada,neutral,1,2,L,,,,,,,,,,,,,,"Dubai, United Arab Emirates",,True,True,1913.7,1886.4,0.5392,1902.9,-10.8
2022-11-23,FIFA World Cup,2022,Tournament/Friendly,Japan,AFC,Germany,neutral,2,1,W,,,,,,,,,,,,,,"Al Rayyan, Qatar",,True,True,1902.9,2013.4,0.3462,1942.2,39.2
2022-11-27,FIFA World Cup,2022,Tournament/Friendly,Japan,AFC,Costa Rica,neutral,0,1,L,,,,,,,,,,,,,,"Al Rayyan, Qatar",,True,True,1942.2,1837.5,0.6462,1903.4,-38.8
2022-12-01,FIFA World Cup,2022,Tournament/Friendly,Japan,AFC,Spain,neutral,2,1,W,,,,,,,,,,,,,,"Al Rayyan, Qatar",,True,True,1903.4,2113.2,0.2301,1949.6,46.2
2022-12-05,FIFA World Cup,2022,Tournament/Friendly,Japan,AFC,Croatia,neutral,1,1,D,,,,,,,,,,,,,,"Al Wakrah, Qatar",,True,True,1949.6,2005.2,0.4207,1954.3,4.8
2023-03-24,Friendly,2023,Tournament/Friendly,Japan,AFC,Uruguay,home,1,1,D,,,,,,,,,,,,,,"Tokyo, Japan",,False,True,1954.3,1978.4,0.6076,1952.2,-2.2
2023-03-28,Friendly,2023,Tournament/Friendly,Japan,AFC,Colombia,home,1,2,L,,,,,,,,,,,,,,"Osaka, Japan",,False,True,1952.2,1987.0,0.5928,1940.3,-11.9
2023-06-15,Friendly,2023,Tournament/Friendly,Japan,AFC,El Salvador,home,6,0,W,,,,,,,,,,,,,,"Toyota, Japan",,False,True,1940.3,1587.5,0.9313,1943.3,2.9
2023-06-20,Friendly,2023,Tournament/Friendly,Japan,AFC,Peru,home,4,1,W,,,,,,,,,,,,,,"Suita, Japan",,False,True,1943.3,1930.1,0.6573,1955.3,12.0
2023-09-09,Friendly,2023,Tournament/Friendly,Japan,AFC,Germany,away,4,1,W,,,,,,,,,,,,,,"Wolfsburg, Germany",,False,True,1955.3,1975.5,0.3335,1978.6,23.3
2023-09-12,Friendly,2023,Tournament/Friendly,Japan,AFC,Turkey,neutral,4,2,W,,,,,,,,,,,,,,"Genk, Belgium",,True,True,1978.6,1763.4,0.7754,1985.3,6.7
2023-10-13,Friendly,2023,Tournament/Friendly,Japan,AFC,Canada,home,4,1,W,,,,,,,,,,,,,,"Niigata, Japan",,False,True,1985.3,1837.1,0.8067,1992.1,6.8
2023-11-16,FIFA World Cup qualification,2023,Qualification,Japan,AFC,Myanmar,home,5,0,W,,,,,,,,,,,,,,"Suita, Japan",,False,True,1992.1,1114.3,0.9964,1992.4,0.3
2023-11-21,FIFA World Cup qualification,2023,Qualification,Japan,AFC,Syria,neutral,5,0,W,,,,,,,,,,,,,,"Jeddah, Saudi Arabia",,True,True,1992.4,1555.3,0.9253,1998.3,6.0
2024-01-01,Friendly,2024,Tournament/Friendly,Japan,AFC,Thailand,home,5,0,W,,,,,,,,,,,,,,"Tokyo, Japan",,False,True,1998.3,1519.1,0.9656,1999.7,1.4
2024-01-09,Friendly,2024,Tournament/Friendly,Japan,AFC,Jordan,neutral,6,1,W,,,,,,,,,,,,,,"Doha, Qatar",,True,True,1999.7,1632.1,0.8925,2004.0,4.3
2024-01-14,AFC Asian Cup,2024,Tournament/Friendly,Japan,AFC,Vietnam,neutral,4,2,W,,,,,,,,,,,,,,"Doha, Qatar",,True,True,2004.0,1523.3,0.9409,2008.5,4.4
2024-01-19,AFC Asian Cup,2024,Tournament/Friendly,Japan,AFC,Iraq,neutral,1,2,L,,,,,,,,,,,,,,"Al Rayyan, Qatar",,True,True,2008.5,1739.7,0.8245,1967.2,-41.2
2024-01-24,AFC Asian Cup,2024,Tournament/Friendly,Japan,AFC,Indonesia,neutral,3,1,W,,,,,,,,,,,,,,"Doha, Qatar",,True,True,1967.2,1433.0,0.9559,1970.5,3.3
2024-01-31,AFC Asian Cup,2024,Tournament/Friendly,Japan,AFC,Bahrain,neutral,3,1,W,,,,,,,,,,,,,,"Doha, Qatar",,True,True,1970.5,1592.5,0.8981,1978.2,7.6
2024-02-03,AFC Asian Cup,2024,Tournament/Friendly,Japan,AFC,Iran,neutral,1,2,L,,,,,,,,,,,,,,"Al Rayyan, Qatar",,True,True,1978.2,1917.1,0.5871,1948.8,-29.4
2024-03-21,FIFA World Cup qualification,2024,Qualification,Japan,AFC,North Korea,home,1,0,W,,,,,,,,,,,,,,"Tokyo, Japan",,False,True,1948.8,1503.4,0.9585,1950.5,1.7
2024-06-06,FIFA World Cup qualification,2024,Qualification,Japan,AFC,Myanmar,away,5,0,W,,,,,,,,,,,,,,"Yangon, Myanmar",,False,True,1950.5,1110.4,0.9861,1951.6,1.1
2024-06-11,FIFA World Cup qualification,2024,Qualification,Japan,AFC,Syria,home,5,0,W,,,,,,,,,,,,,,"Hiroshima, Japan",,False,True,1951.6,1552.4,0.9465,1955.9,4.3
2024-09-05,FIFA World Cup qualification,2024,Qualification,Japan,AFC,China,home,7,0,W,,,,,,,,,,,,,,"Saitama, Japan",,False,True,1955.9,1530.5,0.9537,1960.1,4.2
2024-09-10,FIFA World Cup qualification,2024,Qualification,Japan,AFC,Bahrain,away,5,0,W,,,,,,,,,,,,,,"Riffa, Bahrain",,False,True,1960.1,1618.2,0.8009,1976.0,15.9
2024-10-10,FIFA World Cup qualification,2024,Qualification,Japan,AFC,Saudi Arabia,away,2,0,W,,,,,,,,,,,,,,"Jeddah, Saudi Arabia",,False,True,1976.0,1708.2,0.7243,1992.5,16.5
2024-10-15,FIFA World Cup qualification,2024,Qualification,Japan,AFC,Australia,home,1,1,D,,,,,,,,,,,,,,"Saitama, Japan",,False,True,1992.5,1837.7,0.8126,1980.0,-12.5
2024-11-15,FIFA World Cup qualification,2024,Qualification,Japan,AFC,Indonesia,away,4,0,W,,,,,,,,,,,,,,"Jakarta, Indonesia",,False,True,1980.0,1498.4,0.9,1987.5,7.5
2024-11-19,FIFA World Cup qualification,2024,Qualification,Japan,AFC,China,away,3,1,W,,,,,,,,,,,,,,"Xiamen, China",,False,True,1987.5,1549.7,0.8749,1995.0,7.5
2025-03-20,FIFA World Cup qualification,2025,Qualification,Japan,AFC,Bahrain,home,2,0,W,,,,,,,,,,,,,,"Saitama, Japan",,False,True,1995.0,1636.3,0.9334,1999.0,4.0
2025-03-25,FIFA World Cup qualification,2025,Qualification,Japan,AFC,Saudi Arabia,home,0,0,D,,,,,,,,,,,,,,"Saitama, Japan",,False,True,1999.0,1662.1,0.9252,1982.0,-17.0
2025-06-05,FIFA World Cup qualification,2025,Qualification,Japan,AFC,Australia,away,0,1,L,,,,,,,,,,,,,,"Perth, Australia",,False,True,1982.0,1848.0,0.5489,1960.1,-22.0
2025-06-10,FIFA World Cup qualification,2025,Qualification,Japan,AFC,Indonesia,home,6,0,W,,,,,,,,,,,,,,"Suita, Japan",,False,True,1960.1,1510.0,0.9596,1963.5,3.4
2025-09-06,Friendly,2025,Tournament/Friendly,Japan,AFC,Mexico,neutral,0,0,D,,,,,,,,,,,,,,"Oakland, United States",,True,True,1963.5,1975.1,0.4834,1963.8,0.3
2025-09-09,Friendly,2025,Tournament/Friendly,Japan,AFC,USA,away,0,2,L,,,,,,,,,,,,,,"Columbus, United States",,False,True,1963.8,1792.6,0.601,1945.8,-18.0
2025-10-10,Kirin Cup,2025,Tournament/Friendly,Japan,AFC,Paraguay,home,2,2,D,,,,,,,,,,,,,,"Osaka, Japan",,False,True,1945.8,1920.7,0.6726,1942.4,-3.5
2025-10-14,Kirin Cup,2025,Tournament/Friendly,Japan,AFC,Brazil,home,3,2,W,,,,,,,,,,,,,,"Tokyo, Japan",,False,True,1942.4,2067.5,0.4639,1953.1,10.7
2025-11-14,Kirin Cup,2025,Tournament/Friendly,Japan,AFC,Ghana,home,2,0,W,,,,,,,,,,,,,,"Toyota, Japan",,False,True,1953.1,1632.3,0.9185,1955.5,2.4
2025-11-18,Kirin Cup,2025,Tournament/Friendly,Japan,AFC,Bolivia,home,3,0,W,,,,,,,,,,,,,,"Tokyo, Japan",,False,True,1955.5,1763.6,0.843,1961.0,5.5
2026-03-28,Friendly,2026,Tournament/Friendly,Japan,AFC,Scotland,away,1,0,W,,,,,,,,,,,,,,"Glasgow, Scotland",,False,True,1961.0,1843.8,0.5248,1970.5,9.5
2026-03-31,Friendly,2026,Tournament/Friendly,Japan,AFC,England,away,1,0,W,,,,,,,,,,,,,,"London, England",,False,True,1970.5,2097.4,0.2132,1986.3,15.7
2026-05-31,Friendly,2026,Tournament/Friendly,Japan,AFC,Iceland,home,1,0,W,,,,,,,,,,,,,,"Tokyo, Japan",,False,True,1986.3,1630.2,0.9325,1987.6,1.4
2022-01-28,Friendly,2022,Tournament/Friendly,Jordan,AFC,New Zealand,neutral,3,1,W,,,,,,,,,,,,,,"Abu Dhabi, United Arab Emirates",,True,True,1631.8,1701.1,0.4015,1649.7,18.0
2022-05-28,Friendly,2022,Tournament/Friendly,Jordan,AFC,India,neutral,2,0,W,,,,,,,,,,,,,,"Doha, Qatar",,True,True,1649.7,1365.3,0.8372,1654.6,4.9
2022-06-01,Friendly,2022,Tournament/Friendly,Jordan,AFC,Australia,neutral,1,2,L,,,,,,,,,,,,,,"Al Wakrah, Qatar",,True,True,1654.6,1781.1,0.3256,1648.1,-6.5
2022-06-08,AFC Asian Cup qualification,2022,Qualification,Jordan,AFC,Nepal,neutral,2,0,W,,,,,,,,,,,,,,"Kuwait City, Kuwait",,True,True,1648.1,1161.3,0.9428,1651.5,3.4
2022-06-11,AFC Asian Cup qualification,2022,Qualification,Jordan,AFC,Indonesia,neutral,1,0,W,,,,,,,,,,,,,,"Kuwait City, Kuwait",,True,True,1651.5,1387.4,0.8206,1658.7,7.2
2022-06-14,AFC Asian Cup qualification,2022,Qualification,Jordan,AFC,Kuwait,away,3,0,W,,,,,,,,,,,,,,"Kuwait City, Kuwait",,False,True,1658.7,1421.5,0.6878,1680.5,21.9
2022-09-23,Jordan International Tournament,2022,Tournament/Friendly,Jordan,AFC,Syria,home,2,0,W,,,,,,,,,,,,,,"Amman, Jordan",,False,True,1680.5,1590.7,0.7489,1691.8,11.3
2022-09-26,Jordan International Tournament,2022,Tournament/Friendly,Jordan,AFC,Oman,home,1,0,W,,,,,,,,,,,,,,"Amman, Jordan",,False,True,1691.8,1673.6,0.6639,1701.9,10.1
2022-11-17,Friendly,2022,Tournament/Friendly,Jordan,AFC,Spain,home,1,3,L,,,,,,,,,,,,,,"Amman, Jordan",,False,True,1701.9,2092.6,0.158,1697.2,-4.7
2023-03-28,Friendly,2023,Tournament/Friendly,Jordan,AFC,Philippines,neutral,4,0,W,,,,,,,,,,,,,,"Al Wakrah, Qatar",,True,True,1697.2,1234.2,0.9349,1699.6,2.4
2023-06-16,Friendly,2023,Tournament/Friendly,Jordan,AFC,Serbia,neutral,2,3,L,,,,,,,,,,,,,,"Vienna, Austria",,True,True,1699.6,1919.4,0.2201,1695.2,-4.4
2023-06-19,Friendly,2023,Tournament/Friendly,Jordan,AFC,Jamaica,neutral,2,1,W,,,,,,,,,,,,,,"Wiener Neustadt, Austria",,True,True,1695.2,1659.3,0.5515,1704.2,9.0
2023-09-07,Friendly,2023,Tournament/Friendly,Jordan,AFC,Norway,away,0,6,L,,,,,,,,,,,,,,"Oslo, Norway",,False,True,1704.2,1763.6,0.2854,1692.1,-12.1
2023-09-12,Friendly,2023,Tournament/Friendly,Jordan,AFC,Azerbaijan,away,1,2,L,,,,,,,,,,,,,,"Baku, Azerbaijan",,False,True,1692.1,1453.5,0.6895,1678.3,-13.8
2023-10-13,Jordan International Tournament,2023,Tournament/Friendly,Jordan,AFC,Iran,home,1,3,L,,,,,,,,,,,,,,"Amman, Jordan",,False,True,1678.3,1891.6,0.3425,1662.9,-15.4
2023-10-17,Jordan International Tournament,2023,Tournament/Friendly,Jordan,AFC,Iraq,home,2,2,D,,,,,,,,,,,,,,"Amman, Jordan",,False,True,1662.9,1708.2,0.5781,1660.5,-2.3
2023-11-16,FIFA World Cup qualification,2023,Qualification,Jordan,AFC,Tajikistan,away,1,1,D,,,,,,,,,,,,,,"Dushanbe, Tajikistan",,False,True,1660.5,1484.2,0.6081,1656.2,-4.3
2023-11-21,FIFA World Cup qualification,2023,Qualification,Jordan,AFC,Saudi Arabia,home,0,2,L,,,,,,,,,,,,,,"Amman, Jordan",,False,True,1656.2,1661.1,0.6335,1618.2,-38.0
2024-01-05,Friendly,2024,Tournament/Friendly,Jordan,AFC,Qatar,away,2,1,W,,,,,,,,,,,,,,"Al Rayyan, Qatar",,False,True,1618.2,1660.8,0.3055,1632.1,13.9
2024-01-09,Friendly,2024,Tournament/Friendly,Jordan,AFC,Japan,neutral,1,6,L,,,,,,,,,,,,,,"Doha, Qatar",,True,True,1632.1,1999.7,0.1075,1627.8,-4.3
2024-01-15,AFC Asian Cup,2024,Tournament/Friendly,Jordan,AFC,Malaysia,neutral,4,0,W,,,,,,,,,,,,,,"Al Wakrah, Qatar",,True,True,1627.8,1494.2,0.6833,1657.5,29.7
2024-01-20,AFC Asian Cup,2024,Tournament/Friendly,Jordan,AFC,South Korea,neutral,2,2,D,,,,,,,,,,,,,,"Doha, Qatar",,True,True,1657.5,1907.7,0.1915,1672.9,15.4
2024-01-25,AFC Asian Cup,2024,Tournament/Friendly,Jordan,AFC,Bahrain,neutral,0,1,L,,,,,,,,,,,,,,"Al Rayyan, Qatar",,True,True,1672.9,1559.7,0.6574,1640.0,-32.9
2024-01-29,AFC Asian Cup,2024,Tournament/Friendly,Jordan,AFC,Iraq,neutral,3,2,W,,,,,,,,,,,,,,"Al Rayyan, Qatar",,True,True,1640.0,1788.7,0.2982,1675.1,35.1
2024-02-02,AFC Asian Cup,2024,Tournament/Friendly,Jordan,AFC,Tajikistan,neutral,1,0,W,,,,,,,,,,,,,,"Al Rayyan, Qatar",,True,True,1675.1,1525.8,0.7026,1690.0,14.9
2024-02-06,AFC Asian Cup,2024,Tournament/Friendly,Jordan,AFC,South Korea,neutral,2,0,W,,,,,,,,,,,,,,"Al Rayyan, Qatar",,True,True,1690.0,1888.2,0.2421,1746.8,56.8
2024-02-10,AFC Asian Cup,2024,Tournament/Friendly,Jordan,AFC,Qatar,away,1,3,L,,,,,,,,,,,,,,"Lusail, Qatar",,False,True,1746.8,1725.7,0.3885,1717.7,-29.1
2024-03-21,FIFA World Cup qualification,2024,Qualification,Jordan,AFC,Pakistan,away,3,0,W,,,,,,,,,,,,,,"Islamabad, Pakistan",,False,True,1717.7,1029.8,0.9672,1720.0,2.3
2024-03-26,FIFA World Cup qualification,2024,Qualification,Jordan,AFC,Pakistan,home,7,0,W,,,,,,,,,,,,,,"Amman, Jordan",,False,True,1720.0,1027.5,0.9897,1720.9,0.9
2024-06-06,FIFA World Cup qualification,2024,Qualification,Jordan,AFC,Tajikistan,home,3,0,W,,,,,,,,,,,,,,"Amman, Jordan",,False,True,1720.9,1512.7,0.855,1731.1,10.2
2024-06-11,FIFA World Cup qualification,2024,Qualification,Jordan,AFC,Saudi Arabia,away,2,1,W,,,,,,,,,,,,,,"Riyadh, Saudi Arabia",,False,True,1731.1,1732.4,0.3581,1756.7,25.7
2024-07-27,Friendly,2024,Tournament/Friendly,Jordan,AFC,North Korea,home,0,0,D,,,,,,,,,,,,,,"Amman, Jordan",,False,True,1756.7,1531.8,0.8665,1749.4,-7.3
2024-08-29,Friendly,2024,Tournament/Friendly,Jordan,AFC,North Korea,home,2,1,W,,,,,,,,,,,,,,"Amman, Jordan",,False,True,1749.4,1539.1,0.8565,1752.3,2.9
2024-09-05,FIFA World Cup qualification,2024,Qualification,Jordan,AFC,Kuwait,home,1,1,D,,,,,,,,,,,,,,"Amman, Jordan",,False,True,1752.3,1441.2,0.9142,1735.7,-16.6
2024-09-10,FIFA World Cup qualification,2024,Qualification,Jordan,AFC,Palestine,neutral,3,1,W,,,,,,,,,,,,,,"Kuala Lumpur, Malaysia",,True,True,1735.7,1563.4,0.7295,1752.0,16.2
2024-10-10,FIFA World Cup qualification,2024,Qualification,Jordan,AFC,South Korea,home,0,2,L,,,,,,,,,,,,,,"Amman, Jordan",,False,True,1752.0,1852.7,0.4989,1722.0,-29.9
2024-10-15,FIFA World Cup qualification,2024,Qualification,Jordan,AFC,Oman,home,4,0,W,,,,,,,,,,,,,,"Amman, Jordan",,False,True,1722.0,1635.7,0.7451,1741.1,19.1
2024-11-14,FIFA World Cup qualification,2024,Qualification,Jordan,AFC,Iraq,away,0,0,D,,,,,,,,,,,,,,"Basra, Iraq",,False,True,1741.1,1773.5,0.3182,1748.4,7.3
2024-11-19,FIFA World Cup qualification,2024,Qualification,Jordan,AFC,Kuwait,away,1,1,D,,,,,,,,,,,,,,"Kuwait City, Kuwait",,False,True,1748.4,1452.4,0.7555,1738.2,-10.2
2025-01-22,Friendly,2025,Tournament/Friendly,Jordan,AFC,Uzbekistan,neutral,0,0,D,,,,,,,,,,,,,,"Doha, Qatar",,True,True,1738.2,1803.6,0.4069,1740.0,1.9
2025-03-14,Friendly,2025,Tournament/Friendly,Jordan,AFC,North Korea,home,1,1,D,,,,,,,,,,,,,,"Amman, Jordan",,False,True,1740.0,1520.3,0.863,1732.8,-7.3
2025-03-20,FIFA World Cup qualification,2025,Qualification,Jordan,AFC,Palestine,home,3,1,W,,,,,,,,,,,,,,"Amman, Jordan",,False,True,1732.8,1542.4,0.8418,1742.3,9.5
2025-03-25,FIFA World Cup qualification,2025,Qualification,Jordan,AFC,South Korea,away,1,1,D,,,,,,,,,,,,,,"Suwon, South Korea",,False,True,1742.3,1868.5,0.2138,1753.7,11.4
2025-05-30,Friendly,2025,Tournament/Friendly,Jordan,AFC,Saudi Arabia,away,0,2,L,,,,,,,,,,,,,,"Dammam, Saudi Arabia",,False,True,1753.7,1679.1,0.4635,1739.8,-13.9
2025-06-05,FIFA World Cup qualification,2025,Qualification,Jordan,AFC,Oman,away,3,0,W,,,,,,,,,,,,,,"Muscat, Oman",,False,True,1739.8,1653.4,0.4804,1776.2,36.4
2025-06-10,FIFA World Cup qualification,2025,Qualification,Jordan,AFC,Iraq,home,0,1,L,,,,,,,,,,,,,,"Amman, Jordan",,False,True,1776.2,1654.5,0.7818,1744.9,-31.3
2025-09-04,Friendly,2025,Tournament/Friendly,Jordan,AFC,Russia,away,0,0,D,,,,,,,,,,,,,,"Moscow, Russia",,False,True,1744.9,1846.5,0.2386,1750.2,5.2
2025-09-09,Friendly,2025,Tournament/Friendly,Jordan,AFC,Dominican Republic,home,3,0,W,,,,,,,,,,,,,,"Amman, Jordan",,False,True,1750.2,1487.5,0.8897,1754.0,3.9
2025-10-10,Friendly,2025,Tournament/Friendly,Jordan,AFC,Bolivia,neutral,0,1,L,,,,,,,,,,,,,,"Istanbul, Turkey",,True,True,1754.0,1769.5,0.4778,1744.5,-9.6
2025-10-14,Friendly,2025,Tournament/Friendly,Jordan,AFC,Albania,away,2,4,L,,,,,,,,,,,,,,"Tirana, Albania",,False,True,1744.5,1716.8,0.3973,1732.5,-11.9
2025-11-14,Friendly,2025,Tournament/Friendly,Jordan,AFC,Tunisia,away,2,3,L,,,,,,,,,,,,,,"Radès, Tunisia",,False,True,1732.5,1745.0,0.3436,1725.7,-6.9
2025-11-18,Friendly,2025,Tournament/Friendly,Jordan,AFC,Mali,neutral,2,3,L,,,,,,,,,,,,,,"Radès, Tunisia",,True,True,1725.7,1719.3,0.5092,1715.5,-10.2
2025-12-03,Arab Cup,2025,Tournament/Friendly,Jordan,AFC,United Arab Emirates,neutral,2,1,W,,,,,,,,,,,,,,"Al Khor, Qatar",,True,True,1715.5,1664.8,0.5724,1728.3,12.8
2025-12-06,Arab Cup,2025,Tournament/Friendly,Jordan,AFC,Kuwait,neutral,3,1,W,,,,,,,,,,,,,,"Al Rayyan, Qatar",,True,True,1728.3,1492.5,0.7953,1737.5,9.2
2025-12-09,Arab Cup,2025,Tournament/Friendly,Jordan,AFC,Egypt,neutral,3,0,W,,,,,,,,,,,,,,"Al Khor, Qatar",,True,True,1737.5,1744.6,0.4898,1764.3,26.8
2025-12-12,Arab Cup,2025,Tournament/Friendly,Jordan,AFC,Iraq,neutral,1,0,W,,,,,,,,,,,,,,"Al Rayyan, Qatar",,True,True,1764.3,1728.1,0.5519,1777.8,13.4
2025-12-15,Arab Cup,2025,Tournament/Friendly,Jordan,AFC,Saudi Arabia,neutral,1,0,W,,,,,,,,,,,,,,"Al Khor, Qatar",,True,True,1777.8,1720.8,0.5813,1790.3,12.6
2025-12-18,Arab Cup,2025,Tournament/Friendly,Jordan,AFC,Morocco,neutral,2,3,L,,,,,,,,,,,,,,"Lusail, Qatar",,True,True,1790.3,1942.6,0.2939,1781.5,-8.8
2026-03-27,Jordan International Tournament,2026,Tournament/Friendly,Jordan,AFC,Costa Rica,neutral,2,2,D,,,,,,,,,,,,,,"Antalya, Turkey",,True,True,1781.5,1766.1,0.5222,1780.8,-0.7
2026-03-31,Jordan International Tournament,2026,Tournament/Friendly,Jordan,AFC,Nigeria,neutral,2,2,D,,,,,,,,,,,,,,"Antalya, Turkey",,True,True,1780.8,1876.8,0.3653,1784.9,4.0
2026-05-31,Friendly,2026,Tournament/Friendly,Jordan,AFC,Switzerland,away,1,4,L,,,,,,,,,,,,,,"St. Gallen, Switzerland",,False,True,1784.9,1949.1,0.1793,1778.6,-6.3
2026-06-07,Friendly,2026,Tournament/Friendly,Jordan,AFC,Colombia,neutral,0,2,L,,,,,,,,,,,,,,"San Diego, United States",,True,True,1778.6,2058.4,0.1665,1773.6,-5.0
2022-01-27,FIFA World Cup qualification,2022,Qualification,Mexico,CONCACAF,Jamaica,away,2,1,W,,,,,,,,,,,,,,"Kingston, Jamaica",,False,True,1944.0,1705.2,0.6898,1956.4,12.4
2022-01-30,FIFA World Cup qualification,2022,Qualification,Mexico,CONCACAF,Costa Rica,home,0,0,D,,,,,,,,,,,,,,"Mexico City, Mexico",,False,True,1956.4,1749.0,0.8544,1942.2,-14.2
2022-02-02,FIFA World Cup qualification,2022,Qualification,Mexico,CONCACAF,Panama,home,1,0,W,,,,,,,,,,,,,,"Mexico City, Mexico",,False,True,1942.2,1748.4,0.8444,1948.4,6.2
2022-03-24,FIFA World Cup qualification,2022,Qualification,Mexico,CONCACAF,USA,home,0,0,D,,,,,,,,,,,,,,"Mexico City, Mexico",,False,True,1948.4,1949.7,0.6384,1942.9,-5.5
2022-03-27,FIFA World Cup qualification,2022,Qualification,Mexico,CONCACAF,Honduras,away,1,0,W,,,,,,,,,,,,,,"San Pedro Sula, Honduras",,False,True,1942.9,1567.0,0.8304,1949.7,6.8
2022-03-30,FIFA World Cup qualification,2022,Qualification,Mexico,CONCACAF,El Salvador,home,2,0,W,,,,,,,,,,,,,,"Mexico City, Mexico",,False,True,1949.7,1639.3,0.9139,1954.9,5.2
2022-04-27,Friendly,2022,Tournament/Friendly,Mexico,CONCACAF,Guatemala,neutral,0,0,D,,,,,,,,,,,,,,"Orlando, United States",,True,True,1954.9,1634.5,0.8634,1947.6,-7.3
2022-05-28,Friendly,2022,Tournament/Friendly,Mexico,CONCACAF,Nigeria,neutral,2,1,W,,,,,,,,,,,,,,"Arlington, United States",,True,True,1947.6,1743.2,0.7644,1952.3,4.7
2022-06-02,Friendly,2022,Tournament/Friendly,Mexico,CONCACAF,Uruguay,neutral,0,3,L,,,,,,,,,,,,,,"Glendale, United States",,True,True,1952.3,1987.0,0.4502,1936.5,-15.8
2022-06-05,Friendly,2022,Tournament/Friendly,Mexico,CONCACAF,Ecuador,neutral,0,0,D,,,,,,,,,,,,,,"Chicago, United States",,True,True,1936.5,1911.8,0.5356,1935.8,-0.7
2022-06-11,CONCACAF Nations League,2022,Tournament/Friendly,Mexico,CONCACAF,Suriname,home,3,0,W,,,,,,,,,,,,,,"Torreón, Mexico",,False,True,1935.8,1490.5,0.9585,1938.7,2.9
2022-06-14,CONCACAF Nations League,2022,Tournament/Friendly,Mexico,CONCACAF,Jamaica,away,1,1,D,,,,,,,,,,,,,,"Kingston, Jamaica",,False,True,1938.7,1664.5,0.7316,1929.5,-9.3
2022-08-31,Friendly,2022,Tournament/Friendly,Mexico,CONCACAF,Paraguay,neutral,0,1,L,,,,,,,,,,,,,,"Atlanta, United States",,True,True,1929.5,1788.6,0.6923,1915.6,-13.8
2022-09-24,Friendly,2022,Tournament/Friendly,Mexico,CONCACAF,Peru,neutral,1,0,W,,,,,,,,,,,,,,"Pasadena, United States",,True,True,1915.6,1922.4,0.4902,1925.8,10.2
2022-09-27,Friendly,2022,Tournament/Friendly,Mexico,CONCACAF,Colombia,neutral,2,3,L,,,,,,,,,,,,,,"Santa Clara, United States",,True,True,1925.8,1970.1,0.4366,1917.1,-8.7
2022-11-09,Friendly,2022,Tournament/Friendly,Mexico,CONCACAF,Iraq,neutral,4,0,W,,,,,,,,,,,,,,"Girona, Spain",,True,True,1917.1,1695.6,0.7816,1925.3,8.2
2022-11-16,Friendly,2022,Tournament/Friendly,Mexico,CONCACAF,Sweden,neutral,1,2,L,,,,,,,,,,,,,,"Girona, Spain",,True,True,1925.3,1782.6,0.6946,1911.4,-13.9
2022-11-22,FIFA World Cup,2022,Tournament/Friendly,Mexico,CONCACAF,Poland,neutral,0,0,D,,,,,,,,,,,,,,"Doha, Qatar",,True,True,1911.4,1862.5,0.5698,1907.2,-4.2
2022-11-26,FIFA World Cup,2022,Tournament/Friendly,Mexico,CONCACAF,Argentina,neutral,0,2,L,,,,,,,,,,,,,,"Lusail, Qatar",,True,True,1907.2,2140.2,0.2073,1888.5,-18.7
2022-11-30,FIFA World Cup,2022,Tournament/Friendly,Mexico,CONCACAF,Saudi Arabia,neutral,2,1,W,,,,,,,,,,,,,,"Lusail, Qatar",,True,True,1888.5,1768.5,0.6662,1908.6,20.0
2023-03-23,CONCACAF Nations League,2023,Tournament/Friendly,Mexico,CONCACAF,Suriname,away,2,0,W,,,,,,,,,,,,,,"Paramaribo, Suriname",,False,True,1908.6,1496.3,0.8578,1917.1,8.5
2023-03-26,CONCACAF Nations League,2023,Tournament/Friendly,Mexico,CONCACAF,Jamaica,home,2,2,D,,,,,,,,,,,,,,"Mexico City, Mexico",,False,True,1917.1,1654.1,0.8899,1901.5,-15.6
2023-04-19,Friendly,2023,Tournament/Friendly,Mexico,CONCACAF,USA,away,1,1,D,,,,,,,,,,,,,,"Glendale, United States",,False,True,1901.5,1902.9,0.3581,1904.3,2.8
2023-06-07,Friendly,2023,Tournament/Friendly,Mexico,CONCACAF,Guatemala,home,2,0,W,,,,,,,,,,,,,,"Mazatlán, Mexico",,False,True,1904.3,1632.0,0.895,1907.5,3.1
2023-06-10,Friendly,2023,Tournament/Friendly,Mexico,CONCACAF,Cameroon,neutral,2,2,D,,,,,,,,,,,,,,"San Diego, United States",,True,True,1907.5,1732.9,0.7321,1902.8,-4.6
2023-06-15,CONCACAF Nations League,2023,Tournament/Friendly,Mexico,CONCACAF,USA,away,0,3,L,,,,,,,,,,,,,,"Las Vegas, United States",,False,True,1902.8,1900.0,0.3637,1877.4,-25.5
2023-06-18,CONCACAF Nations League,2023,Tournament/Friendly,Mexico,CONCACAF,Panama,neutral,1,0,W,,,,,,,,,,,,,,"Las Vegas, United States",,True,True,1877.4,1771.9,0.6473,1891.5,14.1
2023-06-25,Gold Cup,2023,Tournament/Friendly,Mexico,CONCACAF,Honduras,neutral,4,0,W,,,,,,,,,,,,,,"Houston, United States",,True,True,1891.5,1585.5,0.8534,1905.2,13.7
2023-06-29,Gold Cup,2023,Tournament/Friendly,Mexico,CONCACAF,Haiti,neutral,3,1,W,,,,,,,,,,,,,,"Glendale, United States",,True,True,1905.2,1726.9,0.7363,1925.0,19.8
2023-07-02,Gold Cup,2023,Tournament/Friendly,Mexico,CONCACAF,Qatar,neutral,0,1,L,,,,,,,,,,,,,,"Santa Clara, United States",,True,True,1925.0,1638.7,0.8386,1883.1,-41.9
2023-07-08,Gold Cup,2023,Tournament/Friendly,Mexico,CONCACAF,Costa Rica,neutral,2,0,W,,,,,,,,,,,,,,"Arlington, United States",,True,True,1883.1,1770.8,0.6562,1908.9,25.8
2023-07-12,Gold Cup,2023,Tournament/Friendly,Mexico,CONCACAF,Jamaica,neutral,3,0,W,,,,,,,,,,,,,,"Paradise, United States",,True,True,1908.9,1738.2,0.7276,1932.7,23.8
2023-07-16,Gold Cup,2023,Tournament/Friendly,Mexico,CONCACAF,Panama,neutral,1,0,W,,,,,,,,,,,,,,"Inglewood, United States",,True,True,1932.7,1829.5,0.6443,1950.5,17.8
2023-09-09,Friendly,2023,Tournament/Friendly,Mexico,CONCACAF,Australia,neutral,2,2,D,,,,,,,,,,,,,,"Arlington, United States",,True,True,1950.5,1865.1,0.6204,1948.1,-2.4
2023-09-12,Friendly,2023,Tournament/Friendly,Mexico,CONCACAF,Uzbekistan,neutral,3,3,D,,,,,,,,,,,,,,"Atlanta, United States",,True,True,1948.1,1714.1,0.7936,1942.2,-5.9
2023-10-14,Friendly,2023,Tournament/Friendly,Mexico,CONCACAF,Ghana,neutral,2,0,W,,,,,,,,,,,,,,"Charlotte, United States",,True,True,1942.2,1697.6,0.8035,1948.1,5.9
2023-10-17,Friendly,2023,Tournament/Friendly,Mexico,CONCACAF,Germany,neutral,2,2,D,,,,,,,,,,,,,,"Philadelphia, United States",,True,True,1948.1,1982.7,0.4504,1949.1,1.0
2023-11-17,CONCACAF Nations League,2023,Tournament/Friendly,Mexico,CONCACAF,Honduras,away,0,2,L,,,,,,,,,,,,,,"Tegucigalpa, Honduras",,False,True,1949.1,1615.1,0.7936,1901.5,-47.6
2023-11-21,CONCACAF Nations League,2023,Tournament/Friendly,Mexico,CONCACAF,Honduras,home,2,0,W,,,,,,,,,,,,,,"Mexico City, Mexico",,False,True,1901.5,1662.7,0.8754,1909.0,7.5
2023-12-16,Friendly,2023,Tournament/Friendly,Mexico,CONCACAF,Colombia,neutral,2,3,L,,,,,,,,,,,,,,"Los Angeles, United States",,True,True,1909.0,2046.0,0.3124,1902.7,-6.2
2024-03-21,CONCACAF Nations League,2024,Tournament/Friendly,Mexico,CONCACAF,Panama,neutral,3,0,W,,,,,,,,,,,,,,"Arlington, United States",,True,True,1902.7,1887.8,0.5215,1936.2,33.5
2024-03-24,CONCACAF Nations League,2024,Tournament/Friendly,Mexico,CONCACAF,USA,away,0,2,L,,,,,,,,,,,,,,"Arlington, United States",,False,True,1936.2,1875.9,0.4432,1909.6,-26.6
2024-05-31,Friendly,2024,Tournament/Friendly,Mexico,CONCACAF,Bolivia,neutral,1,0,W,,,,,,,,,,,,,,"Chicago, United States",,True,True,1909.6,1677.6,0.7917,1913.8,4.2
2024-06-05,Friendly,2024,Tournament/Friendly,Mexico,CONCACAF,Uruguay,neutral,0,4,L,,,,,,,,,,,,,,"Denver, United States",,True,True,1913.8,2052.6,0.3102,1902.1,-11.6
2024-06-08,Friendly,2024,Tournament/Friendly,Mexico,CONCACAF,Brazil,neutral,2,3,L,,,,,,,,,,,,,,"College Station, United States",,True,True,1902.1,2093.4,0.2496,1897.2,-5.0
2024-06-22,Copa América,2024,Tournament/Friendly,Mexico,CONCACAF,Jamaica,neutral,1,0,W,,,,,,,,,,,,,,"Houston, United States",,True,True,1897.2,1773.6,0.6707,1913.6,16.5
2024-06-26,Copa América,2024,Tournament/Friendly,Mexico,CONCACAF,Venezuela,neutral,0,1,L,,,,,,,,,,,,,,"Inglewood, United States",,True,True,1913.6,1860.5,0.5758,1884.8,-28.8
2024-06-30,Copa América,2024,Tournament/Friendly,Mexico,CONCACAF,Ecuador,neutral,0,0,D,,,,,,,,,,,,,,"Glendale, United States",,True,True,1884.8,1942.9,0.4173,1889.0,4.1
2024-09-07,Friendly,2024,Tournament/Friendly,Mexico,CONCACAF,New Zealand,neutral,3,0,W,,,,,,,,,,,,,,"Pasadena, United States",,True,True,1889.0,1748.9,0.6913,1899.8,10.8
2024-09-10,Friendly,2024,Tournament/Friendly,Mexico,CONCACAF,Canada,neutral,0,0,D,,,,,,,,,,,,,,"Arlington, United States",,True,True,1899.8,1871.3,0.5409,1899.0,-0.8
2024-10-15,Friendly,2024,Tournament/Friendly,Mexico,CONCACAF,USA,home,2,0,W,,,,,,,,,,,,,,"Zapopan, Mexico",,False,True,1899.0,1840.4,0.7136,1907.5,8.6
2024-11-15,CONCACAF Nations League,2024,Tournament/Friendly,Mexico,CONCACAF,Honduras,away,0,2,L,,,,,,,,,,,,,,"San Pedro Sula, Honduras",,False,True,1907.5,1662.0,0.698,1865.7,-41.9
2024-11-19,CONCACAF Nations League,2024,Tournament/Friendly,Mexico,CONCACAF,Honduras,home,4,0,W,,,,,,,,,,,,,,"Toluca, Mexico",,False,True,1865.7,1703.9,0.8186,1879.3,13.6
2025-03-20,CONCACAF Nations League,2025,Tournament/Friendly,Mexico,CONCACAF,Canada,neutral,2,0,W,,,,,,,,,,,,,,"Inglewood, United States",,True,True,1879.3,1891.4,0.4826,1910.3,31.0
2025-03-23,CONCACAF Nations League,2025,Tournament/Friendly,Mexico,CONCACAF,Panama,neutral,2,1,W,,,,,,,,,,,,,,"Inglewood, United States",,True,True,1910.3,1853.4,0.5812,1927.1,16.8
2025-06-07,Friendly,2025,Tournament/Friendly,Mexico,CONCACAF,Switzerland,neutral,2,4,L,,,,,,,,,,,,,,"Salt Lake City, United States",,True,True,1927.1,1870.2,0.5811,1909.6,-17.4
2025-06-10,Friendly,2025,Tournament/Friendly,Mexico,CONCACAF,Turkey,neutral,1,0,W,,,,,,,,,,,,,,"Chapel Hill, United States",,True,True,1909.6,1901.3,0.5121,1919.4,9.8
2025-06-14,Gold Cup,2025,Tournament/Friendly,Mexico,CONCACAF,Dominican Republic,neutral,3,2,W,,,,,,,,,,,,,,"Inglewood, United States",,True,True,1919.4,1493.3,0.9208,1923.4,4.0
2025-06-18,Gold Cup,2025,Tournament/Friendly,Mexico,CONCACAF,Suriname,neutral,2,0,W,,,,,,,,,,,,,,"Arlington, United States",,True,True,1923.4,1568.9,0.885,1932.0,8.6
2025-06-22,Gold Cup,2025,Tournament/Friendly,Mexico,CONCACAF,Costa Rica,neutral,0,0,D,,,,,,,,,,,,,,"Paradise, United States",,True,True,1932.0,1801.9,0.6789,1923.0,-8.9
2025-06-28,Gold Cup,2025,Tournament/Friendly,Mexico,CONCACAF,Saudi Arabia,neutral,2,0,W,,,,,,,,,,,,,,"Glendale, United States",,True,True,1923.0,1705.4,0.7778,1939.7,16.7
2025-07-02,Gold Cup,2025,Tournament/Friendly,Mexico,CONCACAF,Honduras,neutral,1,0,W,,,,,,,,,,,,,,"Santa Clara, United States",,True,True,1939.7,1734.1,0.7656,1951.4,11.7
2025-07-06,Gold Cup,2025,Tournament/Friendly,Mexico,CONCACAF,USA,away,2,1,W,,,,,,,,,,,,,,"Houston, United States",,False,True,1951.4,1832.4,0.5274,1975.1,23.6
2025-09-06,Friendly,2025,Tournament/Friendly,Mexico,CONCACAF,Japan,neutral,0,0,D,,,,,,,,,,,,,,"Oakland, United States",,True,True,1975.1,1963.5,0.5166,1974.7,-0.3
2025-09-09,Friendly,2025,Tournament/Friendly,Mexico,CONCACAF,South Korea,neutral,2,2,D,,,,,,,,,,,,,,"Nashville, United States",,True,True,1974.7,1899.6,0.6064,1972.6,-2.1
2025-10-11,Friendly,2025,Tournament/Friendly,Mexico,CONCACAF,Colombia,neutral,0,4,L,,,,,,,,,,,,,,"Arlington, United States",,True,True,1972.6,2058.8,0.3784,1958.4,-14.2
2025-10-14,Friendly,2025,Tournament/Friendly,Mexico,CONCACAF,Ecuador,home,1,1,D,,,,,,,,,,,,,,"Zapopan, Mexico",,False,True,1958.4,2013.3,0.5645,1957.1,-1.3
2025-11-15,Friendly,2025,Tournament/Friendly,Mexico,CONCACAF,Uruguay,home,0,0,D,,,,,,,,,,,,,,"Torreón, Mexico",,False,True,1957.1,1993.5,0.5905,1955.3,-1.8
2025-11-18,Friendly,2025,Tournament/Friendly,Mexico,CONCACAF,Paraguay,neutral,1,2,L,,,,,,,,,,,,,,"San Antonio, United States",,True,True,1955.3,1902.1,0.576,1943.8,-11.5
2026-01-22,Friendly,2026,Tournament/Friendly,Mexico,CONCACAF,Panama,away,1,0,W,,,,,,,,,,,,,,"Panama City, Panama",,False,True,1943.8,1870.2,0.4621,1954.5,10.8
2026-01-25,Friendly,2026,Tournament/Friendly,Mexico,CONCACAF,Bolivia,away,1,0,W,,,,,,,,,,,,,,"Santa Cruz, Bolivia",,False,True,1954.5,1758.5,0.6349,1961.8,7.3
2026-02-25,Friendly,2026,Tournament/Friendly,Mexico,CONCACAF,Iceland,home,4,0,W,,,,,,,,,,,,,,"Querétaro, Mexico",,False,True,1961.8,1623.0,0.926,1964.6,2.8
2026-03-28,Friendly,2026,Tournament/Friendly,Mexico,CONCACAF,Portugal,home,0,0,D,,,,,,,,,,,,,,"Mexico City, Mexico",,False,True,1964.6,2025.4,0.5562,1963.5,-1.1
2026-03-31,Friendly,2026,Tournament/Friendly,Mexico,CONCACAF,Belgium,neutral,1,1,D,,,,,,,,,,,,,,"Chicago, United States",,True,True,1963.5,1926.4,0.5533,1962.4,-1.1
2026-05-22,Friendly,2026,Tournament/Friendly,Mexico,CONCACAF,Ghana,home,2,0,W,,,,,,,,,,,,,,"Puebla, Mexico",,False,True,1962.4,1621.9,0.9266,1964.6,2.2
2026-05-30,Friendly,2026,Tournament/Friendly,Mexico,CONCACAF,Australia,neutral,1,0,W,,,,,,,,,,,,,,"Pasadena, United States",,True,True,1964.6,1903.1,0.5876,1972.9,8.2
2026-06-04,Friendly,2026,Tournament/Friendly,Mexico,CONCACAF,Serbia,home,5,1,W,,,,,,,,,,,,,,"Toluca, Mexico",,False,True,1972.9,1806.3,0.8226,1979.5,6.7
2022-01-10,African Cup of Nations,2022,Tournament/Friendly,Morocco,CAF,Ghana,neutral,1,0,W,,,,,,,,,,,,,,"Yaoundé, Cameroon",,True,True,1858.1,1711.6,0.6992,1873.1,15.0
2022-01-14,African Cup of Nations,2022,Tournament/Friendly,Morocco,CAF,Comoros,neutral,2,0,W,,,,,,,,,,,,,,"Yaoundé, Cameroon",,True,True,1873.1,1365.8,0.9488,1877.0,3.8
2022-01-18,African Cup of Nations,2022,Tournament/Friendly,Morocco,CAF,Gabon,neutral,2,2,D,,,,,,,,,,,,,,"Yaoundé, Cameroon",,True,True,1877.0,1533.6,0.8783,1858.0,-18.9
2022-01-25,African Cup of Nations,2022,Tournament/Friendly,Morocco,CAF,Malawi,neutral,2,1,W,,,,,,,,,,,,,,"Yaoundé, Cameroon",,True,True,1858.0,1438.3,0.918,1862.1,4.1
2022-01-30,African Cup of Nations,2022,Tournament/Friendly,Morocco,CAF,Egypt,neutral,1,2,L,,,,,,,,,,,,,,"Yaoundé, Cameroon",,True,True,1862.1,1755.3,0.6491,1829.7,-32.5
2022-03-25,FIFA World Cup qualification,2022,Qualification,Morocco,CAF,DR Congo,away,1,1,D,,,,,,,,,,,,,,"Kinshasa, DR Congo",,False,True,1829.7,1610.7,0.6648,1823.1,-6.6
2022-03-29,FIFA World Cup qualification,2022,Qualification,Morocco,CAF,DR Congo,home,4,1,W,,,,,,,,,,,,,,"Casablanca, Morocco",,False,True,1823.1,1617.3,0.8532,1833.4,10.3
2022-06-01,Friendly,2022,Tournament/Friendly,Morocco,CAF,USA,away,0,3,L,,,,,,,,,,,,,,"Cincinnati, United States",,False,True,1833.4,1931.8,0.2419,1824.9,-8.5
2022-06-09,African Cup of Nations qualification,2022,Qualification,Morocco,CAF,South Africa,home,2,1,W,,,,,,,,,,,,,,"Rabat, Morocco",,False,True,1824.9,1648.6,0.8307,1831.7,6.8
2022-06-13,African Cup of Nations qualification,2022,Qualification,Morocco,CAF,Liberia,home,2,0,W,,,,,,,,,,,,,,"Casablanca, Morocco",,False,True,1831.7,1416.0,0.9511,1834.6,2.9
2022-09-23,Friendly,2022,Tournament/Friendly,Morocco,CAF,Chile,neutral,2,0,W,,,,,,,,,,,,,,"Barcelona, Spain",,True,True,1834.6,1802.3,0.5464,1848.2,13.6
2022-09-27,Friendly,2022,Tournament/Friendly,Morocco,CAF,Paraguay,neutral,0,0,D,,,,,,,,,,,,,,"Seville, Spain",,True,True,1848.2,1807.8,0.5578,1847.1,-1.2
2022-11-17,Friendly,2022,Tournament/Friendly,Morocco,CAF,Georgia,neutral,3,0,W,,,,,,,,,,,,,,"Sharjah, United Arab Emirates",,True,True,1847.1,1722.4,0.6721,1858.5,11.5
2022-11-23,FIFA World Cup,2022,Tournament/Friendly,Morocco,CAF,Croatia,neutral,0,0,D,,,,,,,,,,,,,,"Al Khor, Qatar",,True,True,1858.5,1974.3,0.3393,1868.2,9.6
2022-11-27,FIFA World Cup,2022,Tournament/Friendly,Morocco,CAF,Belgium,neutral,2,0,W,,,,,,,,,,,,,,"Doha, Qatar",,True,True,1868.2,2079.8,0.2282,1937.6,69.5
2022-12-01,FIFA World Cup,2022,Tournament/Friendly,Morocco,CAF,Canada,neutral,2,1,W,,,,,,,,,,,,,,"Doha, Qatar",,True,True,1937.6,1840.5,0.6363,1959.5,21.8
2022-12-06,FIFA World Cup,2022,Tournament/Friendly,Morocco,CAF,Spain,neutral,0,0,D,,,,,,,,,,,,,,"Al Rayyan, Qatar",,True,True,1959.5,2067.0,0.3499,1968.5,9.0
2022-12-10,FIFA World Cup,2022,Tournament/Friendly,Morocco,CAF,Portugal,neutral,1,0,W,,,,,,,,,,,,,,"Doha, Qatar",,True,True,1968.5,2098.2,0.3215,2009.2,40.7
2022-12-14,FIFA World Cup,2022,Tournament/Friendly,Morocco,CAF,France,neutral,0,2,L,,,,,,,,,,,,,,"Al Khor, Qatar",,True,True,2009.2,2096.5,0.3769,1975.2,-33.9
2022-12-17,FIFA World Cup,2022,Tournament/Friendly,Morocco,CAF,Croatia,neutral,1,2,L,,,,,,,,,,,,,,"Al Rayyan, Qatar",,True,True,1975.2,1987.3,0.4827,1946.3,-29.0
2023-03-25,Friendly,2023,Tournament/Friendly,Morocco,CAF,Brazil,home,2,1,W,,,,,,,,,,,,,,"Tangier, Morocco",,False,True,1946.3,2197.6,0.295,1960.4,14.1
2023-03-28,Friendly,2023,Tournament/Friendly,Morocco,CAF,Peru,neutral,0,0,D,,,,,,,,,,,,,,"Madrid, Spain",,True,True,1960.4,1917.4,0.5616,1959.2,-1.2
2023-06-12,Friendly,2023,Tournament/Friendly,Morocco,CAF,Cape Verde,home,0,0,D,,,,,,,,,,,,,,"Rabat, Morocco",,False,True,1959.2,1594.1,0.9357,1950.4,-8.7
2023-06-17,African Cup of Nations qualification,2023,Qualification,Morocco,CAF,South Africa,away,1,2,L,,,,,,,,,,,,,,"Johannesburg, South Africa",,False,True,1950.4,1646.6,0.7637,1919.9,-30.5
2023-09-12,Friendly,2023,Tournament/Friendly,Morocco,CAF,Burkina Faso,neutral,1,0,W,,,,,,,,,,,,,,"Lens, France",,True,True,1919.9,1663.0,0.8144,1923.6,3.7
2023-10-14,Friendly,2023,Tournament/Friendly,Morocco,CAF,Ivory Coast,away,1,1,D,,,,,,,,,,,,,,"Abidjan, Ivory Coast",,False,True,1923.6,1744.6,0.6118,1921.4,-2.2
2023-10-17,African Cup of Nations qualification,2023,Qualification,Morocco,CAF,Liberia,home,3,0,W,,,,,,,,,,,,,,"Agadir, Morocco",,False,True,1921.4,1398.5,0.973,1923.3,1.9
2023-11-21,FIFA World Cup qualification,2023,Qualification,Morocco,CAF,Tanzania,away,2,0,W,,,,,,,,,,,,,,"Dar es Salaam, Tanzania",,False,True,1923.3,1471.9,0.8832,1930.3,7.0
2024-01-11,Friendly,2024,Tournament/Friendly,Morocco,CAF,Sierra Leone,neutral,3,1,W,,,,,,,,,,,,,,"San-Pédro, Ivory Coast",,True,True,1930.3,1437.9,0.9445,1931.9,1.7
2024-01-17,African Cup of Nations,2024,Tournament/Friendly,Morocco,CAF,Tanzania,neutral,3,0,W,,,,,,,,,,,,,,"San-Pédro, Ivory Coast",,True,True,1931.9,1462.5,0.9372,1937.4,5.5
2024-01-21,African Cup of Nations,2024,Tournament/Friendly,Morocco,CAF,DR Congo,neutral,1,1,D,,,,,,,,,,,,,,"San-Pédro, Ivory Coast",,True,True,1937.4,1601.6,0.8736,1918.8,-18.7
2024-01-24,African Cup of Nations,2024,Tournament/Friendly,Morocco,CAF,Zambia,neutral,1,0,W,,,,,,,,,,,,,,"San-Pédro, Ivory Coast",,True,True,1918.8,1599.8,0.8625,1925.6,6.9
2024-01-30,African Cup of Nations,2024,Tournament/Friendly,Morocco,CAF,South Africa,neutral,0,2,L,,,,,,,,,,,,,,"San-Pédro, Ivory Coast",,True,True,1925.6,1638.6,0.8392,1862.7,-62.9
2024-03-22,Friendly,2024,Tournament/Friendly,Morocco,CAF,Angola,home,1,0,W,,,,,,,,,,,,,,"Agadir, Morocco",,False,True,1862.7,1636.5,0.8673,1865.3,2.7
2024-03-26,Friendly,2024,Tournament/Friendly,Morocco,CAF,Mauritania,home,0,0,D,,,,,,,,,,,,,,"Agadir, Morocco",,False,True,1865.3,1493.8,0.9379,1856.6,-8.8
2024-06-07,FIFA World Cup qualification,2024,Qualification,Morocco,CAF,Zambia,home,2,1,W,,,,,,,,,,,,,,"Agadir, Morocco",,False,True,1856.6,1592.9,0.8903,1861.0,4.4
2024-06-11,FIFA World Cup qualification,2024,Qualification,Morocco,CAF,Congo,home,6,0,W,,,,,,,,,,,,,,"Agadir, Morocco",,False,True,1861.0,1391.3,0.9637,1864.1,3.1
2024-09-06,African Cup of Nations qualification,2024,Qualification,Morocco,CAF,Gabon,home,4,1,W,,,,,,,,,,,,,,"Agadir, Morocco",,False,True,1864.1,1549.0,0.916,1869.9,5.9
2024-09-09,African Cup of Nations qualification,2024,Qualification,Morocco,CAF,Lesotho,home,1,0,W,,,,,,,,,,,,,,"Agadir, Morocco",,False,True,1869.9,1350.4,0.9725,1871.0,1.1
2024-10-12,African Cup of Nations qualification,2024,Qualification,Morocco,CAF,Central African Republic,home,5,0,W,,,,,,,,,,,,,,"Oujda, Morocco",,False,True,1871.0,1457.4,0.9506,1875.0,4.0
2024-10-15,African Cup of Nations qualification,2024,Qualification,Morocco,CAF,Central African Republic,home,4,0,W,,,,,,,,,,,,,,"Oujda, Morocco",,False,True,1875.0,1453.5,0.9527,1878.5,3.5
2024-11-15,African Cup of Nations qualification,2024,Qualification,Morocco,CAF,Gabon,away,5,1,W,,,,,,,,,,,,,,"Franceville, Gabon",,False,True,1878.5,1560.9,0.7778,1895.2,16.7
2024-11-18,African Cup of Nations qualification,2024,Qualification,Morocco,CAF,Lesotho,home,7,0,W,,,,,,,,,,,,,,"Oujda, Morocco",,False,True,1895.2,1373.6,0.9728,1897.7,2.4
2025-03-21,FIFA World Cup qualification,2025,Qualification,Morocco,CAF,Niger,home,2,1,W,,,,,,,,,,,,,,"Oujda, Morocco",,False,True,1897.7,1436.7,0.9619,1899.2,1.5
2025-03-25,FIFA World Cup qualification,2025,Qualification,Morocco,CAF,Tanzania,home,2,0,W,,,,,,,,,,,,,,"Oujda, Morocco",,False,True,1899.2,1481.6,0.9516,1902.1,2.9
2025-06-06,Friendly,2025,Tournament/Friendly,Morocco,CAF,Tunisia,home,2,0,W,,,,,,,,,,,,,,"Fez, Morocco",,False,True,1902.1,1728.3,0.8287,1907.2,5.1
2025-06-09,Friendly,2025,Tournament/Friendly,Morocco,CAF,Benin,home,1,0,W,,,,,,,,,,,,,,"Fez, Morocco",,False,True,1907.2,1520.0,0.9429,1908.4,1.1
2025-09-05,FIFA World Cup qualification,2025,Qualification,Morocco,CAF,Niger,home,5,0,W,,,,,,,,,,,,,,"Rabat, Morocco",,False,True,1908.4,1457.0,0.9598,1911.6,3.2
2025-09-08,FIFA World Cup qualification,2025,Qualification,Morocco,CAF,Zambia,away,2,0,W,,,,,,,,,,,,,,"Ndola, Zambia",,False,True,1911.6,1587.4,0.7842,1924.5,12.9
2025-10-09,Friendly,2025,Tournament/Friendly,Morocco,CAF,Bahrain,home,1,0,W,,,,,,,,,,,,,,"Rabat, Morocco",,False,True,1924.5,1559.2,0.9358,1925.8,1.3
2025-10-14,FIFA World Cup qualification,2025,Qualification,Morocco,CAF,Congo,home,1,0,W,,,,,,,,,,,,,,"Rabat, Morocco",,False,True,1925.8,1329.8,0.9821,1926.5,0.7
2025-11-14,Friendly,2025,Tournament/Friendly,Morocco,CAF,Mozambique,home,1,0,W,,,,,,,,,,,,,,"Tangier, Morocco",,False,True,1926.5,1520.5,0.9485,1927.6,1.0
2025-11-18,Friendly,2025,Tournament/Friendly,Morocco,CAF,Uganda,home,4,0,W,,,,,,,,,,,,,,"Tangier, Morocco",,False,True,1927.6,1554.3,0.9384,1929.9,2.3
2025-12-02,Arab Cup,2025,Tournament/Friendly,Morocco,CAF,Comoros,neutral,3,1,W,,,,,,,,,,,,,,"Al Rayyan, Qatar",,True,True,1929.9,1492.5,0.9254,1933.2,3.4
2025-12-05,Arab Cup,2025,Tournament/Friendly,Morocco,CAF,Oman,neutral,0,0,D,,,,,,,,,,,,,,"Al Rayyan, Qatar",,True,True,1933.2,1568.6,0.8908,1921.5,-11.7
2025-12-08,Arab Cup,2025,Tournament/Friendly,Morocco,CAF,Saudi Arabia,neutral,1,0,W,,,,,,,,,,,,,,"Lusail, Qatar",,True,True,1921.5,1717.3,0.7641,1928.6,7.1
2025-12-11,Arab Cup,2025,Tournament/Friendly,Morocco,CAF,Syria,neutral,1,0,W,,,,,,,,,,,,,,"Al Rayyan, Qatar",,True,True,1928.6,1618.5,0.8563,1932.9,4.3
2025-12-15,Arab Cup,2025,Tournament/Friendly,Morocco,CAF,United Arab Emirates,neutral,3,0,W,,,,,,,,,,,,,,"Al Rayyan, Qatar",,True,True,1932.9,1675.2,0.8151,1942.6,9.7
2025-12-18,Arab Cup,2025,Tournament/Friendly,Morocco,CAF,Jordan,neutral,3,2,W,,,,,,,,,,,,,,"Lusail, Qatar",,True,True,1942.6,1790.3,0.7061,1951.4,8.8
2025-12-21,African Cup of Nations,2025,Tournament/Friendly,Morocco,CAF,Comoros,home,2,0,W,,,,,,,,,,,,,,"Rabat, Morocco",,False,True,1951.4,1468.4,0.9663,1953.9,2.5
2025-12-26,African Cup of Nations,2025,Tournament/Friendly,Morocco,CAF,Mali,home,1,1,D,,,,,,,,,,,,,,"Rabat, Morocco",,False,True,1953.9,1717.6,0.8739,1935.2,-18.7
2025-12-29,African Cup of Nations,2025,Tournament/Friendly,Morocco,CAF,Zambia,home,3,0,W,,,,,,,,,,,,,,"Rabat, Morocco",,False,True,1935.2,1555.4,0.9406,1940.4,5.2
2026-01-04,African Cup of Nations,2026,Tournament/Friendly,Morocco,CAF,Tanzania,home,1,0,W,,,,,,,,,,,,,,"Rabat, Morocco",,False,True,1940.4,1444.8,0.9686,1942.0,1.6
2026-01-09,African Cup of Nations,2026,Tournament/Friendly,Morocco,CAF,Cameroon,home,2,0,W,,,,,,,,,,,,,,"Rabat, Morocco",,False,True,1942.0,1725.4,0.8609,1952.4,10.4
2026-01-14,African Cup of Nations,2026,Tournament/Friendly,Morocco,CAF,Nigeria,home,0,0,D,,,,,,,,,,,,,,"Rabat, Morocco",,False,True,1952.4,1854.5,0.7576,1939.6,-12.9
2026-01-18,African Cup of Nations,2026,Tournament/Friendly,Morocco,CAF,Senegal,home,3,0,W,,,,,,,,,,,,,,"Rabat, Morocco",,False,True,1939.6,1951.2,0.6245,1972.4,32.9
2026-03-27,Friendly,2026,Tournament/Friendly,Morocco,CAF,Ecuador,neutral,1,1,D,,,,,,,,,,,,,,"Madrid, Spain",,True,True,1972.4,2019.9,0.4321,1973.8,1.4
2026-03-31,Friendly,2026,Tournament/Friendly,Morocco,CAF,Paraguay,neutral,2,1,W,,,,,,,,,,,,,,"Lens, France",,True,True,1973.8,1923.7,0.5715,1982.3,8.6
2026-05-26,Friendly,2026,Tournament/Friendly,Morocco,CAF,Burundi,home,5,0,W,,,,,,,,,,,,,,"Salé, Morocco",,False,True,1982.3,1433.8,0.9766,1983.3,0.9
2026-06-02,Friendly,2026,Tournament/Friendly,Morocco,CAF,Madagascar,home,4,0,W,,,,,,,,,,,,,,"Rabat, Morocco",,False,True,1983.3,1510.0,0.9644,1984.6,1.3
2026-06-07,Friendly,2026,Tournament/Friendly,Morocco,CAF,Norway,neutral,1,1,D,,,,,,,,,,,,,,"Harrison, United States",,True,True,1984.6,1968.7,0.5229,1984.2,-0.5
2022-03-26,Friendly,2022,Tournament/Friendly,Netherlands,UEFA,Denmark,home,4,2,W,,,,,,,,,,,,,,"Amsterdam, Netherlands",,False,True,1971.7,1984.6,0.6227,1983.0,11.3
2022-03-29,Friendly,2022,Tournament/Friendly,Netherlands,UEFA,Germany,home,1,1,D,,,,,,,,,,,,,,"Amsterdam, Netherlands",,False,True,1983.0,2011.8,0.601,1981.0,-2.0
2022-06-03,UEFA Nations League,2022,Tournament/Friendly,Netherlands,UEFA,Belgium,away,4,1,W,,,,,,,,,,,,,,"Brussels, Belgium",,False,True,1981.0,2128.7,0.1937,2037.4,56.4
2022-06-08,UEFA Nations League,2022,Tournament/Friendly,Netherlands,UEFA,Wales,away,2,1,W,,,,,,,,,,,,,,"Cardiff, Wales",,False,True,2037.4,1884.0,0.5762,2054.3,17.0
2022-06-11,UEFA Nations League,2022,Tournament/Friendly,Netherlands,UEFA,Poland,home,2,2,D,,,,,,,,,,,,,,"Rotterdam, Netherlands",,False,True,2054.3,1851.5,0.8511,2040.3,-14.0
2022-06-14,UEFA Nations League,2022,Tournament/Friendly,Netherlands,UEFA,Wales,home,3,2,W,,,,,,,,,,,,,,"Rotterdam, Netherlands",,False,True,2040.3,1873.5,0.8228,2047.4,7.1
2022-09-22,UEFA Nations League,2022,Tournament/Friendly,Netherlands,UEFA,Poland,away,2,0,W,,,,,,,,,,,,,,"Warsaw, Poland",,False,True,2047.4,1851.8,0.6342,2069.3,21.9
2022-09-25,UEFA Nations League,2022,Tournament/Friendly,Netherlands,UEFA,Belgium,home,1,0,W,,,,,,,,,,,,,,"Amsterdam, Netherlands",,False,True,2069.3,2096.4,0.6034,2085.2,15.9
2022-11-21,FIFA World Cup,2022,Tournament/Friendly,Netherlands,UEFA,Senegal,neutral,2,0,W,,,,,,,,,,,,,,"Doha, Qatar",,True,True,2085.2,1812.9,0.8274,2100.7,15.5
2022-11-25,FIFA World Cup,2022,Tournament/Friendly,Netherlands,UEFA,Ecuador,neutral,1,1,D,,,,,,,,,,,,,,"Al Rayyan, Qatar",,True,True,2100.7,1947.3,0.7075,2088.3,-12.4
2022-11-29,FIFA World Cup,2022,Tournament/Friendly,Netherlands,UEFA,Qatar,away,2,0,W,,,,,,,,,,,,,,"Al Khor, Qatar",,False,True,2088.3,1691.0,0.847,2102.1,13.8
2022-12-03,FIFA World Cup,2022,Tournament/Friendly,Netherlands,UEFA,USA,neutral,3,1,W,,,,,,,,,,,,,,"Al Rayyan, Qatar",,True,True,2102.1,1933.3,0.7254,2126.8,24.7
2022-12-09,FIFA World Cup,2022,Tournament/Friendly,Netherlands,UEFA,Argentina,neutral,2,2,D,,,,,,,,,,,,,,"Lusail, Qatar",,True,True,2126.8,2184.9,0.4172,2131.7,5.0
2023-03-24,UEFA Euro qualification,2023,Qualification,Netherlands,UEFA,France,away,0,4,L,,,,,,,,,,,,,,"Paris, France",,False,True,2131.7,2137.1,0.3528,2105.3,-26.5
2023-03-27,UEFA Euro qualification,2023,Qualification,Netherlands,UEFA,Gibraltar,home,3,0,W,,,,,,,,,,,,,,"Rotterdam, Netherlands",,False,True,2105.3,1171.7,0.9974,2105.5,0.2
2023-06-14,UEFA Nations League,2023,Tournament/Friendly,Netherlands,UEFA,Croatia,home,2,4,L,,,,,,,,,,,,,,"Rotterdam, Netherlands",,False,True,2105.5,2020.3,0.7438,2060.8,-44.6
2023-06-18,UEFA Nations League,2023,Tournament/Friendly,Netherlands,UEFA,Italy,home,2,3,L,,,,,,,,,,,,,,"Enschede, Netherlands",,False,True,2060.8,1990.1,0.7277,2031.7,-29.1
2023-09-07,UEFA Euro qualification,2023,Qualification,Netherlands,UEFA,Greece,home,3,0,W,,,,,,,,,,,,,,"Eindhoven, Netherlands",,False,True,2031.7,1747.1,0.9015,2038.6,6.9
2023-09-10,UEFA Euro qualification,2023,Qualification,Netherlands,UEFA,Republic of Ireland,away,2,1,W,,,,,,,,,,,,,,"Dublin, Republic of Ireland",,False,True,2038.6,1708.1,0.7904,2047.0,8.4
2023-10-13,UEFA Euro qualification,2023,Qualification,Netherlands,UEFA,France,home,1,2,L,,,,,,,,,,,,,,"Amsterdam, Netherlands",,False,True,2047.0,2159.7,0.4817,2027.7,-19.3
2023-10-16,UEFA Euro qualification,2023,Qualification,Netherlands,UEFA,Greece,away,1,0,W,,,,,,,,,,,,,,"Athens, Greece",,False,True,2027.7,1776.8,0.7045,2039.6,11.8
2023-11-18,UEFA Euro qualification,2023,Qualification,Netherlands,UEFA,Republic of Ireland,home,1,0,W,,,,,,,,,,,,,,"Amsterdam, Netherlands",,False,True,2039.6,1668.7,0.9376,2042.0,2.5
2023-11-21,UEFA Euro qualification,2023,Qualification,Netherlands,UEFA,Gibraltar,neutral,6,0,W,,,,,,,,,,,,,,"Faro-Loulé, Portugal",,True,True,2042.0,1159.1,0.9938,2042.6,0.5
2024-03-22,Friendly,2024,Tournament/Friendly,Netherlands,UEFA,Scotland,home,4,0,W,,,,,,,,,,,,,,"Amsterdam, Netherlands",,False,True,2042.6,1848.0,0.845,2048.4,5.8
2024-03-26,Friendly,2024,Tournament/Friendly,Netherlands,UEFA,Germany,away,1,2,L,,,,,,,,,,,,,,"Frankfurt, Germany",,False,True,2048.4,1975.9,0.4605,2039.2,-9.2
2024-06-06,Friendly,2024,Tournament/Friendly,Netherlands,UEFA,Canada,home,4,0,W,,,,,,,,,,,,,,"Rotterdam, Netherlands",,False,True,2039.2,1831.7,0.8544,2044.6,5.5
2024-06-10,Friendly,2024,Tournament/Friendly,Netherlands,UEFA,Iceland,home,4,0,W,,,,,,,,,,,,,,"Rotterdam, Netherlands",,False,True,2044.6,1621.3,0.9531,2046.4,1.8
2024-06-16,UEFA Euro,2024,Tournament/Friendly,Netherlands,UEFA,Poland,neutral,2,1,W,,,,,,,,,,,,,,"Hamburg, Germany",,True,True,2046.4,1801.0,0.8042,2056.2,9.8
2024-06-21,UEFA Euro,2024,Tournament/Friendly,Netherlands,UEFA,France,neutral,0,0,D,,,,,,,,,,,,,,"Leipzig, Germany",,True,True,2056.2,2146.6,0.3728,2062.5,6.4
2024-06-25,UEFA Euro,2024,Tournament/Friendly,Netherlands,UEFA,Austria,neutral,2,3,L,,,,,,,,,,,,,,"Berlin, Germany",,True,True,2062.5,1927.0,0.6857,2028.3,-34.3
2024-07-02,UEFA Euro,2024,Tournament/Friendly,Netherlands,UEFA,Romania,neutral,3,0,W,,,,,,,,,,,,,,"Munich, Germany",,True,True,2028.3,1754.6,0.8286,2043.3,15.0
2024-07-06,UEFA Euro,2024,Tournament/Friendly,Netherlands,UEFA,Turkey,neutral,2,1,W,,,,,,,,,,,,,,"Berlin, Germany",,True,True,2043.3,1870.3,0.7303,2056.7,13.5
2024-07-10,UEFA Euro,2024,Tournament/Friendly,Netherlands,UEFA,England,neutral,1,2,L,,,,,,,,,,,,,,"Dortmund, Germany",,True,True,2056.7,2032.1,0.5354,2030.0,-26.8
2024-09-07,UEFA Nations League,2024,Tournament/Friendly,Netherlands,UEFA,Bosnia & Herzegovina,home,5,2,W,,,,,,,,,,,,,,"Eindhoven, Netherlands",,False,True,2030.0,1526.2,0.97,2032.1,2.1
2024-09-10,UEFA Nations League,2024,Tournament/Friendly,Netherlands,UEFA,Germany,home,2,2,D,,,,,,,,,,,,,,"Amsterdam, Netherlands",,False,True,2032.1,2010.3,0.6684,2025.3,-6.7
2024-10-11,UEFA Nations League,2024,Tournament/Friendly,Netherlands,UEFA,Hungary,away,1,1,D,,,,,,,,,,,,,,"Budapest, Hungary",,False,True,2025.3,1820.5,0.6464,2019.5,-5.9
2024-10-14,UEFA Nations League,2024,Tournament/Friendly,Netherlands,UEFA,Germany,away,0,1,L,,,,,,,,,,,,,,"Munich, Germany",,False,True,2019.5,2021.1,0.3577,2005.2,-14.3
2024-11-16,UEFA Nations League,2024,Tournament/Friendly,Netherlands,UEFA,Hungary,home,4,0,W,,,,,,,,,,,,,,"Amsterdam, Netherlands",,False,True,2005.2,1841.5,0.8203,2018.7,13.5
2024-11-19,UEFA Nations League,2024,Tournament/Friendly,Netherlands,UEFA,Bosnia & Herzegovina,away,1,1,D,,,,,,,,,,,,,,"Zenica, Bosnia and Herzegovina",,False,True,2018.7,1519.0,0.9089,2002.3,-16.4
2025-03-20,UEFA Nations League,2025,Tournament/Friendly,Netherlands,UEFA,Spain,home,2,2,D,,,,,,,,,,,,,,"Rotterdam, Netherlands",,False,True,2002.3,2233.6,0.3195,2009.5,7.2
2025-03-23,UEFA Nations League,2025,Tournament/Friendly,Netherlands,UEFA,Spain,away,3,3,D,,,,,,,,,,,,,,"Valencia, Spain",,False,True,2009.5,2226.4,0.1389,2024.0,14.4
2025-06-07,FIFA World Cup qualification,2025,Qualification,Netherlands,UEFA,Finland,away,2,0,W,,,,,,,,,,,,,,"Helsinki, Finland",,False,True,2024.0,1592.9,0.8705,2031.7,7.8
2025-06-10,FIFA World Cup qualification,2025,Qualification,Netherlands,UEFA,Malta,home,8,0,W,,,,,,,,,,,,,,"Groningen, Netherlands",,False,True,2031.7,1302.9,0.9916,2032.5,0.8
2025-09-04,FIFA World Cup qualification,2025,Qualification,Netherlands,UEFA,Poland,home,1,1,D,,,,,,,,,,,,,,"Rotterdam, Netherlands",,False,True,2032.5,1736.3,0.9073,2016.2,-16.3
2025-09-07,FIFA World Cup qualification,2025,Qualification,Netherlands,UEFA,Lithuania,away,3,2,W,,,,,,,,,,,,,,"Kaunas, Lithuania",,False,True,2016.2,1338.9,0.9652,2017.6,1.4
2025-10-09,FIFA World Cup qualification,2025,Qualification,Netherlands,UEFA,Malta,away,4,0,W,,,,,,,,,,,,,,"Ta' Qali, Malta",,False,True,2017.6,1311.7,0.9704,2019.9,2.2
2025-10-12,FIFA World Cup qualification,2025,Qualification,Netherlands,UEFA,Finland,home,4,0,W,,,,,,,,,,,,,,"Amsterdam, Netherlands",,False,True,2019.9,1600.4,0.9521,2023.4,3.6
2025-11-14,FIFA World Cup qualification,2025,Qualification,Netherlands,UEFA,Poland,away,1,1,D,,,,,,,,,,,,,,"Warsaw, Poland",,False,True,2023.4,1779.1,0.6965,2015.6,-7.9
2025-11-17,FIFA World Cup qualification,2025,Qualification,Netherlands,UEFA,Lithuania,home,4,0,W,,,,,,,,,,,,,,"Amsterdam, Netherlands",,False,True,2015.6,1331.6,0.9892,2016.4,0.8
2026-03-27,Friendly,2026,Tournament/Friendly,Netherlands,UEFA,Norway,home,2,1,W,,,,,,,,,,,,,,"Amsterdam, Netherlands",,False,True,2016.4,1973.4,0.6949,2022.5,6.1
2026-03-31,Friendly,2026,Tournament/Friendly,Netherlands,UEFA,Ecuador,home,1,1,D,,,,,,,,,,,,,,"Eindhoven, Netherlands",,False,True,2022.5,2018.5,0.6453,2019.6,-2.9
2026-06-03,Friendly,2026,Tournament/Friendly,Netherlands,UEFA,Algeria,home,0,1,L,,,,,,,,,,,,,,"Rotterdam, Netherlands",,False,True,2019.6,1856.0,0.8201,2003.2,-16.4
2026-06-08,Friendly,2026,Tournament/Friendly,Netherlands,UEFA,Uzbekistan,neutral,2,1,W,,,,,,,,,,,,,,"New York, United States",,True,True,2003.2,1828.3,0.7324,2008.5,5.4
2022-01-28,Friendly,2022,Tournament/Friendly,New Zealand,OFC,Jordan,neutral,1,3,L,,,,,,,,,,,,,,"Abu Dhabi, United Arab Emirates",,True,True,1701.1,1631.8,0.5985,1683.1,-18.0
2022-03-18,FIFA World Cup qualification,2022,Qualification,New Zealand,OFC,Papua New Guinea,neutral,1,0,W,,,,,,,,,,,,,,"Doha, Qatar",,True,True,1683.1,1495.5,0.7465,1693.3,10.1
2022-03-21,FIFA World Cup qualification,2022,Qualification,New Zealand,OFC,Fiji,neutral,4,0,W,,,,,,,,,,,,,,"Doha, Qatar",,True,True,1693.3,1580.6,0.6567,1719.0,25.7
2022-03-24,FIFA World Cup qualification,2022,Qualification,New Zealand,OFC,New Caledonia,neutral,7,1,W,,,,,,,,,,,,,,"Doha, Qatar",,True,True,1719.0,1566.1,0.7069,1743.9,24.9
2022-03-27,FIFA World Cup qualification,2022,Qualification,New Zealand,OFC,Tahiti,neutral,1,0,W,,,,,,,,,,,,,,"Doha, Qatar",,True,True,1743.9,1501.4,0.8015,1751.9,7.9
2022-03-30,FIFA World Cup qualification,2022,Qualification,New Zealand,OFC,Solomon Islands,neutral,5,0,W,,,,,,,,,,,,,,"Doha, Qatar",,True,True,1751.9,1569.9,0.7403,1772.6,20.8
2022-06-05,Friendly,2022,Tournament/Friendly,New Zealand,OFC,Peru,neutral,0,1,L,,,,,,,,,,,,,,"Barcelona, Spain",,True,True,1772.6,1923.7,0.2954,1766.7,-5.9
2022-06-09,Friendly,2022,Tournament/Friendly,New Zealand,OFC,Oman,neutral,0,0,D,,,,,,,,,,,,,,"Al Rayyan, Qatar",,True,True,1766.7,1670.3,0.6353,1764.0,-2.7
2022-06-14,FIFA World Cup qualification,2022,Qualification,New Zealand,OFC,Costa Rica,neutral,0,1,L,,,,,,,,,,,,,,"Al Rayyan, Qatar",,True,True,1764.0,1833.8,0.401,1748.0,-16.0
2022-09-22,Friendly,2022,Tournament/Friendly,New Zealand,OFC,Australia,away,0,1,L,,,,,,,,,,,,,,"Brisbane, Australia",,False,True,1748.0,1806.8,0.2861,1742.3,-5.7
2022-09-25,Friendly,2022,Tournament/Friendly,New Zealand,OFC,Australia,home,0,2,L,,,,,,,,,,,,,,"Auckland, New Zealand",,False,True,1742.3,1812.5,0.5427,1726.0,-16.3
2023-03-23,Friendly,2023,Tournament/Friendly,New Zealand,OFC,China,home,0,0,D,,,,,,,,,,,,,,"Auckland, New Zealand",,False,True,1726.0,1580.8,0.804,1719.9,-6.1
2023-03-26,Friendly,2023,Tournament/Friendly,New Zealand,OFC,China,home,2,1,W,,,,,,,,,,,,,,"Wellington, New Zealand",,False,True,1719.9,1586.9,0.7928,1724.1,4.1
2023-06-16,Friendly,2023,Tournament/Friendly,New Zealand,OFC,Sweden,away,1,4,L,,,,,,,,,,,,,,"Stockholm, Sweden",,False,True,1724.1,1804.2,0.2618,1714.9,-9.2
2023-10-13,Friendly,2023,Tournament/Friendly,New Zealand,OFC,DR Congo,neutral,1,1,D,,,,,,,,,,,,,,"Murcia, Spain",,True,True,1714.9,1631.4,0.6179,1712.5,-2.4
2023-10-17,Soccer Ashes,2023,Tournament/Friendly,New Zealand,OFC,Australia,neutral,0,2,L,,,,,,,,,,,,,,"Brentford, England",,True,True,1712.5,1864.6,0.2941,1699.3,-13.2
2023-11-17,Friendly,2023,Tournament/Friendly,New Zealand,OFC,Greece,away,0,2,L,,,,,,,,,,,,,,"Athens, Greece",,False,True,1699.3,1765.0,0.2781,1691.0,-8.3
2023-11-21,Friendly,2023,Tournament/Friendly,New Zealand,OFC,Republic of Ireland,away,1,1,D,,,,,,,,,,,,,,"Dublin, Republic of Ireland",,False,True,1691.0,1666.2,0.3934,1693.1,2.1
2024-03-22,FIFA Series,2024,Tournament/Friendly,New Zealand,OFC,Egypt,away,0,1,L,,,,,,,,,,,,,,"Cairo, Egypt",,False,True,1693.1,1748.1,0.2906,1687.3,-5.8
2024-03-26,FIFA Series,2024,Tournament/Friendly,New Zealand,OFC,Tunisia,neutral,0,0,D,,,,,,,,,,,,,,"Cairo, Egypt",,True,True,1687.3,1783.7,0.3647,1690.0,2.7
2024-06-18,Oceania Nations Cup,2024,Tournament/Friendly,New Zealand,OFC,Solomon Islands,neutral,3,0,W,,,,,,,,,,,,,,"Port Vila, Vanuatu",,True,True,1690.0,1575.9,0.6586,1707.9,17.9
2024-06-21,Oceania Nations Cup,2024,Tournament/Friendly,New Zealand,OFC,Vanuatu,away,4,0,W,,,,,,,,,,,,,,"Port Vila, Vanuatu",,False,True,1707.9,1425.7,0.7406,1722.5,14.6
2024-06-27,Oceania Nations Cup,2024,Tournament/Friendly,New Zealand,OFC,Tahiti,neutral,5,0,W,,,,,,,,,,,,,,"Port Vila, Vanuatu",,True,True,1722.5,1519.6,0.7628,1736.7,14.2
2024-06-30,Oceania Nations Cup,2024,Tournament/Friendly,New Zealand,OFC,Vanuatu,away,3,0,W,,,,,,,,,,,,,,"Port Vila, Vanuatu",,False,True,1736.7,1429.0,0.7677,1748.9,12.2
2024-09-07,Friendly,2024,Tournament/Friendly,New Zealand,OFC,Mexico,neutral,0,3,L,,,,,,,,,,,,,,"Pasadena, United States",,True,True,1748.9,1889.0,0.3087,1738.1,-10.8
2024-09-10,Friendly,2024,Tournament/Friendly,New Zealand,OFC,USA,away,1,1,D,,,,,,,,,,,,,,"Cincinnati, United States",,False,True,1738.1,1834.0,0.2446,1743.2,5.1
2024-10-11,FIFA World Cup qualification,2024,Qualification,New Zealand,OFC,Tahiti,neutral,3,0,W,,,,,,,,,,,,,,"Port Vila, Vanuatu",,True,True,1743.2,1522.7,0.7806,1758.6,15.4
2024-10-14,Friendly,2024,Tournament/Friendly,New Zealand,OFC,Malaysia,home,4,0,W,,,,,,,,,,,,,,"Auckland, New Zealand",,False,True,1758.6,1457.3,0.9097,1762.0,3.4
2024-11-15,FIFA World Cup qualification,2024,Qualification,New Zealand,OFC,Vanuatu,home,8,1,W,,,,,,,,,,,,,,"Hamilton, New Zealand",,False,True,1762.0,1431.2,0.9227,1768.9,7.0
2024-11-18,FIFA World Cup qualification,2024,Qualification,New Zealand,OFC,Samoa,home,8,0,W,,,,,,,,,,,,,,"Auckland, New Zealand",,False,True,1768.9,1253.7,0.9718,1771.6,2.7
2025-03-21,FIFA World Cup qualification,2025,Qualification,New Zealand,OFC,Fiji,home,7,0,W,,,,,,,,,,,,,,"Wellington, New Zealand",,False,True,1771.6,1568.5,0.8513,1785.0,13.4
2025-03-24,FIFA World Cup qualification,2025,Qualification,New Zealand,OFC,New Caledonia,home,3,0,W,,,,,,,,,,,,,,"Auckland, New Zealand",,False,True,1785.0,1628.1,0.8143,1798.0,13.0
2025-06-07,Canadian Shield,2025,Tournament/Friendly,New Zealand,OFC,Ivory Coast,neutral,1,0,W,,,,,,,,,,,,,,"Toronto, Canada",,True,True,1798.0,1709.0,0.6253,1809.2,11.2
2025-06-10,Canadian Shield,2025,Tournament/Friendly,New Zealand,OFC,Ukraine,neutral,1,2,L,,,,,,,,,,,,,,"Toronto, Canada",,True,True,1809.2,1846.6,0.4464,1795.8,-13.4
2025-09-05,Soccer Ashes,2025,Tournament/Friendly,New Zealand,OFC,Australia,away,0,1,L,,,,,,,,,,,,,,"Canberra, Australia",,False,True,1795.8,1887.3,0.2493,1788.3,-7.5
2025-09-09,Soccer Ashes,2025,Tournament/Friendly,New Zealand,OFC,Australia,home,1,3,L,,,,,,,,,,,,,,"Auckland, New Zealand",,False,True,1788.3,1894.8,0.4907,1766.3,-22.1
2025-10-09,Friendly,2025,Tournament/Friendly,New Zealand,OFC,Poland,away,0,1,L,,,,,,,,,,,,,,"Chorzów, Poland",,False,True,1766.3,1764.4,0.3624,1759.0,-7.2
2025-10-14,Friendly,2025,Tournament/Friendly,New Zealand,OFC,Norway,away,1,1,D,,,,,,,,,,,,,,"Oslo, Norway",,False,True,1759.0,1929.6,0.174,1765.5,6.5
2025-11-15,Friendly,2025,Tournament/Friendly,New Zealand,OFC,Colombia,neutral,1,2,L,,,,,,,,,,,,,,"Fort Lauderdale, United States",,True,True,1765.5,2068.3,0.149,1762.6,-3.0
2025-11-18,Friendly,2025,Tournament/Friendly,New Zealand,OFC,Ecuador,neutral,0,2,L,,,,,,,,,,,,,,"Harrison, United States",,True,True,1762.6,2014.2,0.1903,1756.9,-5.7
2026-03-27,FIFA Series,2026,Tournament/Friendly,New Zealand,OFC,Finland,home,0,2,L,,,,,,,,,,,,,,"Auckland, New Zealand",,False,True,1756.9,1562.3,0.8449,1731.5,-25.3
2026-03-30,FIFA Series,2026,Tournament/Friendly,New Zealand,OFC,Chile,home,4,1,W,,,,,,,,,,,,,,"Auckland, New Zealand",,False,True,1731.5,1820.3,0.5161,1748.4,16.9
2026-06-02,Friendly,2026,Tournament/Friendly,New Zealand,OFC,Haiti,neutral,0,4,L,,,,,,,,,,,,,,"Fort Lauderdale, United States",,True,True,1748.4,1694.2,0.5774,1726.8,-21.7
2026-06-06,Friendly,2026,Tournament/Friendly,New Zealand,OFC,England,neutral,0,1,L,,,,,,,,,,,,,,"Tampa, United States",,True,True,1726.8,2081.7,0.1148,1724.5,-2.3
2022-01-11,African Cup of Nations,2022,Tournament/Friendly,Nigeria,CAF,Egypt,neutral,1,0,W,,,,,,,,,,,,,,"Garoua, Cameroon",,True,False,1737.9,1762.7,0.4643,1764.7,26.8
2022-01-15,African Cup of Nations,2022,Tournament/Friendly,Nigeria,CAF,Sudan,neutral,3,1,W,,,,,,,,,,,,,,"Garoua, Cameroon",,True,False,1764.7,1424.3,0.8765,1773.9,9.3
2022-01-19,African Cup of Nations,2022,Tournament/Friendly,Nigeria,CAF,Guinea-Bissau,neutral,2,0,W,,,,,,,,,,,,,,"Garoua, Cameroon",,True,False,1773.9,1482.8,0.8423,1785.8,11.8
2022-01-23,African Cup of Nations,2022,Tournament/Friendly,Nigeria,CAF,Tunisia,neutral,0,1,L,,,,,,,,,,,,,,"Garoua, Cameroon",,True,False,1785.8,1701.3,0.6192,1754.8,-31.0
2022-03-25,FIFA World Cup qualification,2022,Qualification,Nigeria,CAF,Ghana,away,0,0,D,,,,,,,,,,,,,,"Kumasi, Ghana",,False,False,1754.8,1641.7,0.5189,1754.0,-0.8
2022-03-29,FIFA World Cup qualification,2022,Qualification,Nigeria,CAF,Ghana,home,1,1,D,,,,,,,,,,,,,,"Abuja, Nigeria",,False,False,1754.0,1642.4,0.7717,1743.2,-10.9
2022-05-28,Friendly,2022,Tournament/Friendly,Nigeria,CAF,Mexico,neutral,1,2,L,,,,,,,,,,,,,,"Arlington, United States",,True,False,1743.2,1947.6,0.2356,1738.5,-4.7
2022-06-02,Friendly,2022,Tournament/Friendly,Nigeria,CAF,Ecuador,neutral,0,1,L,,,,,,,,,,,,,,"Harrison, United States",,True,False,1738.5,1906.3,0.2757,1732.9,-5.5
2022-06-09,African Cup of Nations qualification,2022,Qualification,Nigeria,CAF,Sierra Leone,home,2,1,W,,,,,,,,,,,,,,"Abuja, Nigeria",,False,False,1732.9,1494.1,0.8755,1737.9,5.0
2022-06-13,African Cup of Nations qualification,2022,Qualification,Nigeria,CAF,São Tomé and Príncipe,neutral,10,0,W,,,,,,,,,,,,,,"Agadir, Morocco",,True,False,1737.9,1181.0,0.9611,1742.0,4.1
2022-09-27,Friendly,2022,Tournament/Friendly,Nigeria,CAF,Algeria,away,1,2,L,,,,,,,,,,,,,,"Oran, Algeria",,False,False,1742.0,1818.8,0.2655,1736.7,-5.3
2022-11-09,Friendly,2022,Tournament/Friendly,Nigeria,CAF,Costa Rica,away,0,2,L,,,,,,,,,,,,,,"San José, Costa Rica",,False,False,1736.7,1859.2,0.2174,1730.2,-6.5
2022-11-17,Friendly,2022,Tournament/Friendly,Nigeria,CAF,Portugal,away,0,4,L,,,,,,,,,,,,,,"Lisbon, Portugal",,False,False,1730.2,2050.2,0.0818,1727.1,-3.1
2023-03-24,African Cup of Nations qualification,2023,Qualification,Nigeria,CAF,Guinea-Bissau,home,0,1,L,,,,,,,,,,,,,,"Abuja, Nigeria",,False,False,1727.1,1485.1,0.8775,1692.0,-35.1
2023-03-27,African Cup of Nations qualification,2023,Qualification,Nigeria,CAF,Guinea-Bissau,away,1,0,W,,,,,,,,,,,,,,"Bissau, Guinea-Bissau",,False,False,1692.0,1520.2,0.6018,1707.9,15.9
2023-06-18,African Cup of Nations qualification,2023,Qualification,Nigeria,CAF,Sierra Leone,neutral,3,2,W,,,,,,,,,,,,,,"Monrovia, Liberia",,True,False,1707.9,1465.1,0.8018,1715.9,7.9
2023-09-10,African Cup of Nations qualification,2023,Qualification,Nigeria,CAF,São Tomé and Príncipe,home,6,0,W,,,,,,,,,,,,,,"Uyo, Nigeria",,False,False,1715.9,1176.6,0.9754,1718.0,2.1
2023-10-13,Friendly,2023,Tournament/Friendly,Nigeria,CAF,Saudi Arabia,neutral,2,2,D,,,,,,,,,,,,,,"Portimão, Portugal",,True,False,1718.0,1670.8,0.5675,1716.6,-1.3
2023-10-16,Friendly,2023,Tournament/Friendly,Nigeria,CAF,Mozambique,neutral,3,2,W,,,,,,,,,,,,,,"Albufeira, Portugal",,True,False,1716.6,1470.4,0.8049,1720.5,3.9
2023-11-16,FIFA World Cup qualification,2023,Qualification,Nigeria,CAF,Lesotho,home,1,1,D,,,,,,,,,,,,,,"Uyo, Nigeria",,False,False,1720.5,1322.0,0.9463,1702.7,-17.9
2023-11-19,FIFA World Cup qualification,2023,Qualification,Nigeria,CAF,Zimbabwe,neutral,1,1,D,,,,,,,,,,,,,,"Butare, Rwanda",,True,False,1702.7,1442.5,0.8172,1690.0,-12.7
2024-01-08,Friendly,2024,Tournament/Friendly,Nigeria,CAF,Guinea,neutral,0,2,L,,,,,,,,,,,,,,"Abu Dhabi, United Arab Emirates",,True,False,1690.0,1542.3,0.7006,1669.0,-21.0
2024-01-14,African Cup of Nations,2024,Tournament/Friendly,Nigeria,CAF,Equatorial Guinea,neutral,1,1,D,,,,,,,,,,,,,,"Ebimpé, Ivory Coast",,True,False,1669.0,1506.5,0.7182,1658.0,-10.9
2024-01-18,African Cup of Nations,2024,Tournament/Friendly,Nigeria,CAF,Ivory Coast,away,1,0,W,,,,,,,,,,,,,,"Ebimpé, Ivory Coast",,False,False,1658.0,1768.3,0.2296,1696.6,38.5
2024-01-22,African Cup of Nations,2024,Tournament/Friendly,Nigeria,CAF,Guinea-Bissau,neutral,1,0,W,,,,,,,,,,,,,,"Abidjan, Ivory Coast",,True,False,1696.6,1470.6,0.7859,1707.3,10.7
2024-01-27,African Cup of Nations,2024,Tournament/Friendly,Nigeria,CAF,Cameroon,neutral,2,0,W,,,,,,,,,,,,,,"Abidjan, Ivory Coast",,True,False,1707.3,1700.1,0.5103,1744.0,36.7
2024-02-02,African Cup of Nations,2024,Tournament/Friendly,Nigeria,CAF,Angola,neutral,1,0,W,,,,,,,,,,,,,,"Abidjan, Ivory Coast",,True,False,1744.0,1655.3,0.625,1762.7,18.8
2024-02-07,African Cup of Nations,2024,Tournament/Friendly,Nigeria,CAF,South Africa,neutral,1,1,D,,,,,,,,,,,,,,"Bouaké, Ivory Coast",,True,False,1762.7,1699.3,0.5903,1758.2,-4.5
2024-02-11,African Cup of Nations,2024,Tournament/Friendly,Nigeria,CAF,Ivory Coast,away,1,2,L,,,,,,,,,,,,,,"Ebimpé, Ivory Coast",,False,False,1758.2,1703.1,0.4358,1736.4,-21.8
2024-03-22,Friendly,2024,Tournament/Friendly,Nigeria,CAF,Ghana,neutral,2,1,W,,,,,,,,,,,,,,"Marrakesh, Morocco",,True,False,1736.4,1624.5,0.6557,1743.3,6.9
2024-06-07,FIFA World Cup qualification,2024,Qualification,Nigeria,CAF,South Africa,home,1,1,D,,,,,,,,,,,,,,"Uyo, Nigeria",,False,False,1743.3,1695.1,0.7012,1735.3,-8.0
2024-06-10,FIFA World Cup qualification,2024,Qualification,Nigeria,CAF,Benin,neutral,1,2,L,,,,,,,,,,,,,,"Abidjan, Ivory Coast",,True,False,1735.3,1482.9,0.8104,1702.9,-32.4
2024-09-07,African Cup of Nations qualification,2024,Qualification,Nigeria,CAF,Benin,home,3,0,W,,,,,,,,,,,,,,"Uyo, Nigeria",,False,False,1702.9,1515.3,0.8396,1714.1,11.2
2024-09-10,African Cup of Nations qualification,2024,Qualification,Nigeria,CAF,Rwanda,away,0,0,D,,,,,,,,,,,,,,"Kigali, Rwanda",,False,False,1714.1,1442.7,0.7284,1705.0,-9.1
2024-10-11,African Cup of Nations qualification,2024,Qualification,Nigeria,CAF,Libya,home,1,0,W,,,,,,,,,,,,,,"Uyo, Nigeria",,False,False,1705.0,1490.5,0.8594,1710.6,5.6
2024-11-14,African Cup of Nations qualification,2024,Qualification,Nigeria,CAF,Benin,neutral,1,1,D,,,,,,,,,,,,,,"Abidjan, Ivory Coast",,True,False,1710.6,1530.6,0.7381,1701.1,-9.5
2024-11-18,African Cup of Nations qualification,2024,Qualification,Nigeria,CAF,Rwanda,home,1,2,L,,,,,,,,,,,,,,"Uyo, Nigeria",,False,False,1701.1,1422.2,0.8985,1665.1,-35.9
2025-03-21,FIFA World Cup qualification,2025,Qualification,Nigeria,CAF,Rwanda,away,2,0,W,,,,,,,,,,,,,,"Kigali, Rwanda",,False,False,1665.1,1458.1,0.6493,1686.2,21.0
2025-03-25,FIFA World Cup qualification,2025,Qualification,Nigeria,CAF,Zimbabwe,home,1,1,D,,,,,,,,,,,,,,"Uyo, Nigeria",,False,False,1686.2,1484.3,0.8504,1672.1,-14.0
2025-05-28,Unity Cup,2025,Tournament/Friendly,Nigeria,CAF,Ghana,neutral,2,1,W,,,,,,,,,,,,,,"London, England",,True,False,1672.1,1579.5,0.6302,1683.2,11.1
2025-05-31,Unity Cup,2025,Tournament/Friendly,Nigeria,CAF,Jamaica,neutral,2,2,D,,,,,,,,,,,,,,"London, England",,True,False,1683.2,1702.6,0.4721,1684.1,0.8
2025-06-06,Friendly,2025,Tournament/Friendly,Nigeria,CAF,Russia,away,1,1,D,,,,,,,,,,,,,,"Moscow, Russia",,False,False,1684.1,1843.7,0.1833,1690.4,6.3
2025-09-06,FIFA World Cup qualification,2025,Qualification,Nigeria,CAF,Rwanda,home,1,0,W,,,,,,,,,,,,,,"Uyo, Nigeria",,False,False,1690.4,1428.0,0.8895,1694.8,4.4
2025-09-09,FIFA World Cup qualification,2025,Qualification,Nigeria,CAF,South Africa,away,1,1,D,,,,,,,,,,,,,,"Bloemfontein, South Africa",,False,False,1694.8,1685.4,0.3725,1699.9,5.1
2025-10-10,FIFA World Cup qualification,2025,Qualification,Nigeria,CAF,Lesotho,neutral,2,1,W,,,,,,,,,,,,,,"Polokwane, South Africa",,True,False,1699.9,1406.5,0.8441,1706.2,6.2
2025-10-14,FIFA World Cup qualification,2025,Qualification,Nigeria,CAF,Benin,home,4,0,W,,,,,,,,,,,,,,"Uyo, Nigeria",,False,False,1706.2,1582.7,0.7835,1722.4,16.2
2025-11-13,FIFA World Cup qualification,2025,Qualification,Nigeria,CAF,Gabon,neutral,4,1,W,,,,,,,,,,,,,,"Rabat, Morocco",,True,False,1722.4,1608.6,0.6582,1746.3,23.9
2025-11-16,FIFA World Cup qualification,2025,Qualification,Nigeria,CAF,DR Congo,neutral,1,1,D,,,,,,,,,,,,,,"Rabat, Morocco",,True,False,1746.3,1730.1,0.5233,1745.4,-0.9
2025-12-23,African Cup of Nations,2025,Tournament/Friendly,Nigeria,CAF,Tanzania,neutral,2,1,W,,,,,,,,,,,,,,"Fez, Morocco",,True,False,1745.4,1425.5,0.8631,1752.2,6.8
2025-12-27,African Cup of Nations,2025,Tournament/Friendly,Nigeria,CAF,Tunisia,neutral,3,2,W,,,,,,,,,,,,,,"Fez, Morocco",,True,False,1752.2,1772.9,0.4703,1778.7,26.5
2025-12-30,African Cup of Nations,2025,Tournament/Friendly,Nigeria,CAF,Uganda,neutral,3,1,W,,,,,,,,,,,,,,"Fez, Morocco",,True,False,1778.7,1526.2,0.8106,1792.9,14.2
2026-01-05,African Cup of Nations,2026,Tournament/Friendly,Nigeria,CAF,Mozambique,neutral,4,0,W,,,,,,,,,,,,,,"Fez, Morocco",,True,False,1792.9,1516.6,0.8307,1808.8,15.9
2026-01-10,African Cup of Nations,2026,Tournament/Friendly,Nigeria,CAF,Algeria,neutral,2,0,W,,,,,,,,,,,,,,"Marrakesh, Morocco",,True,False,1808.8,1885.6,0.3913,1854.5,45.7
2026-01-14,African Cup of Nations,2026,Tournament/Friendly,Nigeria,CAF,Morocco,away,0,0,D,,,,,,,,,,,,,,"Rabat, Morocco",,False,False,1854.5,1952.4,0.2424,1867.3,12.9
2026-01-17,African Cup of Nations,2026,Tournament/Friendly,Nigeria,CAF,Egypt,neutral,0,0,D,,,,,,,,,,,,,,"Casablanca, Morocco",,True,False,1867.3,1769.3,0.6375,1860.5,-6.9
2026-03-27,Jordan International Tournament,2026,Tournament/Friendly,Nigeria,CAF,Iran,neutral,2,1,W,,,,,,,,,,,,,,"Antalya, Turkey",,True,False,1860.5,1891.5,0.4554,1876.8,16.3
2026-03-31,Jordan International Tournament,2026,Tournament/Friendly,Nigeria,CAF,Jordan,neutral,2,2,D,,,,,,,,,,,,,,"Antalya, Turkey",,True,False,1876.8,1780.8,0.6347,1872.8,-4.0
2026-05-26,Unity Cup,2026,Tournament/Friendly,Nigeria,CAF,Zimbabwe,neutral,2,0,W,,,,,,,,,,,,,,"London, England",,True,False,1872.8,1472.8,0.9091,1876.8,4.1
2026-05-30,Unity Cup,2026,Tournament/Friendly,Nigeria,CAF,Jamaica,neutral,3,0,W,,,,,,,,,,,,,,"London, England",,True,False,1876.8,1683.2,0.753,1889.8,13.0
2026-06-03,Friendly,2026,Tournament/Friendly,Nigeria,CAF,Poland,away,2,2,D,,,,,,,,,,,,,,"Warsaw, Poland",,False,False,1889.8,1768.2,0.5311,1889.2,-0.6
2026-06-10,Friendly,2026,Tournament/Friendly,Nigeria,CAF,Portugal,away,1,2,L,,,,,,,,,,,,,,"Leiria, Portugal",,False,False,1889.2,2040.2,0.1908,1885.4,-3.8
2022-03-25,Friendly,2022,Tournament/Friendly,Norway,UEFA,Slovakia,home,2,0,W,,,,,,,,,,,,,,"Oslo, Norway",,False,True,1756.3,1711.7,0.6969,1765.4,9.1
2022-03-29,Friendly,2022,Tournament/Friendly,Norway,UEFA,Armenia,home,9,0,W,,,,,,,,,,,,,,"Oslo, Norway",,False,True,1765.4,1562.1,0.8515,1772.8,7.4
2022-06-02,UEFA Nations League,2022,Tournament/Friendly,Norway,UEFA,Serbia,away,1,0,W,,,,,,,,,,,,,,"Belgrade, Serbia",,False,True,1772.8,1896.0,0.2168,1804.2,31.3
2022-06-05,UEFA Nations League,2022,Tournament/Friendly,Norway,UEFA,Sweden,away,2,1,W,,,,,,,,,,,,,,"Stockholm, Sweden",,False,True,1804.2,1880.1,0.2665,1833.5,29.3
2022-06-09,UEFA Nations League,2022,Tournament/Friendly,Norway,UEFA,Slovenia,home,0,0,D,,,,,,,,,,,,,,"Oslo, Norway",,False,True,1833.5,1639.7,0.8444,1819.7,-13.8
2022-06-12,UEFA Nations League,2022,Tournament/Friendly,Norway,UEFA,Sweden,home,3,2,W,,,,,,,,,,,,,,"Oslo, Norway",,False,True,1819.7,1826.4,0.6311,1834.5,14.8
2022-09-24,UEFA Nations League,2022,Tournament/Friendly,Norway,UEFA,Slovenia,away,1,2,L,,,,,,,,,,,,,,"Ljubljana, Slovenia",,False,True,1834.5,1661.4,0.6037,1810.3,-24.1
2022-09-27,UEFA Nations League,2022,Tournament/Friendly,Norway,UEFA,Serbia,home,0,2,L,,,,,,,,,,,,,,"Oslo, Norway",,False,True,1810.3,1909.3,0.5015,1780.2,-30.1
2022-11-17,Friendly,2022,Tournament/Friendly,Norway,UEFA,Republic of Ireland,away,2,1,W,,,,,,,,,,,,,,"Dublin, Republic of Ireland",,False,True,1780.2,1734.4,0.4227,1791.8,11.5
2022-11-20,Friendly,2022,Tournament/Friendly,Norway,UEFA,Finland,home,1,1,D,,,,,,,,,,,,,,"Oslo, Norway",,False,True,1791.8,1733.3,0.7134,1787.5,-4.3
2023-03-25,UEFA Euro qualification,2023,Qualification,Norway,UEFA,Spain,away,0,3,L,,,,,,,,,,,,,,"Málaga, Spain",,False,True,1787.5,2058.0,0.1059,1780.1,-7.4
2023-03-28,UEFA Euro qualification,2023,Qualification,Norway,UEFA,Georgia,away,1,1,D,,,,,,,,,,,,,,"Batumi, Georgia",,False,True,1780.1,1711.6,0.4549,1781.9,1.8
2023-06-17,UEFA Euro qualification,2023,Qualification,Norway,UEFA,Scotland,home,1,2,L,,,,,,,,,,,,,,"Oslo, Norway",,False,True,1781.9,1844.3,0.5539,1759.8,-22.2
2023-06-20,UEFA Euro qualification,2023,Qualification,Norway,UEFA,Cyprus,home,3,1,W,,,,,,,,,,,,,,"Oslo, Norway",,False,True,1759.8,1396.3,0.9351,1763.6,3.9
2023-09-07,Friendly,2023,Tournament/Friendly,Norway,UEFA,Jordan,home,6,0,W,,,,,,,,,,,,,,"Oslo, Norway",,False,True,1763.6,1704.2,0.7146,1775.8,12.1
2023-09-12,UEFA Euro qualification,2023,Qualification,Norway,UEFA,Georgia,home,2,1,W,,,,,,,,,,,,,,"Oslo, Norway",,False,True,1775.8,1690.1,0.7444,1786.0,10.2
2023-10-12,UEFA Euro qualification,2023,Qualification,Norway,UEFA,Cyprus,away,4,0,W,,,,,,,,,,,,,,"Larnaca, Cyprus",,False,True,1786.0,1384.5,0.8501,1797.2,11.2
2023-10-15,UEFA Euro qualification,2023,Qualification,Norway,UEFA,Spain,home,0,1,L,,,,,,,,,,,,,,"Oslo, Norway",,False,True,1797.2,2070.8,0.2691,1786.5,-10.8
2023-11-16,Friendly,2023,Tournament/Friendly,Norway,UEFA,Faroe Islands,home,2,0,W,,,,,,,,,,,,,,"Oslo, Norway",,False,True,1786.5,1294.4,0.968,1787.4,1.0
2023-11-19,UEFA Euro qualification,2023,Qualification,Norway,UEFA,Scotland,away,3,3,D,,,,,,,,,,,,,,"Glasgow, Scotland",,False,True,1787.4,1857.0,0.2737,1796.5,9.1
2024-03-22,Friendly,2024,Tournament/Friendly,Norway,UEFA,Czech Republic,home,1,2,L,,,,,,,,,,,,,,"Oslo, Norway",,False,True,1796.5,1807.2,0.6258,1784.0,-12.5
2024-03-26,Friendly,2024,Tournament/Friendly,Norway,UEFA,Slovakia,home,1,1,D,,,,,,,,,,,,,,"Oslo, Norway",,False,True,1784.0,1698.7,0.744,1779.1,-4.9
2024-06-05,Friendly,2024,Tournament/Friendly,Norway,UEFA,Kosovo,home,3,0,W,,,,,,,,,,,,,,"Oslo, Norway",,False,True,1779.1,1567.0,0.8577,1784.1,5.0
2024-06-08,Friendly,2024,Tournament/Friendly,Norway,UEFA,Denmark,away,1,3,L,,,,,,,,,,,,,,"Brondbyvester, Denmark",,False,True,1784.1,1878.9,0.2457,1776.7,-7.4
2024-09-06,UEFA Nations League,2024,Tournament/Friendly,Norway,UEFA,Kazakhstan,away,0,0,D,,,,,,,,,,,,,,"Almaty, Kazakhstan",,False,True,1776.7,1511.6,0.7212,1767.9,-8.8
2024-09-09,UEFA Nations League,2024,Tournament/Friendly,Norway,UEFA,Austria,home,2,1,W,,,,,,,,,,,,,,"Oslo, Norway",,False,True,1767.9,1927.5,0.415,1791.3,23.4
2024-10-10,UEFA Nations League,2024,Tournament/Friendly,Norway,UEFA,Slovenia,home,3,0,W,,,,,,,,,,,,,,"Oslo, Norway",,False,True,1791.3,1830.3,0.5868,1820.2,28.9
2024-10-13,UEFA Nations League,2024,Tournament/Friendly,Norway,UEFA,Austria,away,1,5,L,,,,,,,,,,,,,,"Linz, Austria",,False,True,1820.2,1908.3,0.253,1801.2,-19.0
2024-11-14,UEFA Nations League,2024,Tournament/Friendly,Norway,UEFA,Slovenia,away,4,1,W,,,,,,,,,,,,,,"Ljubljana, Slovenia",,False,True,1801.2,1811.4,0.3466,1847.0,45.7
2024-11-17,UEFA Nations League,2024,Tournament/Friendly,Norway,UEFA,Kazakhstan,home,5,0,W,,,,,,,,,,,,,,"Oslo, Norway",,False,True,1847.0,1492.1,0.932,1852.4,5.4
2025-03-22,FIFA World Cup qualification,2025,Qualification,Norway,UEFA,Moldova,away,5,0,W,,,,,,,,,,,,,,"Chișinău, Moldova",,False,True,1852.4,1406.1,0.8801,1862.0,9.6
2025-03-25,FIFA World Cup qualification,2025,Qualification,Norway,UEFA,Israel,neutral,4,2,W,,,,,,,,,,,,,,"Debrecen, Hungary",,True,True,1862.0,1661.4,0.7604,1876.4,14.4
2025-06-06,FIFA World Cup qualification,2025,Qualification,Norway,UEFA,Italy,home,3,0,W,,,,,,,,,,,,,,"Oslo, Norway",,False,True,1876.4,1974.7,0.5024,1911.2,34.8
2025-06-09,FIFA World Cup qualification,2025,Qualification,Norway,UEFA,Estonia,away,1,0,W,,,,,,,,,,,,,,"Tallinn, Estonia",,False,True,1911.2,1426.3,0.9017,1915.1,3.9
2025-09-04,Friendly,2025,Tournament/Friendly,Norway,UEFA,Finland,home,1,0,W,,,,,,,,,,,,,,"Oslo, Norway",,False,True,1915.1,1609.4,0.9118,1916.9,1.8
2025-09-09,FIFA World Cup qualification,2025,Qualification,Norway,UEFA,Moldova,home,11,1,W,,,,,,,,,,,,,,"Oslo, Norway",,False,True,1916.9,1352.2,0.9787,1919.1,2.2
2025-10-11,FIFA World Cup qualification,2025,Qualification,Norway,UEFA,Israel,home,5,0,W,,,,,,,,,,,,,,"Oslo, Norway",,False,True,1919.1,1689.8,0.8694,1929.6,10.4
2025-10-14,Friendly,2025,Tournament/Friendly,Norway,UEFA,New Zealand,home,1,1,D,,,,,,,,,,,,,,"Oslo, Norway",,False,True,1929.6,1759.0,0.826,1923.1,-6.5
2025-11-13,FIFA World Cup qualification,2025,Qualification,Norway,UEFA,Estonia,home,4,1,W,,,,,,,,,,,,,,"Oslo, Norway",,False,True,1923.1,1399.0,0.9732,1924.9,1.9
2025-11-16,FIFA World Cup qualification,2025,Qualification,Norway,UEFA,Italy,away,4,1,W,,,,,,,,,,,,,,"Milan, Italy",,False,True,1924.9,1965.9,0.3076,1973.4,48.5
2026-03-27,Friendly,2026,Tournament/Friendly,Norway,UEFA,Netherlands,away,1,2,L,,,,,,,,,,,,,,"Amsterdam, Netherlands",,False,True,1973.4,2016.4,0.3051,1967.3,-6.1
2026-03-31,Friendly,2026,Tournament/Friendly,Norway,UEFA,Switzerland,home,0,0,D,,,,,,,,,,,,,,"Oslo, Norway",,False,True,1967.3,1945.8,0.6681,1963.9,-3.4
2026-06-01,Friendly,2026,Tournament/Friendly,Norway,UEFA,Sweden,home,3,1,W,,,,,,,,,,,,,,"Oslo, Norway",,False,True,1963.9,1775.0,0.8406,1968.7,4.8
2026-06-07,Friendly,2026,Tournament/Friendly,Norway,UEFA,Morocco,neutral,1,1,D,,,,,,,,,,,,,,"Harrison, United States",,True,True,1968.7,1984.6,0.4771,1969.2,0.5
2022-01-16,Friendly,2022,Tournament/Friendly,Panama,CONCACAF,Peru,away,1,1,D,,,,,,,,,,,,,,"Lima, Peru",,False,True,1745.3,1899.9,0.1876,1751.6,6.2
2022-01-27,FIFA World Cup qualification,2022,Qualification,Panama,CONCACAF,Costa Rica,away,0,1,L,,,,,,,,,,,,,,"San José, Costa Rica",,False,True,1751.6,1733.7,0.384,1736.2,-15.4
2022-01-30,FIFA World Cup qualification,2022,Qualification,Panama,CONCACAF,Jamaica,home,3,2,W,,,,,,,,,,,,,,"Panama City, Panama",,False,True,1736.2,1692.8,0.6955,1748.4,12.2
2022-02-02,FIFA World Cup qualification,2022,Qualification,Panama,CONCACAF,Mexico,away,0,1,L,,,,,,,,,,,,,,"Mexico City, Mexico",,False,True,1748.4,1942.2,0.1556,1742.2,-6.2
2022-03-24,FIFA World Cup qualification,2022,Qualification,Panama,CONCACAF,Honduras,home,1,1,D,,,,,,,,,,,,,,"Panama City, Panama",,False,True,1742.2,1553.4,0.8406,1728.5,-13.6
2022-03-27,FIFA World Cup qualification,2022,Qualification,Panama,CONCACAF,USA,away,1,5,L,,,,,,,,,,,,,,"Orlando, United States",,False,True,1728.5,1955.2,0.1323,1718.6,-9.9
2022-03-30,FIFA World Cup qualification,2022,Qualification,Panama,CONCACAF,Canada,home,1,0,W,,,,,,,,,,,,,,"Panama City, Panama",,False,True,1718.6,1947.8,0.3222,1745.7,27.1
2022-06-02,CONCACAF Nations League,2022,Tournament/Friendly,Panama,CONCACAF,Costa Rica,home,2,0,W,,,,,,,,,,,,,,"Panama City, Panama",,False,True,1745.7,1859.2,0.4807,1776.9,31.2
2022-06-09,CONCACAF Nations League,2022,Tournament/Friendly,Panama,CONCACAF,Martinique,home,5,0,W,,,,,,,,,,,,,,"Panama City, Panama",,False,True,1776.9,1532.3,0.8791,1786.6,9.7
2022-06-11,Friendly,2022,Tournament/Friendly,Panama,CONCACAF,Uruguay,away,0,5,L,,,,,,,,,,,,,,"Montevideo, Uruguay",,False,True,1786.6,2003.8,0.1387,1781.0,-5.5
2022-06-12,CONCACAF Nations League,2022,Tournament/Friendly,Panama,CONCACAF,Martinique,away,0,0,D,,,,,,,,,,,,,,"Fort-de-France, Martinique",,False,True,1781.0,1522.6,0.7134,1772.5,-8.5
2022-09-27,Friendly,2022,Tournament/Friendly,Panama,CONCACAF,Bahrain,away,2,0,W,,,,,,,,,,,,,,"Riffa, Bahrain",,False,True,1772.5,1642.4,0.5432,1786.2,13.7
2022-11-07,Friendly,2022,Tournament/Friendly,Panama,CONCACAF,Qatar,neutral,1,2,L,,,,,,,,,,,,,,"Marbella, Spain",,True,True,1786.2,1768.4,0.5255,1775.7,-10.5
2022-11-10,Friendly,2022,Tournament/Friendly,Panama,CONCACAF,Saudi Arabia,neutral,1,1,D,,,,,,,,,,,,,,"Abu Dhabi, United Arab Emirates",,True,True,1775.7,1756.3,0.5279,1775.1,-0.6
2022-11-15,Friendly,2022,Tournament/Friendly,Panama,CONCACAF,Venezuela,neutral,2,2,D,,,,,,,,,,,,,,"Al Hamriyah, United Arab Emirates",,True,True,1775.1,1748.9,0.5376,1774.4,-0.8
2022-11-18,Friendly,2022,Tournament/Friendly,Panama,CONCACAF,Cameroon,neutral,1,1,D,,,,,,,,,,,,,,"Abu Dhabi, United Arab Emirates",,True,True,1774.4,1716.7,0.5823,1772.7,-1.6
2023-03-12,Friendly,2023,Tournament/Friendly,Panama,CONCACAF,Guatemala,neutral,1,1,D,,,,,,,,,,,,,,"San Jose, United States",,True,True,1772.7,1599.4,0.7306,1768.1,-4.6
2023-03-23,Friendly,2023,Tournament/Friendly,Panama,CONCACAF,Argentina,away,0,2,L,,,,,,,,,,,,,,"Buenos Aires, Argentina",,False,True,1768.1,2202.7,0.044,1766.8,-1.3
2023-03-28,CONCACAF Nations League,2023,Tournament/Friendly,Panama,CONCACAF,Costa Rica,away,1,0,W,,,,,,,,,,,,,,"San José, Costa Rica",,False,True,1766.8,1854.2,0.2538,1796.6,29.8
2023-06-10,Friendly,2023,Tournament/Friendly,Panama,CONCACAF,Nicaragua,home,3,2,W,,,,,,,,,,,,,,"Penonomé, Panama",,False,True,1796.6,1455.1,0.927,1798.1,1.5
2023-06-15,CONCACAF Nations League,2023,Tournament/Friendly,Panama,CONCACAF,Canada,neutral,0,2,L,,,,,,,,,,,,,,"Las Vegas, United States",,True,True,1798.1,1842.3,0.4366,1771.9,-26.2
2023-06-18,CONCACAF Nations League,2023,Tournament/Friendly,Panama,CONCACAF,Mexico,neutral,0,1,L,,,,,,,,,,,,,,"Las Vegas, United States",,True,True,1771.9,1877.4,0.3527,1757.8,-14.1
2023-06-26,Gold Cup,2023,Tournament/Friendly,Panama,CONCACAF,Costa Rica,neutral,2,1,W,,,,,,,,,,,,,,"Fort Lauderdale, United States",,True,True,1757.8,1791.9,0.451,1785.2,27.4
2023-06-30,Gold Cup,2023,Tournament/Friendly,Panama,CONCACAF,Martinique,neutral,2,1,W,,,,,,,,,,,,,,"Harrison, United States",,True,True,1785.2,1579.4,0.7658,1796.9,11.7
2023-07-04,Gold Cup,2023,Tournament/Friendly,Panama,CONCACAF,El Salvador,neutral,2,2,D,,,,,,,,,,,,,,"Houston, United States",,True,True,1796.9,1577.5,0.7795,1783.0,-14.0
2023-07-08,Gold Cup,2023,Tournament/Friendly,Panama,CONCACAF,Qatar,neutral,4,0,W,,,,,,,,,,,,,,"Arlington, United States",,True,True,1783.0,1680.6,0.6431,1816.4,33.5
2023-07-12,Gold Cup,2023,Tournament/Friendly,Panama,CONCACAF,USA,away,1,1,D,,,,,,,,,,,,,,"San Diego, United States",,False,True,1816.4,1918.1,0.2385,1829.5,13.1
2023-07-16,Gold Cup,2023,Tournament/Friendly,Panama,CONCACAF,Mexico,neutral,0,1,L,,,,,,,,,,,,,,"Inglewood, United States",,True,True,1829.5,1932.7,0.3557,1811.7,-17.8
2023-08-27,Friendly,2023,Tournament/Friendly,Panama,CONCACAF,Bolivia,away,2,1,W,,,,,,,,,,,,,,"Cochabamba, Bolivia",,False,True,1811.7,1681.7,0.5431,1820.8,9.1
2023-09-07,CONCACAF Nations League,2023,Tournament/Friendly,Panama,CONCACAF,Martinique,home,3,0,W,,,,,,,,,,,,,,"Panama City, Panama",,False,True,1820.8,1548.4,0.8951,1828.2,7.3
2023-09-10,CONCACAF Nations League,2023,Tournament/Friendly,Panama,CONCACAF,Guatemala,away,1,1,D,,,,,,,,,,,,,,"Guatemala City, Guatemala",,False,True,1828.2,1663.7,0.5918,1824.5,-3.7
2023-10-13,CONCACAF Nations League,2023,Tournament/Friendly,Panama,CONCACAF,Curaçao,away,2,1,W,,,,,,,,,,,,,,"Willemstad, Curaçao",,False,True,1824.5,1483.9,0.7998,1832.5,8.0
2023-10-17,CONCACAF Nations League,2023,Tournament/Friendly,Panama,CONCACAF,Guatemala,home,3,0,W,,,,,,,,,,,,,,"Panama City, Panama",,False,True,1832.5,1648.2,0.8371,1843.9,11.4
2023-11-16,CONCACAF Nations League,2023,Tournament/Friendly,Panama,CONCACAF,Costa Rica,away,3,0,W,,,,,,,,,,,,,,"San José, Costa Rica",,False,True,1843.9,1732.1,0.517,1877.7,33.8
2023-11-20,CONCACAF Nations League,2023,Tournament/Friendly,Panama,CONCACAF,Costa Rica,home,3,1,W,,,,,,,,,,,,,,"Panama City, Panama",,False,True,1877.7,1698.3,0.8332,1887.8,10.0
2024-03-21,CONCACAF Nations League,2024,Tournament/Friendly,Panama,CONCACAF,Mexico,neutral,0,3,L,,,,,,,,,,,,,,"Arlington, United States",,True,True,1887.8,1902.7,0.4785,1854.3,-33.5
2024-03-24,CONCACAF Nations League,2024,Tournament/Friendly,Panama,CONCACAF,Jamaica,neutral,0,1,L,,,,,,,,,,,,,,"Arlington, United States",,True,True,1854.3,1741.7,0.6565,1828.0,-26.3
2024-05-21,Friendly,2024,Tournament/Friendly,Panama,CONCACAF,Galicia,away,2,0,W,,,,,,,,,,,,,,"Vigo, Spain",,False,True,1828.0,1534.6,0.7527,1835.4,7.4
2024-06-06,FIFA World Cup qualification,2024,Qualification,Panama,CONCACAF,Guyana,home,2,0,W,,,,,,,,,,,,,,"Panama City, Panama",,False,True,1835.4,1468.0,0.9365,1839.2,3.8
2024-06-09,FIFA World Cup qualification,2024,Qualification,Panama,CONCACAF,Montserrat,neutral,3,1,W,,,,,,,,,,,,,,"Managua, Nicaragua",,True,True,1839.2,1293.6,0.9585,1841.7,2.5
2024-06-16,Friendly,2024,Tournament/Friendly,Panama,CONCACAF,Paraguay,home,0,1,L,,,,,,,,,,,,,,"Panama City, Panama",,False,True,1841.7,1769.9,0.7288,1827.1,-14.6
2024-06-23,Copa América,2024,Tournament/Friendly,Panama,CONCACAF,Uruguay,neutral,1,3,L,,,,,,,,,,,,,,"Miami Gardens, United States",,True,True,1827.1,2064.3,0.2034,1811.9,-15.3
2024-06-27,Copa América,2024,Tournament/Friendly,Panama,CONCACAF,USA,away,2,1,W,,,,,,,,,,,,,,"Atlanta, United States",,False,True,1811.9,1900.2,0.2527,1849.2,37.4
2024-07-01,Copa América,2024,Tournament/Friendly,Panama,CONCACAF,Bolivia,neutral,3,1,W,,,,,,,,,,,,,,"Orlando, United States",,True,True,1849.2,1647.3,0.7617,1867.1,17.9
2024-07-06,Copa América,2024,Tournament/Friendly,Panama,CONCACAF,Colombia,neutral,0,5,L,,,,,,,,,,,,,,"Glendale, United States",,True,True,1867.1,2101.6,0.2059,1846.5,-20.6
2024-10-12,Friendly,2024,Tournament/Friendly,Panama,CONCACAF,USA,away,0,2,L,,,,,,,,,,,,,,"Austin, United States",,False,True,1846.5,1828.9,0.3837,1835.0,-11.5
2024-10-15,Friendly,2024,Tournament/Friendly,Panama,CONCACAF,Canada,away,1,2,L,,,,,,,,,,,,,,"Toronto, Canada",,False,True,1835.0,1872.1,0.3123,1828.8,-6.2
2024-11-14,CONCACAF Nations League,2024,Tournament/Friendly,Panama,CONCACAF,Costa Rica,away,1,0,W,,,,,,,,,,,,,,"San José, Costa Rica",,False,True,1828.8,1784.2,0.4208,1851.9,23.2
2024-11-18,CONCACAF Nations League,2024,Tournament/Friendly,Panama,CONCACAF,Costa Rica,home,2,2,D,,,,,,,,,,,,,,"Panama City, Panama",,False,True,1851.9,1761.1,0.75,1841.9,-10.0
2025-02-08,Friendly,2025,Tournament/Friendly,Panama,CONCACAF,Chile,away,1,6,L,,,,,,,,,,,,,,"Santiago, Chile",,False,True,1841.9,1794.5,0.425,1824.9,-17.0
2025-03-20,CONCACAF Nations League,2025,Tournament/Friendly,Panama,CONCACAF,USA,away,1,0,W,,,,,,,,,,,,,,"Inglewood, United States",,False,True,1824.9,1881.9,0.2883,1853.4,28.5
2025-03-23,CONCACAF Nations League,2025,Tournament/Friendly,Panama,CONCACAF,Mexico,neutral,1,2,L,,,,,,,,,,,,,,"Inglewood, United States",,True,True,1853.4,1910.3,0.4188,1836.6,-16.8
2025-06-07,FIFA World Cup qualification,2025,Qualification,Panama,CONCACAF,Belize,away,2,0,W,,,,,,,,,,,,,,"Belmopan, Belize",,False,True,1836.6,1266.5,0.9374,1840.4,3.8
2025-06-10,FIFA World Cup qualification,2025,Qualification,Panama,CONCACAF,Nicaragua,home,3,0,W,,,,,,,,,,,,,,"Panama City, Panama",,False,True,1840.4,1515.2,0.9204,1846.0,5.6
2025-06-16,Gold Cup,2025,Tournament/Friendly,Panama,CONCACAF,Guadeloupe,neutral,5,2,W,,,,,,,,,,,,,,"Carson, United States",,True,True,1846.0,1565.7,0.8339,1860.5,14.5
2025-06-20,Gold Cup,2025,Tournament/Friendly,Panama,CONCACAF,Guatemala,neutral,1,0,W,,,,,,,,,,,,,,"Austin, United States",,True,True,1860.5,1661.7,0.7585,1872.6,12.1
2025-06-24,Gold Cup,2025,Tournament/Friendly,Panama,CONCACAF,Jamaica,neutral,4,1,W,,,,,,,,,,,,,,"Austin, United States",,True,True,1872.6,1707.1,0.7217,1896.9,24.4
2025-06-28,Gold Cup,2025,Tournament/Friendly,Panama,CONCACAF,Honduras,neutral,1,1,D,,,,,,,,,,,,,,"Glendale, United States",,True,True,1896.9,1722.5,0.7319,1885.3,-11.6
2025-09-04,FIFA World Cup qualification,2025,Qualification,Panama,CONCACAF,Suriname,away,0,0,D,,,,,,,,,,,,,,"Paramaribo, Suriname",,False,True,1885.3,1554.7,0.7904,1873.7,-11.6
2025-09-08,FIFA World Cup qualification,2025,Qualification,Panama,CONCACAF,Guatemala,home,1,1,D,,,,,,,,,,,,,,"Panama City, Panama",,False,True,1873.7,1638.6,0.8732,1858.8,-14.9
2025-10-10,FIFA World Cup qualification,2025,Qualification,Panama,CONCACAF,El Salvador,away,1,0,W,,,,,,,,,,,,,,"San Salvador, El Salvador",,False,True,1858.8,1520.4,0.7977,1866.9,8.1
2025-10-14,FIFA World Cup qualification,2025,Qualification,Panama,CONCACAF,Suriname,home,1,1,D,,,,,,,,,,,,,,"Panama City, Panama",,False,True,1866.9,1588.7,0.8982,1851.0,-15.9
2025-11-13,FIFA World Cup qualification,2025,Qualification,Panama,CONCACAF,Guatemala,away,3,2,W,,,,,,,,,,,,,,"Guatemala City, Guatemala",,False,True,1851.0,1673.2,0.6101,1866.6,15.6
2025-11-18,FIFA World Cup qualification,2025,Qualification,Panama,CONCACAF,El Salvador,home,3,0,W,,,,,,,,,,,,,,"Panama City, Panama",,False,True,1866.6,1477.6,0.9435,1870.5,4.0
2026-01-18,Friendly,2026,Tournament/Friendly,Panama,CONCACAF,Bolivia,away,1,1,D,,,,,,,,,,,,,,"Tarija, Bolivia",,False,True,1870.5,1758.1,0.5179,1870.2,-0.4
2026-01-22,Friendly,2026,Tournament/Friendly,Panama,CONCACAF,Mexico,home,0,1,L,,,,,,,,,,,,,,"Panama City, Panama",,False,True,1870.2,1943.8,0.5379,1859.4,-10.8
2026-03-27,Friendly,2026,Tournament/Friendly,Panama,CONCACAF,South Africa,away,1,1,D,,,,,,,,,,,,,,"Durban, South Africa",,False,True,1859.4,1664.0,0.6339,1856.7,-2.7
2026-03-31,Friendly,2026,Tournament/Friendly,Panama,CONCACAF,South Africa,away,2,1,W,,,,,,,,,,,,,,"Cape Town, South Africa",,False,True,1856.7,1666.7,0.6267,1864.2,7.5
2026-05-31,Friendly,2026,Tournament/Friendly,Panama,CONCACAF,Brazil,away,2,6,L,,,,,,,,,,,,,,"Rio de Janeiro, Brazil",,False,True,1864.2,2063.5,0.1515,1858.5,-5.7
2026-06-03,Friendly,2026,Tournament/Friendly,Panama,CONCACAF,Dominican Republic,home,4,2,W,,,,,,,,,,,,,,"Panama City, Panama",,False,True,1858.5,1478.9,0.9405,1860.3,1.8
2026-06-06,Friendly,2026,Tournament/Friendly,Panama,CONCACAF,Bosnia & Herzegovina,neutral,1,1,D,,,,,,,,,,,,,,"St. Louis, United States",,True,True,1860.3,1643.8,0.7767,1854.8,-5.5
2022-01-27,FIFA World Cup qualification,2022,Qualification,Paraguay,CONMEBOL,Uruguay,home,0,1,L,,,,,,,,,,,,,,"Asunción, Paraguay",,False,True,1792.6,1911.3,0.4731,1773.7,-18.9
2022-02-01,FIFA World Cup qualification,2022,Qualification,Paraguay,CONMEBOL,Brazil,away,0,4,L,,,,,,,,,,,,,,"Belo Horizonte, Brazil",,False,True,1773.7,2197.8,0.0467,1770.2,-3.5
2022-03-24,FIFA World Cup qualification,2022,Qualification,Paraguay,CONMEBOL,Ecuador,home,3,1,W,,,,,,,,,,,,,,"Ciudad del Este, Paraguay",,False,True,1770.2,1931.7,0.4123,1805.4,35.3
2022-03-29,FIFA World Cup qualification,2022,Qualification,Paraguay,CONMEBOL,Peru,away,0,2,L,,,,,,,,,,,,,,"Lima, Peru",,False,True,1805.4,1909.5,0.236,1791.3,-14.2
2022-06-02,Friendly,2022,Tournament/Friendly,Paraguay,CONMEBOL,Japan,away,1,4,L,,,,,,,,,,,,,,"Sapporo, Japan",,False,True,1791.3,1899.3,0.2319,1783.1,-8.1
2022-06-10,Friendly,2022,Tournament/Friendly,Paraguay,CONMEBOL,South Korea,away,2,2,D,,,,,,,,,,,,,,"Suwon, South Korea",,False,True,1783.1,1895.3,0.2277,1788.6,5.4
2022-08-31,Friendly,2022,Tournament/Friendly,Paraguay,CONMEBOL,Mexico,neutral,1,0,W,,,,,,,,,,,,,,"Atlanta, United States",,True,True,1788.6,1929.5,0.3077,1802.4,13.8
2022-09-23,Friendly,2022,Tournament/Friendly,Paraguay,CONMEBOL,United Arab Emirates,neutral,1,0,W,,,,,,,,,,,,,,"Wiener Neustadt, Austria",,True,True,1802.4,1629.8,0.7299,1807.8,5.4
2022-09-27,Friendly,2022,Tournament/Friendly,Paraguay,CONMEBOL,Morocco,neutral,0,0,D,,,,,,,,,,,,,,"Seville, Spain",,True,True,1807.8,1848.2,0.4422,1809.0,1.2
2022-11-16,Friendly,2022,Tournament/Friendly,Paraguay,CONMEBOL,Peru,away,0,1,L,,,,,,,,,,,,,,"Lima, Peru",,False,True,1809.0,1917.7,0.2312,1804.4,-4.6
2022-11-19,Friendly,2022,Tournament/Friendly,Paraguay,CONMEBOL,Colombia,neutral,0,2,L,,,,,,,,,,,,,,"Fort Lauderdale, United States",,True,True,1804.4,1978.8,0.2681,1796.3,-8.0
2023-03-27,Friendly,2023,Tournament/Friendly,Paraguay,CONMEBOL,Chile,away,2,3,L,,,,,,,,,,,,,,"Santiago, Chile",,False,True,1796.3,1780.6,0.381,1788.7,-7.6
2023-06-18,Friendly,2023,Tournament/Friendly,Paraguay,CONMEBOL,Nicaragua,home,2,0,W,,,,,,,,,,,,,,"Asunción, Paraguay",,False,True,1788.7,1452.8,0.9248,1791.0,2.3
2023-09-07,FIFA World Cup qualification,2023,Qualification,Paraguay,CONMEBOL,Peru,home,0,0,D,,,,,,,,,,,,,,"Ciudad del Este, Paraguay",,False,True,1791.0,1918.1,0.461,1792.5,1.6
2023-09-12,FIFA World Cup qualification,2023,Qualification,Paraguay,CONMEBOL,Venezuela,away,0,1,L,,,,,,,,,,,,,,"Maturín, Venezuela",,False,True,1792.5,1771.2,0.3887,1777.0,-15.5
2023-10-12,FIFA World Cup qualification,2023,Qualification,Paraguay,CONMEBOL,Argentina,away,0,1,L,,,,,,,,,,,,,,"Buenos Aires, Argentina",,False,True,1777.0,2218.1,0.0425,1775.3,-1.7
2023-10-17,FIFA World Cup qualification,2023,Qualification,Paraguay,CONMEBOL,Bolivia,home,1,0,W,,,,,,,,,,,,,,"Asunción, Paraguay",,False,True,1775.3,1654.6,0.7808,1784.0,8.8
2023-11-16,FIFA World Cup qualification,2023,Qualification,Paraguay,CONMEBOL,Chile,away,0,0,D,,,,,,,,,,,,,,"Santiago, Chile",,False,True,1784.0,1796.0,0.3442,1790.3,6.2
2023-11-21,FIFA World Cup qualification,2023,Qualification,Paraguay,CONMEBOL,Colombia,home,0,1,L,,,,,,,,,,,,,,"Asunción, Paraguay",,False,True,1790.3,2033.9,0.3044,1778.1,-12.2
2024-06-07,Friendly,2024,Tournament/Friendly,Paraguay,CONMEBOL,Peru,away,0,0,D,,,,,,,,,,,,,,"Lima, Peru",,False,True,1778.1,1821.5,0.3045,1782.0,3.9
2024-06-11,Friendly,2024,Tournament/Friendly,Paraguay,CONMEBOL,Chile,away,0,3,L,,,,,,,,,,,,,,"Santiago, Chile",,False,True,1782.0,1793.7,0.3446,1769.9,-12.1
2024-06-16,Friendly,2024,Tournament/Friendly,Paraguay,CONMEBOL,Panama,away,1,0,W,,,,,,,,,,,,,,"Panama City, Panama",,False,True,1769.9,1841.7,0.2712,1784.5,14.6
2024-06-24,Copa América,2024,Tournament/Friendly,Paraguay,CONMEBOL,Colombia,neutral,1,2,L,,,,,,,,,,,,,,"Houston, United States",,True,True,1784.5,2084.1,0.1513,1777.0,-7.6
2024-06-28,Copa América,2024,Tournament/Friendly,Paraguay,CONMEBOL,Brazil,neutral,1,4,L,,,,,,,,,,,,,,"Las Vegas, United States",,True,True,1777.0,2075.8,0.1518,1763.7,-13.3
2024-07-02,Copa América,2024,Tournament/Friendly,Paraguay,CONMEBOL,Costa Rica,neutral,1,2,L,,,,,,,,,,,,,,"Austin, United States",,True,True,1763.7,1742.6,0.5303,1737.2,-26.5
2024-09-06,FIFA World Cup qualification,2024,Qualification,Paraguay,CONMEBOL,Uruguay,away,0,0,D,,,,,,,,,,,,,,"Montevideo, Uruguay",,False,True,1737.2,2056.0,0.0823,1753.9,16.7
2024-09-10,FIFA World Cup qualification,2024,Qualification,Paraguay,CONMEBOL,Brazil,home,1,0,W,,,,,,,,,,,,,,"Asunción, Paraguay",,False,True,1753.9,2099.3,0.1958,1786.0,32.2
2024-10-10,FIFA World Cup qualification,2024,Qualification,Paraguay,CONMEBOL,Ecuador,away,0,0,D,,,,,,,,,,,,,,"Quito, Ecuador",,False,True,1786.0,1955.3,0.1751,1799.0,13.0
2024-10-15,FIFA World Cup qualification,2024,Qualification,Paraguay,CONMEBOL,Venezuela,home,2,1,W,,,,,,,,,,,,,,"Asunción, Paraguay",,False,True,1799.0,1872.2,0.5385,1817.5,18.5
2024-11-14,FIFA World Cup qualification,2024,Qualification,Paraguay,CONMEBOL,Argentina,home,2,1,W,,,,,,,,,,,,,,"Asunción, Paraguay",,False,True,1817.5,2210.4,0.1562,1851.2,33.8
2024-11-19,FIFA World Cup qualification,2024,Qualification,Paraguay,CONMEBOL,Bolivia,away,2,2,D,,,,,,,,,,,,,,"El Alto, Bolivia",,False,True,1851.2,1736.1,0.5218,1850.4,-0.9
2025-03-20,FIFA World Cup qualification,2025,Qualification,Paraguay,CONMEBOL,Chile,home,1,0,W,,,,,,,,,,,,,,"Asunción, Paraguay",,False,True,1850.4,1811.5,0.6899,1862.8,12.4
2025-03-25,FIFA World Cup qualification,2025,Qualification,Paraguay,CONMEBOL,Colombia,away,2,2,D,,,,,,,,,,,,,,"Barranquilla, Colombia",,False,True,1862.8,2041.2,0.1676,1876.1,13.3
2025-06-05,FIFA World Cup qualification,2025,Qualification,Paraguay,CONMEBOL,Uruguay,home,2,0,W,,,,,,,,,,,,,,"Asunción, Paraguay",,False,True,1876.1,2000.1,0.4655,1908.1,32.1
2025-06-10,FIFA World Cup qualification,2025,Qualification,Paraguay,CONMEBOL,Brazil,away,0,1,L,,,,,,,,,,,,,,"São Paulo, Brazil",,False,True,1908.1,2069.0,0.1822,1900.9,-7.3
2025-09-04,FIFA World Cup qualification,2025,Qualification,Paraguay,CONMEBOL,Ecuador,home,0,0,D,,,,,,,,,,,,,,"Asunción, Paraguay",,False,True,1900.9,1989.0,0.517,1900.2,-0.7
2025-09-09,FIFA World Cup qualification,2025,Qualification,Paraguay,CONMEBOL,Peru,away,1,0,W,,,,,,,,,,,,,,"Lima, Peru",,False,True,1900.2,1809.7,0.4863,1920.7,20.5
2025-10-10,Kirin Cup,2025,Tournament/Friendly,Paraguay,CONMEBOL,Japan,away,2,2,D,,,,,,,,,,,,,,"Osaka, Japan",,False,True,1920.7,1945.8,0.3274,1924.2,3.5
2025-10-14,Friendly,2025,Tournament/Friendly,Paraguay,CONMEBOL,South Korea,away,0,2,L,,,,,,,,,,,,,,"Seoul, South Korea",,False,True,1924.2,1884.5,0.414,1911.8,-12.4
2025-11-15,Friendly,2025,Tournament/Friendly,Paraguay,CONMEBOL,USA,away,1,2,L,,,,,,,,,,,,,,"Chester, United States",,False,True,1911.8,1824.1,0.4823,1902.1,-9.6
2025-11-18,Friendly,2025,Tournament/Friendly,Paraguay,CONMEBOL,Mexico,neutral,2,1,W,,,,,,,,,,,,,,"San Antonio, United States",,True,True,1902.1,1955.3,0.424,1913.6,11.5
2026-03-27,Friendly,2026,Tournament/Friendly,Paraguay,CONMEBOL,Greece,away,1,0,W,,,,,,,,,,,,,,"Athens, Greece",,False,True,1913.6,1817.6,0.4943,1923.7,10.1
2026-03-31,Friendly,2026,Tournament/Friendly,Paraguay,CONMEBOL,Morocco,neutral,1,2,L,,,,,,,,,,,,,,"Lens, France",,True,True,1923.7,1973.8,0.4285,1915.2,-8.6
2026-06-05,Friendly,2026,Tournament/Friendly,Paraguay,CONMEBOL,Nicaragua,home,4,0,W,,,,,,,,,,,,,,"Asunción, Paraguay",,False,True,1915.2,1506.0,0.9494,1917.1,1.9
2022-03-24,FIFA World Cup qualification,2022,Qualification,Portugal,UEFA,Turkey,home,3,1,W,,,,,,,,,,,,,,"Porto, Portugal",,False,True,2017.2,1773.5,0.8785,2024.4,7.3
2022-03-29,FIFA World Cup qualification,2022,Qualification,Portugal,UEFA,North Macedonia,home,2,0,W,,,,,,,,,,,,,,"Porto, Portugal",,False,True,2024.4,1721.1,0.9107,2029.8,5.4
2022-06-02,UEFA Nations League,2022,Tournament/Friendly,Portugal,UEFA,Spain,away,1,1,D,,,,,,,,,,,,,,"Seville, Spain",,False,True,2029.8,2085.1,0.2902,2038.2,8.4
2022-06-05,UEFA Nations League,2022,Tournament/Friendly,Portugal,UEFA,Switzerland,home,4,0,W,,,,,,,,,,,,,,"Lisbon, Portugal",,False,True,2038.2,1964.6,0.7309,2058.4,20.2
2022-06-09,UEFA Nations League,2022,Tournament/Friendly,Portugal,UEFA,Czech Republic,home,2,0,W,,,,,,,,,,,,,,"Lisbon, Portugal",,False,True,2058.4,1892.7,0.8219,2069.1,10.7
2022-06-12,UEFA Nations League,2022,Tournament/Friendly,Portugal,UEFA,Switzerland,away,0,1,L,,,,,,,,,,,,,,"Geneva, Switzerland",,False,True,2069.1,1926.0,0.5616,2046.6,-22.5
2022-09-24,UEFA Nations League,2022,Tournament/Friendly,Portugal,UEFA,Czech Republic,away,4,0,W,,,,,,,,,,,,,,"Prague, Czech Republic",,False,True,2046.6,1873.4,0.6039,2076.3,29.7
2022-09-27,UEFA Nations League,2022,Tournament/Friendly,Portugal,UEFA,Spain,home,0,1,L,,,,,,,,,,,,,,"Braga, Portugal",,False,True,2076.3,2066.5,0.6529,2050.2,-26.1
2022-11-17,Friendly,2022,Tournament/Friendly,Portugal,UEFA,Nigeria,home,4,0,W,,,,,,,,,,,,,,"Lisbon, Portugal",,False,True,2050.2,1730.2,0.9182,2053.3,3.1
2022-11-24,FIFA World Cup,2022,Tournament/Friendly,Portugal,UEFA,Ghana,neutral,3,2,W,,,,,,,,,,,,,,"Doha, Qatar",,True,True,2053.3,1678.9,0.8961,2059.5,6.2
2022-11-28,FIFA World Cup,2022,Tournament/Friendly,Portugal,UEFA,Uruguay,neutral,2,0,W,,,,,,,,,,,,,,"Lusail, Qatar",,True,True,2059.5,1997.5,0.5883,2096.5,37.0
2022-12-02,FIFA World Cup,2022,Tournament/Friendly,Portugal,UEFA,South Korea,neutral,1,2,L,,,,,,,,,,,,,,"Al Rayyan, Qatar",,True,True,2096.5,1849.2,0.806,2048.2,-48.4
2022-12-06,FIFA World Cup,2022,Tournament/Friendly,Portugal,UEFA,Switzerland,neutral,6,1,W,,,,,,,,,,,,,,"Lusail, Qatar",,True,True,2048.2,1990.0,0.583,2098.2,50.0
2022-12-10,FIFA World Cup,2022,Tournament/Friendly,Portugal,UEFA,Morocco,neutral,0,1,L,,,,,,,,,,,,,,"Doha, Qatar",,True,True,2098.2,1968.5,0.6785,2057.5,-40.7
2023-03-23,UEFA Euro qualification,2023,Qualification,Portugal,UEFA,Liechtenstein,home,4,0,W,,,,,,,,,,,,,,"Lisbon, Portugal",,False,True,2057.5,1039.1,0.9984,2057.6,0.1
2023-03-26,UEFA Euro qualification,2023,Qualification,Portugal,UEFA,Luxembourg,away,6,0,W,,,,,,,,,,,,,,"Luxembourg, Luxembourg",,False,True,2057.6,1498.6,0.9335,2063.3,5.6
2023-06-17,UEFA Euro qualification,2023,Qualification,Portugal,UEFA,Bosnia & Herzegovina,home,3,0,W,,,,,,,,,,,,,,"Lisbon, Portugal",,False,True,2063.3,1657.2,0.9485,2066.9,3.6
2023-06-20,UEFA Euro qualification,2023,Qualification,Portugal,UEFA,Iceland,away,1,0,W,,,,,,,,,,,,,,"Reykjavík, Iceland",,False,True,2066.9,1558.0,0.9132,2070.4,3.5
2023-09-08,UEFA Euro qualification,2023,Qualification,Portugal,UEFA,Slovakia,away,1,0,W,,,,,,,,,,,,,,"Bratislava, Slovakia",,False,True,2070.4,1667.9,0.8509,2076.3,6.0
2023-09-11,UEFA Euro qualification,2023,Qualification,Portugal,UEFA,Luxembourg,home,9,0,W,,,,,,,,,,,,,,"São João da Venda, Portugal",,False,True,2076.3,1552.2,0.9732,2079.0,2.7
2023-10-13,UEFA Euro qualification,2023,Qualification,Portugal,UEFA,Slovakia,home,3,2,W,,,,,,,,,,,,,,"Porto, Portugal",,False,True,2079.0,1662.9,0.9512,2081.0,2.0
2023-10-16,UEFA Euro qualification,2023,Qualification,Portugal,UEFA,Bosnia & Herzegovina,away,5,0,W,,,,,,,,,,,,,,"Zenica, Bosnia and Herzegovina",,False,True,2081.0,1590.1,0.9046,2088.6,7.6
2023-11-16,UEFA Euro qualification,2023,Qualification,Portugal,UEFA,Liechtenstein,away,2,0,W,,,,,,,,,,,,,,"Vaduz, Liechtenstein",,False,True,2088.6,1020.1,0.9962,2088.8,0.2
2023-11-19,UEFA Euro qualification,2023,Qualification,Portugal,UEFA,Iceland,home,2,0,W,,,,,,,,,,,,,,"Lisbon, Portugal",,False,True,2088.8,1533.4,0.9775,2090.2,1.3
2024-03-21,Friendly,2024,Tournament/Friendly,Portugal,UEFA,Sweden,home,5,2,W,,,,,,,,,,,,,,"Guimarães, Portugal",,False,True,2090.2,1747.5,0.9274,2092.7,2.5
2024-03-26,Friendly,2024,Tournament/Friendly,Portugal,UEFA,Slovenia,away,0,2,L,,,,,,,,,,,,,,"Ljubljana, Slovenia",,False,True,2092.7,1765.1,0.7875,2069.1,-23.6
2024-06-04,Friendly,2024,Tournament/Friendly,Portugal,UEFA,Finland,home,4,2,W,,,,,,,,,,,,,,"Lisbon, Portugal",,False,True,2069.1,1672.4,0.9458,2070.7,1.6
2024-06-08,Friendly,2024,Tournament/Friendly,Portugal,UEFA,Croatia,home,1,2,L,,,,,,,,,,,,,,"Oeiras, Portugal",,False,True,2070.7,2010.9,0.715,2056.4,-14.3
2024-06-11,Friendly,2024,Tournament/Friendly,Portugal,UEFA,Republic of Ireland,home,3,0,W,,,,,,,,,,,,,,"Aveiro, Portugal",,False,True,2056.4,1676.8,0.9405,2058.5,2.1
2024-06-18,UEFA Euro,2024,Tournament/Friendly,Portugal,UEFA,Czech Republic,neutral,2,1,W,,,,,,,,,,,,,,"Leipzig, Germany",,True,True,2058.5,1826.3,0.7919,2068.9,10.4
2024-06-22,UEFA Euro,2024,Tournament/Friendly,Portugal,UEFA,Turkey,neutral,3,0,W,,,,,,,,,,,,,,"Dortmund, Germany",,True,True,2068.9,1829.6,0.7986,2086.5,17.6
2024-06-26,UEFA Euro,2024,Tournament/Friendly,Portugal,UEFA,Georgia,neutral,0,2,L,,,,,,,,,,,,,,"Gelsenkirchen, Germany",,True,True,2086.5,1702.2,0.9014,2018.9,-67.6
2024-07-01,UEFA Euro,2024,Tournament/Friendly,Portugal,UEFA,Slovenia,neutral,0,0,D,,,,,,,,,,,,,,"Frankfurt, Germany",,True,True,2018.9,1810.4,0.7685,2005.5,-13.4
2024-07-05,UEFA Euro,2024,Tournament/Friendly,Portugal,UEFA,France,neutral,0,0,D,,,,,,,,,,,,,,"Hamburg, Germany",,True,True,2005.5,2137.6,0.3185,2014.6,9.1
2024-09-05,UEFA Nations League,2024,Tournament/Friendly,Portugal,UEFA,Croatia,home,2,1,W,,,,,,,,,,,,,,"Lisbon, Portugal",,False,True,2014.6,1971.3,0.6952,2026.7,12.2
2024-09-08,UEFA Nations League,2024,Tournament/Friendly,Portugal,UEFA,Scotland,home,2,1,W,,,,,,,,,,,,,,"Lisbon, Portugal",,False,True,2026.7,1759.6,0.8922,2031.1,4.3
2024-10-12,UEFA Nations League,2024,Tournament/Friendly,Portugal,UEFA,Poland,away,3,1,W,,,,,,,,,,,,,,"Warsaw, Poland",,False,True,2031.1,1802.9,0.6765,2050.5,19.4
2024-10-15,UEFA Nations League,2024,Tournament/Friendly,Portugal,UEFA,Scotland,away,0,0,D,,,,,,,,,,,,,,"Glasgow, Scotland",,False,True,2050.5,1749.6,0.7607,2040.0,-10.4
2024-11-15,UEFA Nations League,2024,Tournament/Friendly,Portugal,UEFA,Poland,home,5,1,W,,,,,,,,,,,,,,"Porto, Portugal",,False,True,2040.0,1788.5,0.8833,2048.8,8.8
2024-11-18,UEFA Nations League,2024,Tournament/Friendly,Portugal,UEFA,Croatia,away,1,1,D,,,,,,,,,,,,,,"Split, Croatia",,False,True,2048.8,1941.5,0.5105,2048.4,-0.4
2025-03-20,UEFA Nations League,2025,Tournament/Friendly,Portugal,UEFA,Denmark,away,0,1,L,,,,,,,,,,,,,,"Copenhagen, Denmark",,False,True,2048.4,1913.8,0.5496,2026.4,-22.0
2025-03-23,UEFA Nations League,2025,Tournament/Friendly,Portugal,UEFA,Denmark,home,5,2,W,,,,,,,,,,,,,,"Lisbon, Portugal",,False,True,2026.4,1935.8,0.7498,2043.9,17.5
2025-06-04,UEFA Nations League,2025,Tournament/Friendly,Portugal,UEFA,Germany,away,2,1,W,,,,,,,,,,,,,,"Munich, Germany",,False,True,2043.9,2045.1,0.3584,2069.6,25.7
2025-06-08,UEFA Nations League,2025,Tournament/Friendly,Portugal,UEFA,Spain,neutral,2,2,D,,,,,,,,,,,,,,"Munich, Germany",,True,True,2069.6,2225.4,0.2897,2078.0,8.4
2025-09-06,FIFA World Cup qualification,2025,Qualification,Portugal,UEFA,Armenia,away,5,0,W,,,,,,,,,,,,,,"Yerevan, Armenia",,False,True,2078.0,1440.2,0.9567,2081.4,3.5
2025-09-09,FIFA World Cup qualification,2025,Qualification,Portugal,UEFA,Hungary,away,3,2,W,,,,,,,,,,,,,,"Budapest, Hungary",,False,True,2081.4,1758.4,0.7831,2090.1,8.7
2025-10-11,FIFA World Cup qualification,2025,Qualification,Portugal,UEFA,Republic of Ireland,home,1,0,W,,,,,,,,,,,,,,"Lisbon, Portugal",,False,True,2090.1,1659.5,0.955,2091.9,1.8
2025-10-14,FIFA World Cup qualification,2025,Qualification,Portugal,UEFA,Hungary,home,2,2,D,,,,,,,,,,,,,,"Lisbon, Portugal",,False,True,2091.9,1755.6,0.9249,2074.9,-17.0
2025-11-13,FIFA World Cup qualification,2025,Qualification,Portugal,UEFA,Republic of Ireland,away,0,2,L,,,,,,,,,,,,,,"Dublin, Republic of Ireland",,False,True,2074.9,1663.8,0.857,2023.5,-51.4
2025-11-16,FIFA World Cup qualification,2025,Qualification,Portugal,UEFA,Armenia,home,9,1,W,,,,,,,,,,,,,,"Porto, Portugal",,False,True,2023.5,1444.1,0.9804,2025.4,1.9
2026-03-28,Friendly,2026,Tournament/Friendly,Portugal,UEFA,Mexico,away,0,0,D,,,,,,,,,,,,,,"Mexico City, Mexico",,False,True,2025.4,1964.6,0.4438,2026.5,1.1
2026-03-31,Friendly,2026,Tournament/Friendly,Portugal,UEFA,USA,away,2,0,W,,,,,,,,,,,,,,"Atlanta, United States",,False,True,2026.5,1835.8,0.6276,2037.7,11.2
2026-06-06,Friendly,2026,Tournament/Friendly,Portugal,UEFA,Chile,home,2,1,W,,,,,,,,,,,,,,"Oeiras, Portugal",,False,True,2037.7,1803.4,0.8726,2040.2,2.5
2026-06-10,Friendly,2026,Tournament/Friendly,Portugal,UEFA,Nigeria,home,2,1,W,,,,,,,,,,,,,,"Leiria, Portugal",,False,True,2040.2,1889.2,0.8092,2044.0,3.8
2022-03-26,Friendly,2022,Tournament/Friendly,Qatar,AFC,Bulgaria,home,2,1,W,,,,,,,,,,,,,,"Al Rayyan, Qatar",,False,True,1765.1,1573.3,0.8429,1768.2,3.1
2022-03-29,Friendly,2022,Tournament/Friendly,Qatar,AFC,Slovenia,home,0,0,D,,,,,,,,,,,,,,"Al Rayyan, Qatar",,False,True,1768.2,1667.1,0.7609,1763.0,-5.2
2022-09-23,Friendly,2022,Tournament/Friendly,Qatar,AFC,Canada,neutral,0,2,L,,,,,,,,,,,,,,"Vienna, Austria",,True,True,1763.0,1892.1,0.3223,1753.3,-9.7
2022-09-27,Friendly,2022,Tournament/Friendly,Qatar,AFC,Chile,neutral,2,2,D,,,,,,,,,,,,,,"Vienna, Austria",,True,True,1753.3,1788.7,0.4493,1754.3,1.0
2022-10-23,Friendly,2022,Tournament/Friendly,Qatar,AFC,Guatemala,neutral,2,0,W,,,,,,,,,,,,,,"Málaga, Spain",,True,True,1754.3,1599.1,0.7096,1763.0,8.7
2022-10-27,Friendly,2022,Tournament/Friendly,Qatar,AFC,Honduras,neutral,1,0,W,,,,,,,,,,,,,,"Marbella, Spain",,True,True,1763.0,1590.3,0.7299,1768.4,5.4
2022-11-07,Friendly,2022,Tournament/Friendly,Qatar,AFC,Panama,neutral,2,1,W,,,,,,,,,,,,,,"Marbella, Spain",,True,True,1768.4,1786.2,0.4745,1779.0,10.5
2022-11-09,Friendly,2022,Tournament/Friendly,Qatar,AFC,Albania,neutral,1,0,W,,,,,,,,,,,,,,"Marbella, Spain",,True,True,1779.0,1590.4,0.7475,1784.0,5.0
2022-11-20,FIFA World Cup,2022,Tournament/Friendly,Qatar,AFC,Ecuador,home,0,2,L,,,,,,,,,,,,,,"Al Khor, Qatar",,False,True,1784.0,1905.1,0.4698,1741.7,-42.3
2022-11-25,FIFA World Cup,2022,Tournament/Friendly,Qatar,AFC,Senegal,home,1,3,L,,,,,,,,,,,,,,"Doha, Qatar",,False,True,1741.7,1797.4,0.5635,1691.0,-50.7
2022-11-29,FIFA World Cup,2022,Tournament/Friendly,Qatar,AFC,Netherlands,home,0,2,L,,,,,,,,,,,,,,"Al Khor, Qatar",,False,True,1691.0,2088.3,0.153,1677.2,-13.8
2023-01-07,Gulf Cup,2023,Tournament/Friendly,Qatar,AFC,Kuwait,neutral,2,0,W,,,,,,,,,,,,,,"Basra, Iraq",,True,True,1677.2,1415.2,0.8188,1685.4,8.2
2023-01-10,Gulf Cup,2023,Tournament/Friendly,Qatar,AFC,Bahrain,neutral,1,2,L,,,,,,,,,,,,,,"Basra, Iraq",,True,True,1685.4,1638.9,0.5665,1668.4,-17.0
2023-01-13,Gulf Cup,2023,Tournament/Friendly,Qatar,AFC,United Arab Emirates,neutral,1,1,D,,,,,,,,,,,,,,"Basra, Iraq",,True,True,1668.4,1578.9,0.626,1664.6,-3.8
2023-01-16,Gulf Cup,2023,Tournament/Friendly,Qatar,AFC,Iraq,away,1,2,L,,,,,,,,,,,,,,"Basra, Iraq",,False,True,1664.6,1712.5,0.2992,1655.6,-9.0
2023-06-15,Friendly,2023,Tournament/Friendly,Qatar,AFC,Jamaica,neutral,2,1,W,,,,,,,,,,,,,,"Ritzing, Austria",,True,True,1655.6,1669.7,0.4798,1666.1,10.4
2023-06-25,Gold Cup,2023,Tournament/Friendly,Qatar,AFC,Haiti,neutral,1,2,L,,,,,,,,,,,,,,"Houston, United States",,True,True,1666.1,1704.7,0.4447,1643.8,-22.2
2023-06-29,Gold Cup,2023,Tournament/Friendly,Qatar,AFC,Honduras,neutral,1,1,D,,,,,,,,,,,,,,"Glendale, United States",,True,True,1643.8,1571.7,0.6023,1638.7,-5.1
2023-07-02,Gold Cup,2023,Tournament/Friendly,Qatar,AFC,Mexico,neutral,1,0,W,,,,,,,,,,,,,,"Santa Clara, United States",,True,True,1638.7,1925.0,0.1614,1680.6,41.9
2023-07-08,Gold Cup,2023,Tournament/Friendly,Qatar,AFC,Panama,neutral,0,4,L,,,,,,,,,,,,,,"Arlington, United States",,True,True,1680.6,1783.0,0.3569,1647.2,-33.5
2023-09-07,Friendly,2023,Tournament/Friendly,Qatar,AFC,Kenya,home,1,2,L,,,,,,,,,,,,,,"Al Wakrah, Qatar",,False,True,1647.2,1473.3,0.8287,1630.6,-16.6
2023-09-12,Friendly,2023,Tournament/Friendly,Qatar,AFC,Russia,home,1,1,D,,,,,,,,,,,,,,"Al Wakrah, Qatar",,False,True,1630.6,1819.6,0.3746,1633.1,2.5
2023-10-13,Jordan International Tournament,2023,Tournament/Friendly,Qatar,AFC,Iraq,neutral,0,0,D,,,,,,,,,,,,,,"Amman, Jordan",,True,True,1633.1,1711.5,0.3891,1636.4,3.3
2023-10-17,Jordan International Tournament,2023,Tournament/Friendly,Qatar,AFC,Iran,neutral,0,4,L,,,,,,,,,,,,,,"Amman, Jordan",,True,True,1636.4,1907.0,0.174,1626.7,-9.8
2023-11-16,FIFA World Cup qualification,2023,Qualification,Qatar,AFC,Afghanistan,home,8,1,W,,,,,,,,,,,,,,"Al Rayyan, Qatar",,False,True,1626.7,1282.7,0.9279,1633.1,6.5
2023-11-21,FIFA World Cup qualification,2023,Qualification,Qatar,AFC,India,away,3,0,W,,,,,,,,,,,,,,"Bhubaneswar, India",,False,True,1633.1,1459.6,0.6042,1660.8,27.7
2024-01-05,Friendly,2024,Tournament/Friendly,Qatar,AFC,Jordan,home,1,2,L,,,,,,,,,,,,,,"Al Rayyan, Qatar",,False,True,1660.8,1618.2,0.6945,1647.0,-13.9
2024-01-12,AFC Asian Cup,2024,Tournament/Friendly,Qatar,AFC,Lebanon,home,3,0,W,,,,,,,,,,,,,,"Lusail, Qatar",,False,True,1647.0,1438.8,0.8549,1659.6,12.7
2024-01-17,AFC Asian Cup,2024,Tournament/Friendly,Qatar,AFC,Tajikistan,home,1,0,W,,,,,,,,,,,,,,"Al Khor, Qatar",,False,True,1659.6,1506.3,0.8113,1669.1,9.4
2024-01-22,AFC Asian Cup,2024,Tournament/Friendly,Qatar,AFC,China,home,1,0,W,,,,,,,,,,,,,,"Al Rayyan, Qatar",,False,True,1669.1,1549.3,0.78,1680.1,11.0
2024-01-29,AFC Asian Cup,2024,Tournament/Friendly,Qatar,AFC,Palestine,home,2,1,W,,,,,,,,,,,,,,"Al Khor, Qatar",,False,True,1680.1,1560.8,0.7794,1691.1,11.0
2024-02-03,AFC Asian Cup,2024,Tournament/Friendly,Qatar,AFC,Uzbekistan,home,1,1,D,,,,,,,,,,,,,,"Al Khor, Qatar",,False,True,1691.1,1777.2,0.52,1690.1,-1.0
2024-02-07,AFC Asian Cup,2024,Tournament/Friendly,Qatar,AFC,Iran,home,3,2,W,,,,,,,,,,,,,,"Doha, Qatar",,False,True,1690.1,1946.4,0.2891,1725.7,35.5
2024-02-10,AFC Asian Cup,2024,Tournament/Friendly,Qatar,AFC,Jordan,home,3,1,W,,,,,,,,,,,,,,"Lusail, Qatar",,False,True,1725.7,1746.8,0.6115,1754.8,29.1
2024-03-21,FIFA World Cup qualification,2024,Qualification,Qatar,AFC,Kuwait,home,3,0,W,,,,,,,,,,,,,,"Doha, Qatar",,False,True,1754.8,1445.5,0.9134,1760.9,6.1
2024-03-26,FIFA World Cup qualification,2024,Qualification,Qatar,AFC,Kuwait,away,2,1,W,,,,,,,,,,,,,,"Al Farwaniyah, Kuwait",,False,True,1760.9,1439.5,0.7815,1769.6,8.7
2024-06-06,FIFA World Cup qualification,2024,Qualification,Qatar,AFC,Afghanistan,neutral,0,0,D,,,,,,,,,,,,,,"Al Hofuf, Saudi Arabia",,True,True,1769.6,1295.6,0.9387,1752.1,-17.5
2024-06-11,FIFA World Cup qualification,2024,Qualification,Qatar,AFC,India,home,2,1,W,,,,,,,,,,,,,,"Al Rayyan, Qatar",,False,True,1752.1,1358.1,0.945,1754.3,2.2
2024-09-05,FIFA World Cup qualification,2024,Qualification,Qatar,AFC,United Arab Emirates,home,1,3,L,,,,,,,,,,,,,,"Al Rayyan, Qatar",,False,True,1754.3,1633.3,0.781,1707.4,-46.9
2024-09-10,FIFA World Cup qualification,2024,Qualification,Qatar,AFC,North Korea,neutral,2,2,D,,,,,,,,,,,,,,"Vientiane, Laos",,True,True,1707.4,1531.8,0.7332,1698.1,-9.3
2024-10-10,FIFA World Cup qualification,2024,Qualification,Qatar,AFC,Kyrgyzstan,home,3,1,W,,,,,,,,,,,,,,"Doha, Qatar",,False,True,1698.1,1429.4,0.8931,1704.5,6.4
2024-10-15,FIFA World Cup qualification,2024,Qualification,Qatar,AFC,Iran,neutral,1,4,L,,,,,,,,,,,,,,"Dubai, United Arab Emirates",,True,True,1704.5,1919.6,0.2247,1688.8,-15.7
2024-11-14,FIFA World Cup qualification,2024,Qualification,Qatar,AFC,Uzbekistan,home,3,2,W,,,,,,,,,,,,,,"Al Rayyan, Qatar",,False,True,1688.8,1818.3,0.4576,1710.5,21.7
2024-11-19,FIFA World Cup qualification,2024,Qualification,Qatar,AFC,United Arab Emirates,away,0,5,L,,,,,,,,,,,,,,"Abu Dhabi, United Arab Emirates",,False,True,1710.5,1658.7,0.4311,1676.0,-34.5
2024-12-21,Gulf Cup,2024,Tournament/Friendly,Qatar,AFC,United Arab Emirates,neutral,1,1,D,,,,,,,,,,,,,,"Sulaibikhat, Kuwait",,True,True,1676.0,1693.1,0.4753,1676.7,0.7
2024-12-24,Gulf Cup,2024,Tournament/Friendly,Qatar,AFC,Oman,neutral,1,2,L,,,,,,,,,,,,,,"Sulaibikhat, Kuwait",,True,True,1676.7,1607.3,0.5985,1658.8,-18.0
2024-12-27,Gulf Cup,2024,Tournament/Friendly,Qatar,AFC,Kuwait,away,1,1,D,,,,,,,,,,,,,,"Kuwait City, Kuwait",,False,True,1658.8,1484.9,0.6047,1655.6,-3.1
2025-03-20,FIFA World Cup qualification,2025,Qualification,Qatar,AFC,North Korea,home,5,1,W,,,,,,,,,,,,,,"Al Rayyan, Qatar",,False,True,1655.6,1527.6,0.7879,1671.5,15.9
2025-03-25,FIFA World Cup qualification,2025,Qualification,Qatar,AFC,Kyrgyzstan,away,1,3,L,,,,,,,,,,,,,,"Bishkek, Kyrgyzstan",,False,True,1671.5,1428.2,0.6952,1629.8,-41.7
2025-06-05,FIFA World Cup qualification,2025,Qualification,Qatar,AFC,Iran,home,1,0,W,,,,,,,,,,,,,,"Al Rayyan, Qatar",,False,True,1629.8,1936.6,0.2331,1660.5,30.7
2025-06-10,FIFA World Cup qualification,2025,Qualification,Qatar,AFC,Uzbekistan,away,0,3,L,,,,,,,,,,,,,,"Tashkent, Uzbekistan",,False,True,1660.5,1814.0,0.1885,1647.3,-13.2
2025-08-24,Friendly,2025,Tournament/Friendly,Qatar,AFC,Lebanon,home,2,2,D,,,,,,,,,,,,,,"Doha, Qatar",,False,True,1647.3,1438.2,0.8556,1640.2,-7.1
2025-09-03,Friendly,2025,Tournament/Friendly,Qatar,AFC,Bahrain,home,2,2,D,,,,,,,,,,,,,,"Doha, Qatar",,False,True,1640.2,1558.9,0.7395,1635.4,-4.8
2025-09-07,Friendly,2025,Tournament/Friendly,Qatar,AFC,Russia,home,1,4,L,,,,,,,,,,,,,,"Doha, Qatar",,False,True,1635.4,1841.3,0.3521,1623.1,-12.3
2025-10-08,FIFA World Cup qualification,2025,Qualification,Qatar,AFC,Oman,home,0,0,D,,,,,,,,,,,,,,"Al Rayyan, Qatar",,False,True,1623.1,1615.7,0.6498,1617.1,-6.0
2025-10-14,FIFA World Cup qualification,2025,Qualification,Qatar,AFC,United Arab Emirates,home,2,1,W,,,,,,,,,,,,,,"Al Rayyan, Qatar",,False,True,1617.1,1700.3,0.5242,1636.1,19.0
2025-11-17,Friendly,2025,Tournament/Friendly,Qatar,AFC,Zimbabwe,home,1,2,L,,,,,,,,,,,,,,"Al Rayyan, Qatar",,False,True,1636.1,1435.2,0.8497,1619.1,-17.0
2025-12-01,Arab Cup,2025,Tournament/Friendly,Qatar,AFC,Palestine,home,0,1,L,,,,,,,,,,,,,,"Al Khor, Qatar",,False,True,1619.1,1575.7,0.6955,1598.2,-20.9
2025-12-04,Arab Cup,2025,Tournament/Friendly,Qatar,AFC,Syria,home,1,1,D,,,,,,,,,,,,,,"Al Rayyan, Qatar",,False,True,1598.2,1615.7,0.6166,1594.7,-3.5
2025-12-07,Arab Cup,2025,Tournament/Friendly,Qatar,AFC,Tunisia,home,0,3,L,,,,,,,,,,,,,,"Al Khor, Qatar",,False,True,1594.7,1731.7,0.4471,1571.3,-23.5
2026-05-28,Friendly,2026,Tournament/Friendly,Qatar,AFC,Republic of Ireland,away,0,1,L,,,,,,,,,,,,,,"Dublin, Republic of Ireland",,False,True,1571.3,1749.3,0.1679,1567.9,-3.4
2026-06-06,Friendly,2026,Tournament/Friendly,Qatar,AFC,El Salvador,neutral,0,0,D,,,,,,,,,,,,,,"Los Angeles, United States",,True,True,1567.9,1485.6,0.6162,1565.6,-2.3
2022-01-27,FIFA World Cup qualification,2022,Qualification,Saudi Arabia,AFC,Oman,home,1,0,W,,,,,,,,,,,,,,"Jeddah, Saudi Arabia",,False,True,1756.1,1636.0,0.7802,1764.9,8.8
2022-02-01,FIFA World Cup qualification,2022,Qualification,Saudi Arabia,AFC,Japan,away,0,2,L,,,,,,,,,,,,,,"Saitama, Japan",,False,True,1764.9,1869.0,0.236,1750.7,-14.2
2022-03-24,FIFA World Cup qualification,2022,Qualification,Saudi Arabia,AFC,China,neutral,1,1,D,,,,,,,,,,,,,,"Sharjah, United Arab Emirates",,True,True,1750.7,1577.2,0.7309,1741.5,-9.2
2022-03-29,FIFA World Cup qualification,2022,Qualification,Saudi Arabia,AFC,Australia,home,1,0,W,,,,,,,,,,,,,,"Jeddah, Saudi Arabia",,False,True,1741.5,1798.6,0.5614,1759.0,17.5
2022-06-05,Friendly,2022,Tournament/Friendly,Saudi Arabia,AFC,Colombia,neutral,0,1,L,,,,,,,,,,,,,,"Murcia, Spain",,True,True,1759.0,1961.3,0.2379,1754.3,-4.8
2022-06-09,Friendly,2022,Tournament/Friendly,Saudi Arabia,AFC,Venezuela,neutral,0,1,L,,,,,,,,,,,,,,"Murcia, Spain",,True,True,1754.3,1739.6,0.5212,1743.9,-10.4
2022-09-23,Friendly,2022,Tournament/Friendly,Saudi Arabia,AFC,Ecuador,neutral,0,0,D,,,,,,,,,,,,,,"Murcia, Spain",,True,True,1743.9,1915.1,0.2717,1748.4,4.6
2022-09-27,Friendly,2022,Tournament/Friendly,Saudi Arabia,AFC,USA,neutral,0,0,D,,,,,,,,,,,,,,"Murcia, Spain",,True,True,1748.4,1903.5,0.2906,1752.6,4.2
2022-10-22,Friendly,2022,Tournament/Friendly,Saudi Arabia,AFC,North Macedonia,neutral,1,0,W,,,,,,,,,,,,,,"Abu Dhabi, United Arab Emirates",,True,True,1752.6,1619.8,0.6824,1759.0,6.4
2022-10-26,Friendly,2022,Tournament/Friendly,Saudi Arabia,AFC,Albania,neutral,1,1,D,,,,,,,,,,,,,,"Abu Dhabi, United Arab Emirates",,True,True,1759.0,1585.8,0.7304,1754.4,-4.6
2022-10-30,Friendly,2022,Tournament/Friendly,Saudi Arabia,AFC,Honduras,neutral,0,0,D,,,,,,,,,,,,,,"Abu Dhabi, United Arab Emirates",,True,True,1754.4,1584.9,0.7262,1749.8,-4.5
2022-11-06,Friendly,2022,Tournament/Friendly,Saudi Arabia,AFC,Iceland,neutral,1,0,W,,,,,,,,,,,,,,"Abu Dhabi, United Arab Emirates",,True,True,1749.8,1620.6,0.6778,1756.3,6.4
2022-11-10,Friendly,2022,Tournament/Friendly,Saudi Arabia,AFC,Panama,neutral,1,1,D,,,,,,,,,,,,,,"Abu Dhabi, United Arab Emirates",,True,True,1756.3,1775.7,0.4721,1756.8,0.6
2022-11-16,Friendly,2022,Tournament/Friendly,Saudi Arabia,AFC,Croatia,home,0,1,L,,,,,,,,,,,,,,"Riyadh, Saudi Arabia",,False,True,1756.8,1967.4,0.3461,1749.9,-6.9
2022-11-22,FIFA World Cup,2022,Tournament/Friendly,Saudi Arabia,AFC,Argentina,neutral,2,1,W,,,,,,,,,,,,,,"Lusail, Qatar",,True,True,1749.9,2195.9,0.0713,1805.6,55.7
2022-11-26,FIFA World Cup,2022,Tournament/Friendly,Saudi Arabia,AFC,Poland,neutral,0,2,L,,,,,,,,,,,,,,"Al Rayyan, Qatar",,True,True,1805.6,1866.7,0.413,1768.5,-37.2
2022-11-30,FIFA World Cup,2022,Tournament/Friendly,Saudi Arabia,AFC,Mexico,neutral,1,2,L,,,,,,,,,,,,,,"Lusail, Qatar",,True,True,1768.5,1888.5,0.3338,1748.5,-20.0
2023-01-06,Gulf Cup,2023,Tournament/Friendly,Saudi Arabia,AFC,Yemen,neutral,2,0,W,,,,,,,,,,,,,,"Basra, Iraq",,True,True,1748.5,1247.1,0.9472,1750.8,2.4
2023-01-09,Gulf Cup,2023,Tournament/Friendly,Saudi Arabia,AFC,Iraq,away,0,2,L,,,,,,,,,,,,,,"Basra, Iraq",,False,True,1750.8,1690.3,0.4434,1730.9,-20.0
2023-01-12,Gulf Cup,2023,Tournament/Friendly,Saudi Arabia,AFC,Oman,neutral,1,2,L,,,,,,,,,,,,,,"Basra, Iraq",,True,True,1730.9,1687.1,0.5626,1714.0,-16.9
2023-03-24,Friendly,2023,Tournament/Friendly,Saudi Arabia,AFC,Venezuela,home,1,2,L,,,,,,,,,,,,,,"Jeddah, Saudi Arabia",,False,True,1714.0,1754.5,0.5848,1702.3,-11.7
2023-03-28,Friendly,2023,Tournament/Friendly,Saudi Arabia,AFC,Bolivia,home,1,2,L,,,,,,,,,,,,,,"Jeddah, Saudi Arabia",,False,True,1702.3,1671.9,0.6794,1688.7,-13.6
2023-09-08,Friendly,2023,Tournament/Friendly,Saudi Arabia,AFC,Costa Rica,neutral,1,3,L,,,,,,,,,,,,,,"Newcastle, England",,True,True,1688.7,1745.0,0.4196,1676.1,-12.6
2023-09-12,Friendly,2023,Tournament/Friendly,Saudi Arabia,AFC,South Korea,neutral,0,1,L,,,,,,,,,,,,,,"Newcastle, England",,True,True,1676.1,1851.3,0.2673,1670.8,-5.3
2023-10-13,Friendly,2023,Tournament/Friendly,Saudi Arabia,AFC,Nigeria,neutral,2,2,D,,,,,,,,,,,,,,"Portimão, Portugal",,True,True,1670.8,1718.0,0.4325,1672.1,1.3
2023-10-17,Friendly,2023,Tournament/Friendly,Saudi Arabia,AFC,Mali,neutral,1,3,L,,,,,,,,,,,,,,"Portimão, Portugal",,True,True,1672.1,1738.4,0.4058,1660.0,-12.2
2023-11-16,FIFA World Cup qualification,2023,Qualification,Saudi Arabia,AFC,Pakistan,home,4,0,W,,,,,,,,,,,,,,"Al Hofuf, Saudi Arabia",,False,True,1660.0,1040.4,0.9844,1661.1,1.2
2023-11-21,FIFA World Cup qualification,2023,Qualification,Saudi Arabia,AFC,Jordan,away,2,0,W,,,,,,,,,,,,,,"Amman, Jordan",,False,True,1661.1,1656.2,0.3665,1699.1,38.0
2024-01-04,Friendly,2024,Tournament/Friendly,Saudi Arabia,AFC,Lebanon,neutral,1,0,W,,,,,,,,,,,,,,"Doha, Qatar",,True,True,1699.1,1442.5,0.8142,1702.9,3.7
2024-01-09,Friendly,2024,Tournament/Friendly,Saudi Arabia,AFC,Palestine,neutral,0,0,D,,,,,,,,,,,,,,"Al Wakrah, Qatar",,True,True,1702.9,1545.2,0.7124,1698.6,-4.2
2024-01-10,Friendly,2024,Tournament/Friendly,Saudi Arabia,AFC,Hong Kong,neutral,2,0,W,,,,,,,,,,,,,,"Al Wakrah, Qatar",,True,True,1698.6,1251.6,0.9291,1700.7,2.1
2024-01-16,AFC Asian Cup,2024,Tournament/Friendly,Saudi Arabia,AFC,Oman,neutral,2,1,W,,,,,,,,,,,,,,"Al Rayyan, Qatar",,True,True,1700.7,1675.8,0.5357,1723.9,23.2
2024-01-21,AFC Asian Cup,2024,Tournament/Friendly,Saudi Arabia,AFC,Kyrgyzstan,neutral,2,0,W,,,,,,,,,,,,,,"Al Rayyan, Qatar",,True,True,1723.9,1400.3,0.8657,1734.0,10.1
2024-01-25,AFC Asian Cup,2024,Tournament/Friendly,Saudi Arabia,AFC,Thailand,neutral,0,0,D,,,,,,,,,,,,,,"Al Rayyan, Qatar",,True,True,1734.0,1553.2,0.739,1722.1,-11.9
2024-01-30,AFC Asian Cup,2024,Tournament/Friendly,Saudi Arabia,AFC,South Korea,neutral,1,1,D,,,,,,,,,,,,,,"Al Rayyan, Qatar",,True,True,1722.1,1870.8,0.2981,1732.2,10.1
2024-03-21,FIFA World Cup qualification,2024,Qualification,Saudi Arabia,AFC,Tajikistan,home,1,0,W,,,,,,,,,,,,,,"Riyadh, Saudi Arabia",,False,True,1732.2,1510.9,0.864,1737.6,5.4
2024-03-26,FIFA World Cup qualification,2024,Qualification,Saudi Arabia,AFC,Tajikistan,away,1,1,D,,,,,,,,,,,,,,"Dushanbe, Tajikistan",,False,True,1737.6,1505.5,0.6815,1730.3,-7.3
2024-06-06,FIFA World Cup qualification,2024,Qualification,Saudi Arabia,AFC,Pakistan,away,3,0,W,,,,,,,,,,,,,,"Islamabad, Pakistan",,False,True,1730.3,1026.6,0.97,1732.4,2.1
2024-06-11,FIFA World Cup qualification,2024,Qualification,Saudi Arabia,AFC,Jordan,home,1,2,L,,,,,,,,,,,,,,"Riyadh, Saudi Arabia",,False,True,1732.4,1731.1,0.6419,1706.8,-25.7
2024-09-05,FIFA World Cup qualification,2024,Qualification,Saudi Arabia,AFC,Indonesia,home,1,1,D,,,,,,,,,,,,,,"Jeddah, Saudi Arabia",,False,True,1706.8,1475.5,0.8707,1691.9,-14.8
2024-09-10,FIFA World Cup qualification,2024,Qualification,Saudi Arabia,AFC,China,away,2,1,W,,,,,,,,,,,,,,"Dalian, China",,False,True,1691.9,1526.4,0.5933,1708.2,16.3
2024-10-10,FIFA World Cup qualification,2024,Qualification,Saudi Arabia,AFC,Japan,home,0,2,L,,,,,,,,,,,,,,"Jeddah, Saudi Arabia",,False,True,1708.2,1976.0,0.2757,1691.7,-16.5
2024-10-15,FIFA World Cup qualification,2024,Qualification,Saudi Arabia,AFC,Bahrain,home,0,0,D,,,,,,,,,,,,,,"Jeddah, Saudi Arabia",,False,True,1691.7,1591.9,0.7595,1681.3,-10.4
2024-11-14,FIFA World Cup qualification,2024,Qualification,Saudi Arabia,AFC,Australia,away,0,0,D,,,,,,,,,,,,,,"Melbourne, Australia",,False,True,1681.3,1850.2,0.1753,1694.3,13.0
2024-11-19,FIFA World Cup qualification,2024,Qualification,Saudi Arabia,AFC,Indonesia,away,0,2,L,,,,,,,,,,,,,,"Jakarta, Indonesia",,False,True,1694.3,1490.9,0.6445,1655.6,-38.7
2024-12-22,Gulf Cup,2024,Tournament/Friendly,Saudi Arabia,AFC,Bahrain,neutral,2,3,L,,,,,,,,,,,,,,"Kuwait City, Kuwait",,True,True,1655.6,1581.5,0.6051,1637.5,-18.2
2024-12-25,Gulf Cup,2024,Tournament/Friendly,Saudi Arabia,AFC,Yemen,neutral,3,2,W,,,,,,,,,,,,,,"Sulaibikhat, Kuwait",,True,True,1637.5,1245.3,0.9053,1640.3,2.8
2024-12-28,Gulf Cup,2024,Tournament/Friendly,Saudi Arabia,AFC,Iraq,neutral,3,1,W,,,,,,,,,,,,,,"Kuwait City, Kuwait",,True,True,1640.3,1751.8,0.3448,1669.8,29.5
2024-12-31,Gulf Cup,2024,Tournament/Friendly,Saudi Arabia,AFC,Oman,neutral,1,2,L,,,,,,,,,,,,,,"Sulaibikhat, Kuwait",,True,True,1669.8,1627.3,0.5608,1652.9,-16.8
2025-03-20,FIFA World Cup qualification,2025,Qualification,Saudi Arabia,AFC,China,home,1,0,W,,,,,,,,,,,,,,"Riyadh, Saudi Arabia",,False,True,1652.9,1542.2,0.7709,1662.1,9.2
2025-03-25,FIFA World Cup qualification,2025,Qualification,Saudi Arabia,AFC,Japan,away,0,0,D,,,,,,,,,,,,,,"Saitama, Japan",,False,True,1662.1,1999.0,0.0748,1679.1,17.0
2025-05-30,Friendly,2025,Tournament/Friendly,Saudi Arabia,AFC,Jordan,home,2,0,W,,,,,,,,,,,,,,"Dammam, Saudi Arabia",,False,True,1679.1,1753.7,0.5365,1693.0,13.9
2025-06-05,FIFA World Cup qualification,2025,Qualification,Saudi Arabia,AFC,Bahrain,away,2,0,W,,,,,,,,,,,,,,"Riffa, Bahrain",,False,True,1693.0,1608.8,0.4774,1724.4,31.4
2025-06-10,FIFA World Cup qualification,2025,Qualification,Saudi Arabia,AFC,Australia,home,1,2,L,,,,,,,,,,,,,,"Jeddah, Saudi Arabia",,False,True,1724.4,1869.9,0.4348,1707.0,-17.4
2025-06-15,Gold Cup,2025,Tournament/Friendly,Saudi Arabia,AFC,Haiti,neutral,1,0,W,,,,,,,,,,,,,,"San Diego, United States",,True,True,1707.0,1672.1,0.5501,1729.5,22.5
2025-06-19,Gold Cup,2025,Tournament/Friendly,Saudi Arabia,AFC,USA,away,0,1,L,,,,,,,,,,,,,,"Austin, United States",,False,True,1729.5,1809.2,0.2622,1716.4,-13.1
2025-06-22,Gold Cup,2025,Tournament/Friendly,Saudi Arabia,AFC,Trinidad and Tobago,neutral,1,1,D,,,,,,,,,,,,,,"Paradise, United States",,True,True,1716.4,1553.2,0.719,1705.4,-10.9
2025-06-28,Gold Cup,2025,Tournament/Friendly,Saudi Arabia,AFC,Mexico,neutral,0,2,L,,,,,,,,,,,,,,"Glendale, United States",,True,True,1705.4,1923.0,0.2222,1688.8,-16.7
2025-09-04,Friendly,2025,Tournament/Friendly,Saudi Arabia,AFC,North Macedonia,neutral,2,1,W,,,,,,,,,,,,,,"Prague, Czech Republic",,True,True,1688.8,1690.7,0.4972,1698.8,10.1
2025-09-08,Friendly,2025,Tournament/Friendly,Saudi Arabia,AFC,Czech Republic,away,1,1,D,,,,,,,,,,,,,,"Hradec Králové, Czech Republic",,False,True,1698.8,1820.8,0.218,1704.5,5.6
2025-10-08,FIFA World Cup qualification,2025,Qualification,Saudi Arabia,AFC,Indonesia,home,3,2,W,,,,,,,,,,,,,,"Jeddah, Saudi Arabia",,False,True,1704.5,1504.1,0.8493,1710.5,6.0
2025-10-14,FIFA World Cup qualification,2025,Qualification,Saudi Arabia,AFC,Iraq,home,0,0,D,,,,,,,,,,,,,,"Jeddah, Saudi Arabia",,False,True,1710.5,1705.7,0.6464,1704.6,-5.9
2025-11-14,Friendly,2025,Tournament/Friendly,Saudi Arabia,AFC,Ivory Coast,home,1,0,W,,,,,,,,,,,,,,"Jeddah, Saudi Arabia",,False,True,1704.6,1721.1,0.618,1712.3,7.6
2025-11-18,Friendly,2025,Tournament/Friendly,Saudi Arabia,AFC,Algeria,home,0,2,L,,,,,,,,,,,,,,"Jeddah, Saudi Arabia",,False,True,1712.3,1812.8,0.4993,1697.3,-15.0
2025-12-02,Arab Cup,2025,Tournament/Friendly,Saudi Arabia,AFC,Oman,neutral,2,1,W,,,,,,,,,,,,,,"Al Rayyan, Qatar",,True,True,1697.3,1578.7,0.6643,1707.4,10.1
2025-12-05,Arab Cup,2025,Tournament/Friendly,Saudi Arabia,AFC,Comoros,neutral,3,1,W,,,,,,,,,,,,,,"Al Khor, Qatar",,True,True,1707.4,1489.1,0.7784,1717.3,10.0
2025-12-08,Arab Cup,2025,Tournament/Friendly,Saudi Arabia,AFC,Morocco,neutral,0,1,L,,,,,,,,,,,,,,"Lusail, Qatar",,True,True,1717.3,1921.5,0.2359,1710.3,-7.1
2025-12-11,Arab Cup,2025,Tournament/Friendly,Saudi Arabia,AFC,Palestine,neutral,2,1,W,,,,,,,,,,,,,,"Lusail, Qatar",,True,True,1710.3,1603.0,0.6496,1720.8,10.5
2025-12-15,Arab Cup,2025,Tournament/Friendly,Saudi Arabia,AFC,Jordan,neutral,0,1,L,,,,,,,,,,,,,,"Al Khor, Qatar",,True,True,1720.8,1777.8,0.4187,1708.2,-12.6
2026-03-27,Friendly,2026,Tournament/Friendly,Saudi Arabia,AFC,Egypt,home,0,4,L,,,,,,,,,,,,,,"Jeddah, Saudi Arabia",,False,True,1708.2,1776.1,0.546,1687.7,-20.5
2026-03-31,Friendly,2026,Tournament/Friendly,Saudi Arabia,AFC,Serbia,away,1,2,L,,,,,,,,,,,,,,"Bačka Topola, Serbia",,False,True,1687.7,1827.8,0.2007,1683.7,-4.0
2026-05-30,Friendly,2026,Tournament/Friendly,Saudi Arabia,AFC,Ecuador,neutral,1,2,L,,,,,,,,,,,,,,"Harrison, United States",,True,True,1683.7,2021.4,0.1252,1681.2,-2.5
2026-06-05,Friendly,2026,Tournament/Friendly,Saudi Arabia,AFC,Puerto Rico,neutral,3,0,W,,,,,,,,,,,,,,"Austin, United States",,True,True,1681.2,1355.7,0.8669,1685.9,4.7
2026-06-09,Friendly,2026,Tournament/Friendly,Saudi Arabia,AFC,Senegal,neutral,0,0,D,,,,,,,,,,,,,,"San Antonio, United States",,True,True,1685.9,1919.2,0.207,1691.7,5.9
2022-03-24,Friendly,2022,Tournament/Friendly,Scotland,UEFA,Poland,home,1,1,D,,,,,,,,,,,,,,"Glasgow, Scotland",,False,True,1774.3,1818.0,0.5802,1772.7,-1.6
2022-03-29,Friendly,2022,Tournament/Friendly,Scotland,UEFA,Austria,away,2,2,D,,,,,,,,,,,,,,"Vienna, Austria",,False,True,1772.7,1763.0,0.3729,1775.2,2.5
2022-06-01,FIFA World Cup qualification,2022,Qualification,Scotland,UEFA,Ukraine,home,1,3,L,,,,,,,,,,,,,,"Glasgow, Scotland",,False,True,1775.2,1852.1,0.5332,1743.2,-32.0
2022-06-08,UEFA Nations League,2022,Tournament/Friendly,Scotland,UEFA,Armenia,home,2,0,W,,,,,,,,,,,,,,"Glasgow, Scotland",,False,True,1743.2,1579.7,0.8201,1754.0,10.8
2022-06-11,UEFA Nations League,2022,Tournament/Friendly,Scotland,UEFA,Republic of Ireland,away,0,3,L,,,,,,,,,,,,,,"Dublin, Republic of Ireland",,False,True,1754.0,1701.6,0.4319,1723.8,-30.2
2022-06-14,UEFA Nations League,2022,Tournament/Friendly,Scotland,UEFA,Armenia,away,4,1,W,,,,,,,,,,,,,,"Yerevan, Armenia",,False,True,1723.8,1559.2,0.5919,1752.3,28.6
2022-09-21,UEFA Nations League,2022,Tournament/Friendly,Scotland,UEFA,Ukraine,home,3,0,W,,,,,,,,,,,,,,"Glasgow, Scotland",,False,True,1752.3,1887.0,0.4504,1790.8,38.5
2022-09-24,UEFA Nations League,2022,Tournament/Friendly,Scotland,UEFA,Republic of Ireland,home,2,1,W,,,,,,,,,,,,,,"Glasgow, Scotland",,False,True,1790.8,1740.6,0.7036,1802.7,11.9
2022-09-27,UEFA Nations League,2022,Tournament/Friendly,Scotland,UEFA,Ukraine,neutral,0,0,D,,,,,,,,,,,,,,"Kraków, Poland",,True,True,1802.7,1866.2,0.4095,1806.3,3.6
2022-11-16,Friendly,2022,Tournament/Friendly,Scotland,UEFA,Turkey,away,1,2,L,,,,,,,,,,,,,,"Diyarbakir, Turkey",,False,True,1806.3,1739.3,0.4526,1797.2,-9.1
2023-03-25,UEFA Euro qualification,2023,Qualification,Scotland,UEFA,Cyprus,home,3,0,W,,,,,,,,,,,,,,"Glasgow, Scotland",,False,True,1797.2,1404.6,0.9446,1801.1,3.9
2023-03-28,UEFA Euro qualification,2023,Qualification,Scotland,UEFA,Spain,home,2,0,W,,,,,,,,,,,,,,"Glasgow, Scotland",,False,True,1801.1,2065.4,0.2797,1844.3,43.2
2023-06-17,UEFA Euro qualification,2023,Qualification,Scotland,UEFA,Norway,away,2,1,W,,,,,,,,,,,,,,"Oslo, Norway",,False,True,1844.3,1781.9,0.4461,1866.5,22.2
2023-06-20,UEFA Euro qualification,2023,Qualification,Scotland,UEFA,Georgia,home,2,0,W,,,,,,,,,,,,,,"Glasgow, Scotland",,False,True,1866.5,1719.2,0.8059,1878.1,11.6
2023-09-08,UEFA Euro qualification,2023,Qualification,Scotland,UEFA,Cyprus,away,3,0,W,,,,,,,,,,,,,,"Larnaca, Cyprus",,False,True,1878.1,1392.4,0.9021,1885.0,6.9
2023-09-12,Friendly,2023,Tournament/Friendly,Scotland,UEFA,England,home,1,3,L,,,,,,,,,,,,,,"Glasgow, Scotland",,False,True,1885.0,2062.4,0.3905,1873.3,-11.7
2023-10-12,UEFA Euro qualification,2023,Qualification,Scotland,UEFA,Spain,away,0,2,L,,,,,,,,,,,,,,"Seville, Spain",,False,True,1873.3,2061.2,0.1601,1863.7,-9.6
2023-10-17,Friendly,2023,Tournament/Friendly,Scotland,UEFA,France,away,1,4,L,,,,,,,,,,,,,,"Lille, France",,False,True,1863.7,2179.0,0.0839,1860.7,-2.9
2023-11-16,UEFA Euro qualification,2023,Qualification,Scotland,UEFA,Georgia,away,2,2,D,,,,,,,,,,,,,,"Tbilisi, Georgia",,False,True,1860.7,1695.2,0.5933,1857.0,-3.7
2023-11-19,UEFA Euro qualification,2023,Qualification,Scotland,UEFA,Norway,home,3,3,D,,,,,,,,,,,,,,"Glasgow, Scotland",,False,True,1857.0,1787.4,0.7263,1848.0,-9.1
2024-03-22,Friendly,2024,Tournament/Friendly,Scotland,UEFA,Netherlands,away,0,4,L,,,,,,,,,,,,,,"Amsterdam, Netherlands",,False,True,1848.0,2042.6,0.155,1842.1,-5.8
2024-03-26,Friendly,2024,Tournament/Friendly,Scotland,UEFA,Northern Ireland,home,0,1,L,,,,,,,,,,,,,,"Glasgow, Scotland",,False,True,1842.1,1545.9,0.9073,1824.0,-18.1
2024-06-03,Friendly,2024,Tournament/Friendly,Scotland,UEFA,Gibraltar,neutral,2,0,W,,,,,,,,,,,,,,"Faro-Loulé, Portugal",,True,True,1824.0,1144.1,0.9804,1824.6,0.6
2024-06-07,Friendly,2024,Tournament/Friendly,Scotland,UEFA,Finland,home,2,2,D,,,,,,,,,,,,,,"Glasgow, Scotland",,False,True,1824.6,1670.8,0.8117,1818.3,-6.2
2024-06-14,UEFA Euro,2024,Tournament/Friendly,Scotland,UEFA,Germany,away,1,5,L,,,,,,,,,,,,,,"Munich, Germany",,False,True,1818.3,1983.7,0.1784,1801.6,-16.7
2024-06-19,UEFA Euro,2024,Tournament/Friendly,Scotland,UEFA,Switzerland,neutral,1,1,D,,,,,,,,,,,,,,"Cologne, Germany",,True,True,1801.6,1902.3,0.359,1808.7,7.0
2024-06-23,UEFA Euro,2024,Tournament/Friendly,Scotland,UEFA,Hungary,neutral,0,1,L,,,,,,,,,,,,,,"Stuttgart, Germany",,True,True,1808.7,1829.6,0.4699,1785.2,-23.5
2024-09-05,UEFA Nations League,2024,Tournament/Friendly,Scotland,UEFA,Poland,home,2,3,L,,,,,,,,,,,,,,"Glasgow, Scotland",,False,True,1785.2,1785.0,0.6403,1759.6,-25.6
2024-09-08,UEFA Nations League,2024,Tournament/Friendly,Scotland,UEFA,Portugal,away,1,2,L,,,,,,,,,,,,,,"Lisbon, Portugal",,False,True,1759.6,2026.7,0.1078,1755.3,-4.3
2024-10-12,UEFA Nations League,2024,Tournament/Friendly,Scotland,UEFA,Croatia,away,1,2,L,,,,,,,,,,,,,,"Zagreb, Croatia",,False,True,1755.3,1966.8,0.1426,1749.6,-5.7
2024-10-15,UEFA Nations League,2024,Tournament/Friendly,Scotland,UEFA,Portugal,home,0,0,D,,,,,,,,,,,,,,"Glasgow, Scotland",,False,True,1749.6,2050.5,0.2393,1760.0,10.4
2024-11-15,UEFA Nations League,2024,Tournament/Friendly,Scotland,UEFA,Croatia,home,1,0,W,,,,,,,,,,,,,,"Glasgow, Scotland",,False,True,1760.0,1967.5,0.35,1786.0,26.0
2024-11-18,UEFA Nations League,2024,Tournament/Friendly,Scotland,UEFA,Poland,away,2,1,W,,,,,,,,,,,,,,"Warsaw, Poland",,False,True,1786.0,1779.7,0.3682,1811.3,25.3
2025-03-20,UEFA Nations League,2025,Tournament/Friendly,Scotland,UEFA,Greece,away,1,0,W,,,,,,,,,,,,,,"Piraeus, Greece",,False,True,1811.3,1869.2,0.2871,1839.8,28.5
2025-03-23,UEFA Nations League,2025,Tournament/Friendly,Scotland,UEFA,Greece,home,0,3,L,,,,,,,,,,,,,,"Glasgow, Scotland",,False,True,1839.8,1840.7,0.6388,1795.1,-44.7
2025-06-06,Friendly,2025,Tournament/Friendly,Scotland,UEFA,Iceland,home,1,3,L,,,,,,,,,,,,,,"Glasgow, Scotland",,False,True,1795.1,1587.8,0.8543,1769.4,-25.6
2025-06-09,Friendly,2025,Tournament/Friendly,Scotland,UEFA,Liechtenstein,away,4,0,W,,,,,,,,,,,,,,"Vaduz, Liechtenstein",,False,True,1769.4,974.0,0.9821,1770.1,0.7
2025-09-05,FIFA World Cup qualification,2025,Qualification,Scotland,UEFA,Denmark,away,0,0,D,,,,,,,,,,,,,,"Copenhagen, Denmark",,False,True,1770.1,1920.8,0.1911,1782.5,12.4
2025-09-08,FIFA World Cup qualification,2025,Qualification,Scotland,UEFA,Belarus,neutral,2,0,W,,,,,,,,,,,,,,"Zalaegerszeg, Hungary",,True,True,1782.5,1543.2,0.7986,1794.5,12.1
2025-10-09,FIFA World Cup qualification,2025,Qualification,Scotland,UEFA,Greece,home,3,1,W,,,,,,,,,,,,,,"Glasgow, Scotland",,False,True,1794.5,1855.7,0.5556,1821.2,26.7
2025-10-12,FIFA World Cup qualification,2025,Qualification,Scotland,UEFA,Belarus,home,2,1,W,,,,,,,,,,,,,,"Glasgow, Scotland",,False,True,1821.2,1524.2,0.9077,1824.9,3.7
2025-11-15,FIFA World Cup qualification,2025,Qualification,Scotland,UEFA,Greece,away,2,3,L,,,,,,,,,,,,,,"Piraeus, Greece",,False,True,1824.9,1816.5,0.3712,1810.0,-14.8
2025-11-18,FIFA World Cup qualification,2025,Qualification,Scotland,UEFA,Denmark,home,4,2,W,,,,,,,,,,,,,,"Glasgow, Scotland",,False,True,1810.0,1953.5,0.4378,1843.8,33.7
2026-03-28,Friendly,2026,Tournament/Friendly,Scotland,UEFA,Japan,home,0,1,L,,,,,,,,,,,,,,"Glasgow, Scotland",,False,True,1843.8,1961.0,0.4752,1834.3,-9.5
2026-03-31,Friendly,2026,Tournament/Friendly,Scotland,UEFA,Ivory Coast,neutral,0,1,L,,,,,,,,,,,,,,"Liverpool, England",,True,True,1834.3,1784.4,0.5712,1822.8,-11.4
2026-05-30,Friendly,2026,Tournament/Friendly,Scotland,UEFA,Curaçao,home,4,1,W,,,,,,,,,,,,,,"Glasgow, Scotland",,False,True,1822.8,1620.9,0.8505,1828.1,5.2
2026-06-06,Friendly,2026,Tournament/Friendly,Scotland,UEFA,Bolivia,neutral,4,0,W,,,,,,,,,,,,,,"Harrison, United States",,True,True,1828.1,1745.4,0.6168,1842.5,14.4
2022-01-10,African Cup of Nations,2022,Tournament/Friendly,Senegal,CAF,Zimbabwe,neutral,1,0,W,,,,,,,,,,,,,,"Bafoussam, Cameroon",,True,True,1821.3,1437.2,0.9012,1826.2,4.9
2022-01-14,African Cup of Nations,2022,Tournament/Friendly,Senegal,CAF,Guinea,neutral,0,0,D,,,,,,,,,,,,,,"Bafoussam, Cameroon",,True,True,1826.2,1538.7,0.8395,1809.2,-17.0
2022-01-18,African Cup of Nations,2022,Tournament/Friendly,Senegal,CAF,Malawi,neutral,0,0,D,,,,,,,,,,,,,,"Bafoussam, Cameroon",,True,True,1809.2,1418.1,0.9048,1789.0,-20.2
2022-01-25,African Cup of Nations,2022,Tournament/Friendly,Senegal,CAF,Cape Verde,neutral,2,0,W,,,,,,,,,,,,,,"Bafoussam, Cameroon",,True,True,1789.0,1594.4,0.754,1807.5,18.4
2022-01-30,African Cup of Nations,2022,Tournament/Friendly,Senegal,CAF,Equatorial Guinea,neutral,3,1,W,,,,,,,,,,,,,,"Yaoundé, Cameroon",,True,True,1807.5,1607.7,0.7594,1825.5,18.0
2022-02-02,African Cup of Nations,2022,Tournament/Friendly,Senegal,CAF,Burkina Faso,neutral,3,1,W,,,,,,,,,,,,,,"Yaoundé, Cameroon",,True,True,1825.5,1691.6,0.6837,1849.2,23.7
2022-02-06,African Cup of Nations,2022,Tournament/Friendly,Senegal,CAF,Egypt,neutral,0,0,D,,,,,,,,,,,,,,"Yaoundé, Cameroon",,True,True,1849.2,1791.6,0.5822,1845.1,-4.1
2022-03-25,FIFA World Cup qualification,2022,Qualification,Senegal,CAF,Egypt,away,0,1,L,,,,,,,,,,,,,,"Cairo, Egypt",,False,True,1845.1,1795.7,0.4277,1828.0,-17.1
2022-03-29,FIFA World Cup qualification,2022,Qualification,Senegal,CAF,Egypt,home,1,0,W,,,,,,,,,,,,,,"Diamniadio, Senegal",,False,True,1828.0,1812.8,0.6599,1841.6,13.6
2022-06-04,African Cup of Nations qualification,2022,Qualification,Senegal,CAF,Benin,home,3,1,W,,,,,,,,,,,,,,"Diamniadio, Senegal",,False,True,1841.6,1571.6,0.8938,1848.0,6.4
2022-06-07,African Cup of Nations qualification,2022,Qualification,Senegal,CAF,Rwanda,home,1,0,W,,,,,,,,,,,,,,"Diamniadio, Senegal",,False,True,1848.0,1401.6,0.9587,1849.6,1.7
2022-07-13,COSAFA Cup,2022,Tournament/Friendly,Senegal,CAF,Eswatini,neutral,1,1,D,,,,,,,,,,,,,,"KwaMashu, South Africa",,True,True,1849.6,1397.5,0.931,1836.7,-12.9
2022-07-15,COSAFA Cup,2022,Tournament/Friendly,Senegal,CAF,Zambia,neutral,3,4,L,,,,,,,,,,,,,,"Durban, South Africa",,True,True,1836.7,1533.4,0.8515,1811.2,-25.5
2022-07-17,COSAFA Cup,2022,Tournament/Friendly,Senegal,CAF,Mozambique,neutral,1,1,D,,,,,,,,,,,,,,"Durban, South Africa",,True,True,1811.2,1432.5,0.8984,1799.2,-12.0
2022-09-24,Friendly,2022,Tournament/Friendly,Senegal,CAF,Bolivia,neutral,2,0,W,,,,,,,,,,,,,,"Orléans, France",,True,True,1799.2,1694.7,0.6461,1809.8,10.6
2022-09-27,Friendly,2022,Tournament/Friendly,Senegal,CAF,Iran,neutral,1,1,D,,,,,,,,,,,,,,"Maria Enzersdorf, Austria",,True,True,1809.8,1920.5,0.3458,1812.9,3.1
2022-11-21,FIFA World Cup,2022,Tournament/Friendly,Senegal,CAF,Netherlands,neutral,0,2,L,,,,,,,,,,,,,,"Doha, Qatar",,True,True,1812.9,2085.2,0.1726,1797.4,-15.5
2022-11-25,FIFA World Cup,2022,Tournament/Friendly,Senegal,CAF,Qatar,away,3,1,W,,,,,,,,,,,,,,"Doha, Qatar",,False,True,1797.4,1741.7,0.4365,1848.1,50.7
2022-11-29,FIFA World Cup,2022,Tournament/Friendly,Senegal,CAF,Ecuador,neutral,2,1,W,,,,,,,,,,,,,,"Al Rayyan, Qatar",,True,True,1848.1,1959.8,0.3446,1887.4,39.3
2022-12-04,FIFA World Cup,2022,Tournament/Friendly,Senegal,CAF,England,neutral,0,3,L,,,,,,,,,,,,,,"Al Khor, Qatar",,True,True,1887.4,2030.8,0.3046,1855.4,-32.0
2023-03-24,African Cup of Nations qualification,2023,Qualification,Senegal,CAF,Mozambique,home,5,1,W,,,,,,,,,,,,,,"Diamniadio, Senegal",,False,True,1855.4,1441.5,0.9507,1859.1,3.7
2023-03-28,African Cup of Nations qualification,2023,Qualification,Senegal,CAF,Mozambique,away,1,0,W,,,,,,,,,,,,,,"Maputo, Mozambique",,False,True,1859.1,1437.8,0.8641,1864.6,5.4
2023-06-17,African Cup of Nations qualification,2023,Qualification,Senegal,CAF,Benin,away,1,1,D,,,,,,,,,,,,,,"Cotonou, Benin",,False,True,1864.6,1492.0,0.8276,1851.5,-13.1
2023-06-20,Friendly,2023,Tournament/Friendly,Senegal,CAF,Brazil,neutral,4,2,W,,,,,,,,,,,,,,"Lisbon, Portugal",,True,True,1851.5,2184.3,0.1283,1877.6,26.2
2023-09-09,African Cup of Nations qualification,2023,Qualification,Senegal,CAF,Rwanda,away,1,1,D,,,,,,,,,,,,,,"Butare, Rwanda",,False,True,1877.6,1375.9,0.9099,1861.2,-16.4
2023-09-12,Friendly,2023,Tournament/Friendly,Senegal,CAF,Algeria,home,0,1,L,,,,,,,,,,,,,,"Diamniadio, Senegal",,False,True,1861.2,1800.6,0.716,1846.9,-14.3
2023-10-16,Friendly,2023,Tournament/Friendly,Senegal,CAF,Cameroon,neutral,1,0,W,,,,,,,,,,,,,,"Lens, France",,True,True,1846.9,1739.1,0.6503,1853.9,7.0
2023-11-18,FIFA World Cup qualification,2023,Qualification,Senegal,CAF,South Sudan,home,4,0,W,,,,,,,,,,,,,,"Diamniadio, Senegal",,False,True,1853.9,1287.2,0.9789,1855.5,1.6
2023-11-21,FIFA World Cup qualification,2023,Qualification,Senegal,CAF,Togo,away,0,0,D,,,,,,,,,,,,,,"Lomé, Togo",,False,True,1855.5,1495.5,0.817,1842.8,-12.7
2024-01-08,Friendly,2024,Tournament/Friendly,Senegal,CAF,Niger,home,1,0,W,,,,,,,,,,,,,,"Dakar, Senegal",,False,True,1842.8,1360.9,0.9661,1843.5,0.7
2024-01-15,African Cup of Nations,2024,Tournament/Friendly,Senegal,CAF,Gambia,neutral,3,0,W,,,,,,,,,,,,,,"Yamoussoukro, Ivory Coast",,True,True,1843.5,1516.5,0.8679,1855.0,11.6
2024-01-19,African Cup of Nations,2024,Tournament/Friendly,Senegal,CAF,Cameroon,neutral,3,1,W,,,,,,,,,,,,,,"Yamoussoukro, Ivory Coast",,True,True,1855.0,1711.1,0.696,1877.8,22.8
2024-01-23,African Cup of Nations,2024,Tournament/Friendly,Senegal,CAF,Guinea,neutral,2,0,W,,,,,,,,,,,,,,"Yamoussoukro, Ivory Coast",,True,True,1877.8,1594.1,0.8366,1890.1,12.3
2024-01-29,African Cup of Nations,2024,Tournament/Friendly,Senegal,CAF,Ivory Coast,away,1,1,D,,,,,,,,,,,,,,"Yamoussoukro, Ivory Coast",,False,True,1890.1,1652.0,0.6889,1880.6,-9.4
2024-03-22,Friendly,2024,Tournament/Friendly,Senegal,CAF,Gabon,neutral,3,0,W,,,,,,,,,,,,,,"Amiens, France",,True,True,1880.6,1552.8,0.8684,1885.2,4.6
2024-03-26,Friendly,2024,Tournament/Friendly,Senegal,CAF,Benin,neutral,1,0,W,,,,,,,,,,,,,,"Amiens, France",,True,True,1885.2,1466.4,0.9177,1886.9,1.6
2024-06-06,FIFA World Cup qualification,2024,Qualification,Senegal,CAF,DR Congo,home,1,1,D,,,,,,,,,,,,,,"Diamniadio, Senegal",,False,True,1886.9,1645.0,0.8774,1871.8,-15.1
2024-06-09,FIFA World Cup qualification,2024,Qualification,Senegal,CAF,Mauritania,away,1,0,W,,,,,,,,,,,,,,"Nouakchott, Mauritania",,False,True,1871.8,1459.5,0.8579,1877.5,5.7
2024-09-06,African Cup of Nations qualification,2024,Qualification,Senegal,CAF,Burkina Faso,home,1,1,D,,,,,,,,,,,,,,"Diamniadio, Senegal",,False,True,1877.5,1602.2,0.8966,1861.6,-15.9
2024-09-09,African Cup of Nations qualification,2024,Qualification,Senegal,CAF,Burundi,neutral,1,0,W,,,,,,,,,,,,,,"Lilongwe, Malawi",,True,True,1861.6,1486.8,0.8964,1865.8,4.1
2024-10-11,African Cup of Nations qualification,2024,Qualification,Senegal,CAF,Malawi,home,4,0,W,,,,,,,,,,,,,,"Diamniadio, Senegal",,False,True,1865.8,1425.9,0.9572,1869.0,3.2
2024-10-15,African Cup of Nations qualification,2024,Qualification,Senegal,CAF,Malawi,away,1,0,W,,,,,,,,,,,,,,"Lilongwe, Malawi",,False,True,1869.0,1422.7,0.8801,1873.8,4.8
2024-11-14,African Cup of Nations qualification,2024,Qualification,Senegal,CAF,Burkina Faso,neutral,1,0,W,,,,,,,,,,,,,,"Bamako, Mali",,True,True,1873.8,1669.5,0.7641,1883.2,9.4
2024-11-19,African Cup of Nations qualification,2024,Qualification,Senegal,CAF,Burundi,home,2,0,W,,,,,,,,,,,,,,"Dakar, Senegal",,False,True,1883.2,1445.4,0.9567,1885.8,2.6
2025-03-22,FIFA World Cup qualification,2025,Qualification,Senegal,CAF,Sudan,neutral,0,0,D,,,,,,,,,,,,,,"Benghazi, Libya",,True,True,1885.8,1522.0,0.8904,1870.2,-15.6
2025-03-25,FIFA World Cup qualification,2025,Qualification,Senegal,CAF,Togo,home,2,0,W,,,,,,,,,,,,,,"Diamniadio, Senegal",,False,True,1870.2,1485.8,0.942,1873.7,3.5
2025-06-06,Friendly,2025,Tournament/Friendly,Senegal,CAF,Republic of Ireland,away,1,1,D,,,,,,,,,,,,,,"Dublin, Republic of Ireland",,False,True,1873.7,1689.9,0.6182,1871.3,-2.4
2025-06-10,Friendly,2025,Tournament/Friendly,Senegal,CAF,England,away,3,1,W,,,,,,,,,,,,,,"London, England",,False,True,1871.3,2070.4,0.1517,1896.7,25.4
2025-09-05,FIFA World Cup qualification,2025,Qualification,Senegal,CAF,Sudan,home,2,0,W,,,,,,,,,,,,,,"Diamniadio, Senegal",,False,True,1896.7,1524.3,0.9382,1900.4,3.7
2025-09-09,FIFA World Cup qualification,2025,Qualification,Senegal,CAF,DR Congo,away,3,2,W,,,,,,,,,,,,,,"Kinshasa, DR Congo",,False,True,1900.4,1707.2,0.631,1915.2,14.8
2025-10-10,FIFA World Cup qualification,2025,Qualification,Senegal,CAF,South Sudan,away,5,0,W,,,,,,,,,,,,,,"Juba, South Sudan",,False,True,1915.2,1277.1,0.9568,1918.7,3.5
2025-10-14,FIFA World Cup qualification,2025,Qualification,Senegal,CAF,Mauritania,home,4,0,W,,,,,,,,,,,,,,"Diamniadio, Senegal",,False,True,1918.7,1458.6,0.9617,1921.5,2.9
2025-11-15,Friendly,2025,Tournament/Friendly,Senegal,CAF,Brazil,neutral,0,2,L,,,,,,,,,,,,,,"London, England",,True,True,1921.5,2056.8,0.3147,1912.1,-9.4
2025-11-18,Friendly,2025,Tournament/Friendly,Senegal,CAF,Kenya,neutral,8,0,W,,,,,,,,,,,,,,"Antalya, Turkey",,True,True,1912.1,1462.3,0.9302,1915.4,3.3
2025-12-23,African Cup of Nations,2025,Tournament/Friendly,Senegal,CAF,Botswana,neutral,3,0,W,,,,,,,,,,,,,,"Tangier, Morocco",,True,True,1915.4,1435.6,0.9406,1920.6,5.2
2025-12-27,African Cup of Nations,2025,Tournament/Friendly,Senegal,CAF,DR Congo,neutral,1,1,D,,,,,,,,,,,,,,"Tangier, Morocco",,True,True,1920.6,1744.3,0.734,1908.9,-11.7
2025-12-30,African Cup of Nations,2025,Tournament/Friendly,Senegal,CAF,Benin,neutral,3,0,W,,,,,,,,,,,,,,"Tangier, Morocco",,True,True,1908.9,1558.1,0.8828,1919.2,10.3
2026-01-03,African Cup of Nations,2026,Tournament/Friendly,Senegal,CAF,Sudan,neutral,3,1,W,,,,,,,,,,,,,,"Tangier, Morocco",,True,True,1919.2,1480.2,0.926,1924.7,5.5
2026-01-09,African Cup of Nations,2026,Tournament/Friendly,Senegal,CAF,Mali,neutral,1,0,W,,,,,,,,,,,,,,"Tangier, Morocco",,True,True,1924.7,1720.9,0.7637,1936.5,11.8
2026-01-14,African Cup of Nations,2026,Tournament/Friendly,Senegal,CAF,Egypt,neutral,1,0,W,,,,,,,,,,,,,,"Tangier, Morocco",,True,True,1936.5,1783.9,0.7065,1951.2,14.7
2026-01-18,African Cup of Nations,2026,Tournament/Friendly,Senegal,CAF,Morocco,away,0,3,L,,,,,,,,,,,,,,"Rabat, Morocco",,False,True,1951.2,1939.6,0.3755,1918.3,-32.9
2026-03-28,Friendly,2026,Tournament/Friendly,Senegal,CAF,Peru,neutral,2,0,W,,,,,,,,,,,,,,"Paris, France",,True,True,1918.3,1776.9,0.693,1927.5,9.2
2026-03-31,Friendly,2026,Tournament/Friendly,Senegal,CAF,Gambia,home,3,1,W,,,,,,,,,,,,,,"Diamniadio, Senegal",,False,True,1927.5,1544.2,0.9417,1929.3,1.7
2026-05-31,Friendly,2026,Tournament/Friendly,Senegal,CAF,USA,away,2,3,L,,,,,,,,,,,,,,"Charlotte, United States",,False,True,1929.3,1824.6,0.5067,1919.2,-10.1
2026-06-09,Friendly,2026,Tournament/Friendly,Senegal,CAF,Saudi Arabia,neutral,0,0,D,,,,,,,,,,,,,,"San Antonio, United States",,True,True,1919.2,1685.9,0.793,1913.3,-5.9
2022-03-25,Friendly,2022,Tournament/Friendly,South Africa,CAF,Guinea,neutral,0,0,D,,,,,,,,,,,,,,"Kortrijk, Belgium",,True,True,1654.0,1497.3,0.7114,1649.8,-4.2
2022-03-29,Friendly,2022,Tournament/Friendly,South Africa,CAF,France,away,0,5,L,,,,,,,,,,,,,,"Villeneuve-d'Ascq, France",,False,True,1649.8,2152.7,0.0302,1648.6,-1.2
2022-06-09,African Cup of Nations qualification,2022,Qualification,South Africa,CAF,Morocco,away,1,2,L,,,,,,,,,,,,,,"Rabat, Morocco",,False,True,1648.6,1824.9,0.1693,1641.8,-6.8
2022-07-13,COSAFA Cup,2022,Tournament/Friendly,South Africa,CAF,Mozambique,home,0,0,D,,,,,,,,,,,,,,"KwaMashu, South Africa",,False,True,1641.8,1434.4,0.8544,1631.2,-10.6
2022-07-15,COSAFA Cup,2022,Tournament/Friendly,South Africa,CAF,Madagascar,home,2,1,W,,,,,,,,,,,,,,"Clermont, South Africa",,False,True,1631.2,1405.2,0.8672,1635.2,4.0
2022-07-17,COSAFA Cup,2022,Tournament/Friendly,South Africa,CAF,Botswana,home,2,1,W,,,,,,,,,,,,,,"Clermont, South Africa",,False,True,1635.2,1466.5,0.8245,1640.5,5.3
2022-09-24,Friendly,2022,Tournament/Friendly,South Africa,CAF,Sierra Leone,home,4,0,W,,,,,,,,,,,,,,"Johannesburg, South Africa",,False,True,1640.5,1489.4,0.8092,1647.6,7.2
2022-09-27,Friendly,2022,Tournament/Friendly,South Africa,CAF,Botswana,home,1,0,W,,,,,,,,,,,,,,"Johannesburg, South Africa",,False,True,1647.6,1461.2,0.8387,1650.8,3.2
2022-11-17,Friendly,2022,Tournament/Friendly,South Africa,CAF,Mozambique,home,2,1,W,,,,,,,,,,,,,,"Mbombela, South Africa",,False,True,1650.8,1444.4,0.8537,1653.8,2.9
2022-11-20,Friendly,2022,Tournament/Friendly,South Africa,CAF,Angola,home,1,1,D,,,,,,,,,,,,,,"Mbombela, South Africa",,False,True,1653.8,1507.7,0.8047,1647.7,-6.1
2023-03-24,African Cup of Nations qualification,2023,Qualification,South Africa,CAF,Liberia,home,2,2,D,,,,,,,,,,,,,,"Johannesburg, South Africa",,False,True,1647.7,1409.4,0.8751,1632.7,-15.0
2023-03-28,African Cup of Nations qualification,2023,Qualification,South Africa,CAF,Liberia,away,2,1,W,,,,,,,,,,,,,,"Monrovia, Liberia",,False,True,1632.7,1424.4,0.6509,1646.6,14.0
2023-06-17,African Cup of Nations qualification,2023,Qualification,South Africa,CAF,Morocco,home,2,1,W,,,,,,,,,,,,,,"Johannesburg, South Africa",,False,True,1646.6,1950.4,0.2363,1677.2,30.5
2023-07-05,COSAFA Cup,2023,Tournament/Friendly,South Africa,CAF,Namibia,home,1,1,D,,,,,,,,,,,,,,"Durban, South Africa",,False,True,1677.2,1523.6,0.8115,1667.8,-9.3
2023-07-08,COSAFA Cup,2023,Tournament/Friendly,South Africa,CAF,Botswana,home,2,1,W,,,,,,,,,,,,,,"Durban, South Africa",,False,True,1667.8,1446.0,0.8644,1671.9,4.1
2023-07-11,COSAFA Cup,2023,Tournament/Friendly,South Africa,CAF,Eswatini,home,2,1,W,,,,,,,,,,,,,,"KwaMashu, South Africa",,False,True,1671.9,1378.8,0.9058,1674.7,2.8
2023-07-14,COSAFA Cup,2023,Tournament/Friendly,South Africa,CAF,Zambia,home,1,2,L,,,,,,,,,,,,,,"Durban, South Africa",,False,True,1674.7,1613.2,0.717,1653.2,-21.5
2023-07-16,COSAFA Cup,2023,Tournament/Friendly,South Africa,CAF,Malawi,home,0,0,D,,,,,,,,,,,,,,"Durban, South Africa",,False,True,1653.2,1447.1,0.8535,1642.6,-10.6
2023-09-09,Friendly,2023,Tournament/Friendly,South Africa,CAF,Namibia,home,0,0,D,,,,,,,,,,,,,,"Johannesburg, South Africa",,False,True,1642.6,1508.0,0.7942,1636.7,-5.9
2023-09-12,Friendly,2023,Tournament/Friendly,South Africa,CAF,DR Congo,home,1,0,W,,,,,,,,,,,,,,"Johannesburg, South Africa",,False,True,1636.7,1638.7,0.6375,1644.0,7.2
2023-10-13,Friendly,2023,Tournament/Friendly,South Africa,CAF,Eswatini,home,0,0,D,,,,,,,,,,,,,,"Johannesburg, South Africa",,False,True,1644.0,1389.9,0.8847,1636.3,-7.7
2023-10-17,Friendly,2023,Tournament/Friendly,South Africa,CAF,Ivory Coast,away,1,1,D,,,,,,,,,,,,,,"Abidjan, Ivory Coast",,False,True,1636.3,1746.8,0.2294,1641.7,5.4
2023-11-18,FIFA World Cup qualification,2023,Qualification,South Africa,CAF,Benin,home,2,1,W,,,,,,,,,,,,,,"Durban, South Africa",,False,True,1641.7,1474.0,0.8236,1648.7,7.1
2023-11-21,FIFA World Cup qualification,2023,Qualification,South Africa,CAF,Rwanda,away,0,2,L,,,,,,,,,,,,,,"Butare, Rwanda",,False,True,1648.7,1389.3,0.7146,1605.9,-42.9
2024-01-10,Friendly,2024,Tournament/Friendly,South Africa,CAF,Lesotho,home,0,0,D,,,,,,,,,,,,,,"Pretoria, South Africa",,False,True,1605.9,1337.3,0.893,1598.0,-7.9
2024-01-16,African Cup of Nations,2024,Tournament/Friendly,South Africa,CAF,Mali,neutral,0,2,L,,,,,,,,,,,,,,"Korhogo, Ivory Coast",,True,True,1598.0,1741.0,0.3052,1575.1,-22.9
2024-01-21,African Cup of Nations,2024,Tournament/Friendly,South Africa,CAF,Namibia,neutral,4,0,W,,,,,,,,,,,,,,"Korhogo, Ivory Coast",,True,True,1575.1,1618.1,0.4385,1627.8,52.6
2024-01-24,African Cup of Nations,2024,Tournament/Friendly,South Africa,CAF,Tunisia,neutral,0,0,D,,,,,,,,,,,,,,"Korhogo, Ivory Coast",,True,True,1627.8,1788.7,0.2836,1638.6,10.8
2024-01-30,African Cup of Nations,2024,Tournament/Friendly,South Africa,CAF,Morocco,neutral,2,0,W,,,,,,,,,,,,,,"San-Pédro, Ivory Coast",,True,True,1638.6,1925.6,0.1608,1701.5,62.9
2024-02-03,African Cup of Nations,2024,Tournament/Friendly,South Africa,CAF,Cape Verde,neutral,0,0,D,,,,,,,,,,,,,,"Yamoussoukro, Ivory Coast",,True,True,1701.5,1670.9,0.5439,1699.3,-2.2
2024-02-07,African Cup of Nations,2024,Tournament/Friendly,South Africa,CAF,Nigeria,neutral,1,1,D,,,,,,,,,,,,,,"Bouaké, Ivory Coast",,True,True,1699.3,1762.7,0.4097,1703.8,4.5
2024-02-10,African Cup of Nations,2024,Tournament/Friendly,South Africa,CAF,DR Congo,neutral,0,0,D,,,,,,,,,,,,,,"Abidjan, Ivory Coast",,True,True,1703.8,1640.4,0.5902,1699.3,-4.5
2024-03-21,FIFA Series,2024,Tournament/Friendly,South Africa,CAF,Andorra,neutral,1,1,D,,,,,,,,,,,,,,"Annaba, Algeria",,True,True,1699.3,1161.1,0.9568,1690.2,-9.1
2024-03-26,FIFA Series,2024,Tournament/Friendly,South Africa,CAF,Algeria,away,3,3,D,,,,,,,,,,,,,,"Algiers, Algeria",,False,True,1690.2,1777.5,0.2538,1695.1,4.9
2024-06-07,FIFA World Cup qualification,2024,Qualification,South Africa,CAF,Nigeria,away,1,1,D,,,,,,,,,,,,,,"Uyo, Nigeria",,False,True,1695.1,1743.3,0.2988,1703.2,8.0
2024-06-11,FIFA World Cup qualification,2024,Qualification,South Africa,CAF,Zimbabwe,home,3,1,W,,,,,,,,,,,,,,"Bloemfontein, South Africa",,False,True,1703.2,1416.7,0.9024,1709.0,5.9
2024-09-06,African Cup of Nations qualification,2024,Qualification,South Africa,CAF,Uganda,home,2,2,D,,,,,,,,,,,,,,"Johannesburg, South Africa",,False,True,1709.0,1477.6,0.8708,1694.2,-14.8
2024-09-10,African Cup of Nations qualification,2024,Qualification,South Africa,CAF,South Sudan,away,3,2,W,,,,,,,,,,,,,,"Juba, South Sudan",,False,True,1694.2,1262.6,0.8709,1699.4,5.2
2024-10-11,African Cup of Nations qualification,2024,Qualification,South Africa,CAF,Congo,home,5,0,W,,,,,,,,,,,,,,"Gqeberha, South Africa",,False,True,1699.4,1382.4,0.9168,1706.0,6.7
2024-10-15,African Cup of Nations qualification,2024,Qualification,South Africa,CAF,Congo,away,1,1,D,,,,,,,,,,,,,,"Brazzaville, Congo",,False,True,1706.0,1375.8,0.7901,1694.4,-11.6
2024-11-15,African Cup of Nations qualification,2024,Qualification,South Africa,CAF,Uganda,away,2,0,W,,,,,,,,,,,,,,"Kampala, Uganda",,False,True,1694.4,1523.3,0.6009,1718.3,23.9
2024-11-19,African Cup of Nations qualification,2024,Qualification,South Africa,CAF,South Sudan,home,3,0,W,,,,,,,,,,,,,,"Cape Town, South Africa",,False,True,1718.3,1263.9,0.9605,1721.1,2.8
2025-03-21,FIFA World Cup qualification,2025,Qualification,South Africa,CAF,Lesotho,home,0,3,L,,,,,,,,,,,,,,"Polokwane, South Africa",,False,True,1721.1,1371.2,0.9302,1656.0,-65.1
2025-03-25,FIFA World Cup qualification,2025,Qualification,South Africa,CAF,Benin,neutral,2,0,W,,,,,,,,,,,,,,"Abidjan, Ivory Coast",,True,True,1656.0,1540.4,0.6605,1676.4,20.4
2025-06-06,Friendly,2025,Tournament/Friendly,South Africa,CAF,Tanzania,home,0,0,D,,,,,,,,,,,,,,"Polokwane, South Africa",,False,True,1676.4,1478.7,0.8473,1669.4,-6.9
2025-06-10,Friendly,2025,Tournament/Friendly,South Africa,CAF,Mozambique,home,2,0,W,,,,,,,,,,,,,,"Polokwane, South Africa",,False,True,1669.4,1564.4,0.7649,1676.5,7.1
2025-09-05,FIFA World Cup qualification,2025,Qualification,South Africa,CAF,Lesotho,home,3,0,W,,,,,,,,,,,,,,"Bloemfontein, South Africa",,False,True,1676.5,1442.0,0.8728,1685.4,8.9
2025-09-09,FIFA World Cup qualification,2025,Qualification,South Africa,CAF,Nigeria,home,1,1,D,,,,,,,,,,,,,,"Bloemfontein, South Africa",,False,True,1685.4,1694.8,0.6275,1680.3,-5.1
2025-10-10,FIFA World Cup qualification,2025,Qualification,South Africa,CAF,Zimbabwe,home,0,0,D,,,,,,,,,,,,,,"Durban, South Africa",,False,True,1680.3,1446.9,0.872,1665.4,-14.9
2025-10-14,FIFA World Cup qualification,2025,Qualification,South Africa,CAF,Rwanda,home,3,0,W,,,,,,,,,,,,,,"Mbombela, South Africa",,False,True,1665.4,1427.2,0.8751,1674.1,8.7
2025-11-15,Friendly,2025,Tournament/Friendly,South Africa,CAF,Zambia,home,3,1,W,,,,,,,,,,,,,,"Gqeberha, South Africa",,False,True,1674.1,1563.3,0.7709,1681.0,6.9
2025-12-22,African Cup of Nations,2025,Tournament/Friendly,South Africa,CAF,Angola,neutral,2,1,W,,,,,,,,,,,,,,"Marrakesh, Morocco",,True,True,1681.0,1601.8,0.6121,1700.4,19.4
2025-12-26,African Cup of Nations,2025,Tournament/Friendly,South Africa,CAF,Egypt,neutral,0,1,L,,,,,,,,,,,,,,"Agadir, Morocco",,True,True,1700.4,1726.7,0.4622,1677.3,-23.1
2025-12-29,African Cup of Nations,2025,Tournament/Friendly,South Africa,CAF,Zimbabwe,neutral,3,2,W,,,,,,,,,,,,,,"Marrakesh, Morocco",,True,True,1677.3,1452.7,0.7846,1688.1,10.8
2026-01-04,African Cup of Nations,2026,Tournament/Friendly,South Africa,CAF,Cameroon,neutral,1,2,L,,,,,,,,,,,,,,"Rabat, Morocco",,True,True,1688.1,1701.3,0.4809,1664.0,-24.0
2026-03-27,Friendly,2026,Tournament/Friendly,South Africa,CAF,Panama,home,1,1,D,,,,,,,,,,,,,,"Durban, South Africa",,False,True,1664.0,1859.4,0.3661,1666.7,2.7
2026-03-31,Friendly,2026,Tournament/Friendly,South Africa,CAF,Panama,home,1,2,L,,,,,,,,,,,,,,"Cape Town, South Africa",,False,True,1666.7,1856.7,0.3733,1659.2,-7.5
2026-05-29,Friendly,2026,Tournament/Friendly,South Africa,CAF,Nicaragua,home,0,0,D,,,,,,,,,,,,,,"Johannesburg, South Africa",,False,True,1659.2,1499.7,0.8167,1652.9,-6.3
2026-06-06,Friendly,2026,Tournament/Friendly,South Africa,CAF,Jamaica,neutral,1,0,W,,,,,,,,,,,,,,"Pachuca, Mexico",,True,True,1652.9,1670.2,0.4751,1663.4,10.5
2022-01-15,Friendly,2022,Tournament/Friendly,South Korea,AFC,Iceland,neutral,5,1,W,,,,,,,,,,,,,,"Antalya, Turkey",,True,True,1879.5,1601.8,0.8318,1885.8,6.3
2022-01-20,Friendly,2022,Tournament/Friendly,South Korea,AFC,Moldova,neutral,4,0,W,,,,,,,,,,,,,,"Antalya, Turkey",,True,True,1885.8,1231.3,0.9774,1886.7,0.8
2022-01-27,FIFA World Cup qualification,2022,Qualification,South Korea,AFC,Lebanon,away,1,0,W,,,,,,,,,,,,,,"Sidon, Lebanon",,False,True,1886.7,1508.3,0.8324,1893.4,6.7
2022-02-01,FIFA World Cup qualification,2022,Qualification,South Korea,AFC,Syria,neutral,2,0,W,,,,,,,,,,,,,,"Dubai, United Arab Emirates",,True,True,1893.4,1543.5,0.8822,1900.4,7.1
2022-03-24,FIFA World Cup qualification,2022,Qualification,South Korea,AFC,Iran,home,2,0,W,,,,,,,,,,,,,,"Seoul, South Korea",,False,True,1900.4,1943.7,0.5809,1925.6,25.1
2022-03-29,FIFA World Cup qualification,2022,Qualification,South Korea,AFC,United Arab Emirates,away,0,1,L,,,,,,,,,,,,,,"Dubai, United Arab Emirates",,False,True,1925.6,1616.2,0.7695,1894.8,-30.8
2022-06-02,Friendly,2022,Tournament/Friendly,South Korea,AFC,Brazil,home,1,5,L,,,,,,,,,,,,,,"Seoul, South Korea",,False,True,1894.8,2213.7,0.2209,1886.5,-8.3
2022-06-06,Friendly,2022,Tournament/Friendly,South Korea,AFC,Chile,home,2,0,W,,,,,,,,,,,,,,"Daejeon, South Korea",,False,True,1886.5,1834.7,0.7056,1895.3,8.8
2022-06-10,Friendly,2022,Tournament/Friendly,South Korea,AFC,Paraguay,home,2,2,D,,,,,,,,,,,,,,"Suwon, South Korea",,False,True,1895.3,1783.1,0.7723,1889.9,-5.4
2022-06-14,Friendly,2022,Tournament/Friendly,South Korea,AFC,Egypt,home,4,1,W,,,,,,,,,,,,,,"Seoul, South Korea",,False,True,1889.9,1749.1,0.8,1896.9,7.0
2022-07-20,EAFF Championship,2022,Tournament/Friendly,South Korea,AFC,China,neutral,3,0,W,,,,,,,,,,,,,,"Toyota, Japan",,True,True,1896.9,1569.7,0.868,1903.8,6.9
2022-07-24,EAFF Championship,2022,Tournament/Friendly,South Korea,AFC,Hong Kong,neutral,3,0,W,,,,,,,,,,,,,,"Toyota, Japan",,True,True,1903.8,1317.0,0.967,1905.6,1.7
2022-07-27,EAFF Championship,2022,Tournament/Friendly,South Korea,AFC,Japan,away,0,3,L,,,,,,,,,,,,,,"Toyota, Japan",,False,True,1905.6,1867.1,0.4123,1883.9,-21.6
2022-09-23,Friendly,2022,Tournament/Friendly,South Korea,AFC,Costa Rica,home,2,2,D,,,,,,,,,,,,,,"Goyang, South Korea",,False,True,1883.9,1849.8,0.684,1880.2,-3.7
2022-09-27,Friendly,2022,Tournament/Friendly,South Korea,AFC,Cameroon,home,1,0,W,,,,,,,,,,,,,,"Seoul, South Korea",,False,True,1880.2,1724.4,0.8135,1884.0,3.7
2022-11-11,Friendly,2022,Tournament/Friendly,South Korea,AFC,Iceland,home,1,0,W,,,,,,,,,,,,,,"Hwaseong, South Korea",,False,True,1884.0,1614.2,0.8936,1886.1,2.1
2022-11-24,FIFA World Cup,2022,Tournament/Friendly,South Korea,AFC,Uruguay,neutral,0,0,D,,,,,,,,,,,,,,"Al Rayyan, Qatar",,True,True,1886.1,2007.5,0.332,1896.2,10.1
2022-11-28,FIFA World Cup,2022,Tournament/Friendly,South Korea,AFC,Ghana,neutral,2,3,L,,,,,,,,,,,,,,"Al Rayyan, Qatar",,True,True,1896.2,1672.7,0.7835,1849.2,-47.0
2022-12-02,FIFA World Cup,2022,Tournament/Friendly,South Korea,AFC,Portugal,neutral,2,1,W,,,,,,,,,,,,,,"Al Rayyan, Qatar",,True,True,1849.2,2096.5,0.194,1897.5,48.4
2022-12-05,FIFA World Cup,2022,Tournament/Friendly,South Korea,AFC,Brazil,neutral,1,4,L,,,,,,,,,,,,,,"Doha, Qatar",,True,True,1897.5,2198.2,0.1504,1881.7,-15.8
2023-03-24,Friendly,2023,Tournament/Friendly,South Korea,AFC,Colombia,home,2,2,D,,,,,,,,,,,,,,"Ulsan, South Korea",,False,True,1881.7,1987.1,0.4922,1881.9,0.2
2023-03-28,Friendly,2023,Tournament/Friendly,South Korea,AFC,Uruguay,home,1,2,L,,,,,,,,,,,,,,"Seoul, South Korea",,False,True,1881.9,1980.6,0.5019,1871.8,-10.0
2023-06-16,Friendly,2023,Tournament/Friendly,South Korea,AFC,Peru,home,0,1,L,,,,,,,,,,,,,,"Busan, South Korea",,False,True,1871.8,1918.6,0.576,1860.3,-11.5
2023-06-20,Friendly,2023,Tournament/Friendly,South Korea,AFC,El Salvador,home,1,1,D,,,,,,,,,,,,,,"Daejeon, South Korea",,False,True,1860.3,1584.6,0.8969,1852.4,-7.9
2023-09-07,Friendly,2023,Tournament/Friendly,South Korea,AFC,Wales,away,0,0,D,,,,,,,,,,,,,,"Cardiff, Wales",,False,True,1852.4,1715.3,0.5532,1851.3,-1.1
2023-09-12,Friendly,2023,Tournament/Friendly,South Korea,AFC,Saudi Arabia,neutral,1,0,W,,,,,,,,,,,,,,"Newcastle, England",,True,True,1851.3,1676.1,0.7327,1856.7,5.3
2023-10-13,Friendly,2023,Tournament/Friendly,South Korea,AFC,Tunisia,home,4,0,W,,,,,,,,,,,,,,"Seoul, South Korea",,False,True,1856.7,1840.0,0.6619,1869.3,12.7
2023-10-17,Friendly,2023,Tournament/Friendly,South Korea,AFC,Vietnam,home,6,0,W,,,,,,,,,,,,,,"Suwon, South Korea",,False,True,1869.3,1541.5,0.9215,1872.7,3.3
2023-11-16,FIFA World Cup qualification,2023,Qualification,South Korea,AFC,Singapore,home,5,0,W,,,,,,,,,,,,,,"Seoul, South Korea",,False,True,1872.7,1313.6,0.978,1874.4,1.8
2023-11-21,FIFA World Cup qualification,2023,Qualification,South Korea,AFC,China,away,3,0,W,,,,,,,,,,,,,,"Shenzhen, China",,False,True,1874.4,1598.9,0.7331,1893.1,18.7
2024-01-06,Friendly,2024,Tournament/Friendly,South Korea,AFC,Iraq,neutral,1,0,W,,,,,,,,,,,,,,"Abu Dhabi, United Arab Emirates",,True,True,1893.1,1735.2,0.7128,1898.9,5.7
2024-01-15,AFC Asian Cup,2024,Tournament/Friendly,South Korea,AFC,Bahrain,neutral,3,1,W,,,,,,,,,,,,,,"Doha, Qatar",,True,True,1898.9,1548.8,0.8823,1907.7,8.8
2024-01-20,AFC Asian Cup,2024,Tournament/Friendly,South Korea,AFC,Jordan,neutral,2,2,D,,,,,,,,,,,,,,"Doha, Qatar",,True,True,1907.7,1657.5,0.8085,1892.3,-15.4
2024-01-25,AFC Asian Cup,2024,Tournament/Friendly,South Korea,AFC,Malaysia,neutral,3,3,D,,,,,,,,,,,,,,"Al Wakrah, Qatar",,True,True,1892.3,1444.9,0.9293,1870.8,-21.5
2024-01-30,AFC Asian Cup,2024,Tournament/Friendly,South Korea,AFC,Saudi Arabia,neutral,1,1,D,,,,,,,,,,,,,,"Al Rayyan, Qatar",,True,True,1870.8,1722.1,0.7019,1860.7,-10.1
2024-02-02,AFC Asian Cup,2024,Tournament/Friendly,South Korea,AFC,Australia,neutral,2,1,W,,,,,,,,,,,,,,"Al Wakrah, Qatar",,True,True,1860.7,1896.0,0.4494,1888.2,27.5
2024-02-06,AFC Asian Cup,2024,Tournament/Friendly,South Korea,AFC,Jordan,neutral,0,2,L,,,,,,,,,,,,,,"Al Rayyan, Qatar",,True,True,1888.2,1690.0,0.7579,1831.4,-56.8
2024-03-21,FIFA World Cup qualification,2024,Qualification,South Korea,AFC,Thailand,home,1,1,D,,,,,,,,,,,,,,"Seoul, South Korea",,False,True,1831.4,1553.2,0.8982,1815.5,-15.9
2024-03-26,FIFA World Cup qualification,2024,Qualification,South Korea,AFC,Thailand,away,3,0,W,,,,,,,,,,,,,,"Bangkok, Thailand",,False,True,1815.5,1569.1,0.699,1836.5,21.1
2024-06-06,FIFA World Cup qualification,2024,Qualification,South Korea,AFC,Singapore,away,7,0,W,,,,,,,,,,,,,,"Kallang, Singapore",,False,True,1836.5,1288.1,0.9297,1842.9,6.3
2024-06-11,FIFA World Cup qualification,2024,Qualification,South Korea,AFC,China,home,1,0,W,,,,,,,,,,,,,,"Seoul, South Korea",,False,True,1842.9,1534.0,0.9132,1846.3,3.5
2024-09-05,FIFA World Cup qualification,2024,Qualification,South Korea,AFC,Palestine,home,0,0,D,,,,,,,,,,,,,,"Seoul, South Korea",,False,True,1846.3,1547.1,0.9087,1830.0,-16.3
2024-09-10,FIFA World Cup qualification,2024,Qualification,South Korea,AFC,Oman,away,3,1,W,,,,,,,,,,,,,,"Muscat, Oman",,False,True,1830.0,1644.2,0.621,1852.7,22.7
2024-10-10,FIFA World Cup qualification,2024,Qualification,South Korea,AFC,Jordan,away,2,0,W,,,,,,,,,,,,,,"Amman, Jordan",,False,True,1852.7,1752.0,0.5011,1882.7,29.9
2024-10-15,FIFA World Cup qualification,2024,Qualification,South Korea,AFC,Iraq,home,3,2,W,,,,,,,,,,,,,,"Yongin, South Korea",,False,True,1882.7,1783.1,0.7592,1892.3,9.6
2024-11-14,FIFA World Cup qualification,2024,Qualification,South Korea,AFC,Kuwait,away,3,1,W,,,,,,,,,,,,,,"Kuwait City, Kuwait",,False,True,1892.3,1460.1,0.8713,1900.0,7.7
2024-11-19,FIFA World Cup qualification,2024,Qualification,South Korea,AFC,Palestine,neutral,1,1,D,,,,,,,,,,,,,,"Amman, Jordan",,True,True,1900.0,1526.6,0.8956,1884.2,-15.8
2025-03-20,FIFA World Cup qualification,2025,Qualification,South Korea,AFC,Oman,home,1,1,D,,,,,,,,,,,,,,"Goyang, South Korea",,False,True,1884.2,1617.2,0.8921,1868.5,-15.7
2025-03-25,FIFA World Cup qualification,2025,Qualification,South Korea,AFC,Jordan,home,1,1,D,,,,,,,,,,,,,,"Suwon, South Korea",,False,True,1868.5,1742.3,0.7862,1857.1,-11.4
2025-06-05,FIFA World Cup qualification,2025,Qualification,South Korea,AFC,Iraq,away,2,0,W,,,,,,,,,,,,,,"Basra, Iraq",,False,True,1857.1,1677.8,0.6121,1880.3,23.3
2025-06-10,FIFA World Cup qualification,2025,Qualification,South Korea,AFC,Kuwait,home,4,0,W,,,,,,,,,,,,,,"Seoul, South Korea",,False,True,1880.3,1440.8,0.9571,1883.5,3.2
2025-09-06,Friendly,2025,Tournament/Friendly,South Korea,AFC,USA,away,2,0,W,,,,,,,,,,,,,,"Harrison, United States",,False,True,1883.5,1808.7,0.4638,1899.6,16.1
2025-09-09,Friendly,2025,Tournament/Friendly,South Korea,AFC,Mexico,neutral,2,2,D,,,,,,,,,,,,,,"Nashville, United States",,True,True,1899.6,1974.7,0.3936,1901.8,2.1
2025-10-10,Friendly,2025,Tournament/Friendly,South Korea,AFC,Brazil,home,0,5,L,,,,,,,,,,,,,,"Seoul, South Korea",,False,True,1901.8,2050.3,0.4307,1884.5,-17.2
2025-10-14,Friendly,2025,Tournament/Friendly,South Korea,AFC,Paraguay,home,2,0,W,,,,,,,,,,,,,,"Seoul, South Korea",,False,True,1884.5,1924.2,0.586,1897.0,12.4
2025-11-14,Friendly,2025,Tournament/Friendly,South Korea,AFC,Bolivia,home,2,0,W,,,,,,,,,,,,,,"Daejeon, South Korea",,False,True,1897.0,1770.0,0.7869,1903.3,6.4
2025-11-18,Friendly,2025,Tournament/Friendly,South Korea,AFC,Ghana,home,1,0,W,,,,,,,,,,,,,,"Seoul, South Korea",,False,True,1903.3,1629.8,0.8957,1905.4,2.1
2026-03-28,Friendly,2026,Tournament/Friendly,South Korea,AFC,Ivory Coast,neutral,0,4,L,,,,,,,,,,,,,,"Milton Keynes, England",,True,True,1905.4,1758.2,0.7001,1879.2,-26.3
2026-03-31,Friendly,2026,Tournament/Friendly,South Korea,AFC,Austria,away,0,1,L,,,,,,,,,,,,,,"Vienna, Austria",,False,True,1879.2,1876.4,0.3636,1871.9,-7.3
2026-05-30,Friendly,2026,Tournament/Friendly,South Korea,AFC,Trinidad and Tobago,neutral,5,0,W,,,,,,,,,,,,,,"Provo, United States",,True,True,1871.9,1551.0,0.8638,1877.4,5.4
2026-06-03,Friendly,2026,Tournament/Friendly,South Korea,AFC,El Salvador,neutral,1,0,W,,,,,,,,,,,,,,"Provo, United States",,True,True,1877.4,1487.5,0.9041,1879.3,1.9
2022-03-26,Friendly,2022,Tournament/Friendly,Spain,UEFA,Albania,home,2,1,W,,,,,,,,,,,,,,"Barcelona, Spain",,False,True,2083.0,1629.6,0.9603,2083.8,0.8
2022-03-29,Friendly,2022,Tournament/Friendly,Spain,UEFA,Iceland,home,5,0,W,,,,,,,,,,,,,,"A Coruña, Spain",,False,True,2083.8,1600.1,0.9664,2085.1,1.3
2022-06-02,UEFA Nations League,2022,Tournament/Friendly,Spain,UEFA,Portugal,home,1,1,D,,,,,,,,,,,,,,"Seville, Spain",,False,True,2085.1,2029.8,0.7098,2076.7,-8.4
2022-06-05,UEFA Nations League,2022,Tournament/Friendly,Spain,UEFA,Czech Republic,away,2,2,D,,,,,,,,,,,,,,"Prague, Czech Republic",,False,True,2076.7,1887.7,0.6254,2071.7,-5.0
2022-06-09,UEFA Nations League,2022,Tournament/Friendly,Spain,UEFA,Switzerland,away,1,0,W,,,,,,,,,,,,,,"Geneva, Switzerland",,False,True,2071.7,1944.4,0.5392,2090.2,18.4
2022-06-12,UEFA Nations League,2022,Tournament/Friendly,Spain,UEFA,Czech Republic,home,2,0,W,,,,,,,,,,,,,,"Málaga, Spain",,False,True,2090.2,1882.1,0.8549,2098.9,8.7
2022-09-24,UEFA Nations League,2022,Tournament/Friendly,Spain,UEFA,Switzerland,home,1,2,L,,,,,,,,,,,,,,"Zaragoza, Spain",,False,True,2098.9,1948.5,0.8087,2066.5,-32.3
2022-09-27,UEFA Nations League,2022,Tournament/Friendly,Spain,UEFA,Portugal,away,1,0,W,,,,,,,,,,,,,,"Braga, Portugal",,False,True,2066.5,2076.3,0.3471,2092.6,26.1
2022-11-17,Friendly,2022,Tournament/Friendly,Spain,UEFA,Jordan,away,3,1,W,,,,,,,,,,,,,,"Amman, Jordan",,False,True,2092.6,1701.9,0.842,2097.4,4.7
2022-11-23,FIFA World Cup,2022,Tournament/Friendly,Spain,UEFA,Costa Rica,neutral,7,0,W,,,,,,,,,,,,,,"Doha, Qatar",,True,True,2097.4,1865.7,0.7914,2125.5,28.2
2022-11-27,FIFA World Cup,2022,Tournament/Friendly,Spain,UEFA,Germany,neutral,1,1,D,,,,,,,,,,,,,,"Al Khor, Qatar",,True,True,2125.5,1974.1,0.705,2113.2,-12.3
2022-12-01,FIFA World Cup,2022,Tournament/Friendly,Spain,UEFA,Japan,neutral,1,2,L,,,,,,,,,,,,,,"Al Rayyan, Qatar",,True,True,2113.2,1903.4,0.7699,2067.0,-46.2
2022-12-06,FIFA World Cup,2022,Tournament/Friendly,Spain,UEFA,Morocco,neutral,0,0,D,,,,,,,,,,,,,,"Al Rayyan, Qatar",,True,True,2067.0,1959.5,0.6501,2058.0,-9.0
2023-03-25,UEFA Euro qualification,2023,Qualification,Spain,UEFA,Norway,home,3,0,W,,,,,,,,,,,,,,"Málaga, Spain",,False,True,2058.0,1787.5,0.8941,2065.4,7.4
2023-03-28,UEFA Euro qualification,2023,Qualification,Spain,UEFA,Scotland,away,0,2,L,,,,,,,,,,,,,,"Glasgow, Scotland",,False,True,2065.4,1801.1,0.7203,2022.2,-43.2
2023-06-15,UEFA Nations League,2023,Tournament/Friendly,Spain,UEFA,Italy,neutral,2,1,W,,,,,,,,,,,,,,"Enschede, Netherlands",,True,True,2022.2,2009.3,0.5186,2041.5,19.3
2023-06-18,UEFA Nations League,2023,Tournament/Friendly,Spain,UEFA,Croatia,neutral,0,0,D,,,,,,,,,,,,,,"Rotterdam, Netherlands",,True,True,2041.5,2064.9,0.4663,2042.8,1.3
2023-09-08,UEFA Euro qualification,2023,Qualification,Spain,UEFA,Georgia,away,7,1,W,,,,,,,,,,,,,,"Tbilisi, Georgia",,False,True,2042.8,1707.5,0.7948,2060.3,17.4
2023-09-12,UEFA Euro qualification,2023,Qualification,Spain,UEFA,Cyprus,home,6,0,W,,,,,,,,,,,,,,"Granada, Spain",,False,True,2060.3,1385.5,0.9886,2061.2,1.0
2023-10-12,UEFA Euro qualification,2023,Qualification,Spain,UEFA,Scotland,home,2,0,W,,,,,,,,,,,,,,"Seville, Spain",,False,True,2061.2,1873.3,0.8399,2070.8,9.6
2023-10-15,UEFA Euro qualification,2023,Qualification,Spain,UEFA,Norway,away,1,0,W,,,,,,,,,,,,,,"Oslo, Norway",,False,True,2070.8,1797.2,0.7309,2081.6,10.8
2023-11-16,UEFA Euro qualification,2023,Qualification,Spain,UEFA,Cyprus,away,3,1,W,,,,,,,,,,,,,,"Limassol, Cyprus",,False,True,2081.6,1367.0,0.9717,2083.3,1.7
2023-11-19,UEFA Euro qualification,2023,Qualification,Spain,UEFA,Georgia,home,3,1,W,,,,,,,,,,,,,,"Valladolid, Spain",,False,True,2083.3,1698.9,0.9421,2086.8,3.5
2024-03-22,Friendly,2024,Tournament/Friendly,Spain,UEFA,Colombia,neutral,0,1,L,,,,,,,,,,,,,,"London, England",,True,True,2086.8,2052.3,0.5495,2075.8,-11.0
2024-03-26,Friendly,2024,Tournament/Friendly,Spain,UEFA,Brazil,home,3,3,D,,,,,,,,,,,,,,"Madrid, Spain",,False,True,2075.8,2091.0,0.6197,2073.4,-2.4
2024-06-05,Friendly,2024,Tournament/Friendly,Spain,UEFA,Andorra,home,5,0,W,,,,,,,,,,,,,,"Badajoz, Spain",,False,True,2073.4,1169.2,0.9969,2073.5,0.1
2024-06-08,Friendly,2024,Tournament/Friendly,Spain,UEFA,Northern Ireland,home,5,1,W,,,,,,,,,,,,,,"Mallorca, Spain",,False,True,2073.5,1564.0,0.9709,2074.6,1.1
2024-06-15,UEFA Euro,2024,Tournament/Friendly,Spain,UEFA,Croatia,neutral,3,0,W,,,,,,,,,,,,,,"Berlin, Germany",,True,True,2074.6,2025.2,0.5707,2112.2,37.6
2024-06-20,UEFA Euro,2024,Tournament/Friendly,Spain,UEFA,Italy,neutral,1,0,W,,,,,,,,,,,,,,"Gelsenkirchen, Germany",,True,True,2112.2,2013.7,0.6381,2130.3,18.1
2024-06-24,UEFA Euro,2024,Tournament/Friendly,Spain,UEFA,Albania,neutral,1,0,W,,,,,,,,,,,,,,"Düsseldorf, Germany",,True,True,2130.3,1685.0,0.9285,2133.9,3.6
2024-06-30,UEFA Euro,2024,Tournament/Friendly,Spain,UEFA,Georgia,neutral,4,1,W,,,,,,,,,,,,,,"Cologne, Germany",,True,True,2133.9,1769.8,0.8905,2143.4,9.6
2024-07-05,UEFA Euro,2024,Tournament/Friendly,Spain,UEFA,Germany,away,2,1,W,,,,,,,,,,,,,,"Stuttgart, Germany",,False,True,2143.4,2017.5,0.5373,2166.6,23.1
2024-07-09,UEFA Euro,2024,Tournament/Friendly,Spain,UEFA,France,neutral,2,1,W,,,,,,,,,,,,,,"Munich, Germany",,True,True,2166.6,2128.6,0.5545,2188.8,22.3
2024-07-14,UEFA Euro,2024,Tournament/Friendly,Spain,UEFA,England,neutral,2,1,W,,,,,,,,,,,,,,"Berlin, Germany",,True,True,2188.8,2058.9,0.6788,2204.9,16.1
2024-09-05,UEFA Nations League,2024,Tournament/Friendly,Spain,UEFA,Serbia,away,0,0,D,,,,,,,,,,,,,,"Belgrade, Serbia",,False,True,2204.9,1855.4,0.8078,2192.6,-12.3
2024-09-08,UEFA Nations League,2024,Tournament/Friendly,Spain,UEFA,Switzerland,away,4,1,W,,,,,,,,,,,,,,"Geneva, Switzerland",,False,True,2192.6,1932.3,0.7156,2212.5,19.9
2024-10-12,UEFA Nations League,2024,Tournament/Friendly,Spain,UEFA,Denmark,home,1,0,W,,,,,,,,,,,,,,"Murcia, Spain",,False,True,2212.5,1919.3,0.9058,2216.3,3.8
2024-10-15,UEFA Nations League,2024,Tournament/Friendly,Spain,UEFA,Serbia,home,3,0,W,,,,,,,,,,,,,,"Córdoba, Spain",,False,True,2216.3,1875.6,0.9267,2221.4,5.1
2024-11-15,UEFA Nations League,2024,Tournament/Friendly,Spain,UEFA,Denmark,away,2,1,W,,,,,,,,,,,,,,"Copenhagen, Denmark",,False,True,2221.4,1919.5,0.7617,2230.9,9.5
2024-11-18,UEFA Nations League,2024,Tournament/Friendly,Spain,UEFA,Switzerland,home,3,2,W,,,,,,,,,,,,,,"Santa Cruz de Tenerife, Spain",,False,True,2230.9,1875.4,0.9323,2233.6,2.7
2025-03-20,UEFA Nations League,2025,Tournament/Friendly,Spain,UEFA,Netherlands,away,2,2,D,,,,,,,,,,,,,,"Rotterdam, Netherlands",,False,True,2233.6,2002.3,0.6805,2226.4,-7.2
2025-03-23,UEFA Nations League,2025,Tournament/Friendly,Spain,UEFA,Netherlands,home,3,3,D,,,,,,,,,,,,,,"Valencia, Spain",,False,True,2226.4,2009.5,0.8611,2212.0,-14.4
2025-06-05,UEFA Nations League,2025,Tournament/Friendly,Spain,UEFA,France,neutral,5,4,W,,,,,,,,,,,,,,"Stuttgart, Germany",,True,True,2212.0,2092.4,0.6656,2225.4,13.4
2025-06-08,UEFA Nations League,2025,Tournament/Friendly,Spain,UEFA,Portugal,neutral,2,2,D,,,,,,,,,,,,,,"Munich, Germany",,True,True,2225.4,2069.6,0.7103,2216.9,-8.4
2025-09-04,FIFA World Cup qualification,2025,Qualification,Spain,UEFA,Bulgaria,away,3,0,W,,,,,,,,,,,,,,"Sofia, Bulgaria",,False,True,2216.9,1502.9,0.9717,2218.9,2.0
2025-09-07,FIFA World Cup qualification,2025,Qualification,Spain,UEFA,Turkey,away,6,0,W,,,,,,,,,,,,,,"Konya, Turkey",,False,True,2218.9,1909.9,0.7691,2238.6,19.6
2025-10-11,FIFA World Cup qualification,2025,Qualification,Spain,UEFA,Georgia,home,2,0,W,,,,,,,,,,,,,,"Elche, Spain",,False,True,2238.6,1754.1,0.9666,2240.6,2.0
2025-10-14,FIFA World Cup qualification,2025,Qualification,Spain,UEFA,Bulgaria,home,4,0,W,,,,,,,,,,,,,,"Valladolid, Spain",,False,True,2240.6,1480.2,0.993,2241.1,0.5
2025-11-15,FIFA World Cup qualification,2025,Qualification,Spain,UEFA,Georgia,away,4,0,W,,,,,,,,,,,,,,"Tbilisi, Georgia",,False,True,2241.1,1738.7,0.9102,2247.8,6.7
2025-11-18,FIFA World Cup qualification,2025,Qualification,Spain,UEFA,Turkey,home,2,2,D,,,,,,,,,,,,,,"Seville, Spain",,False,True,2247.8,1918.5,0.9221,2230.9,-16.9
2026-03-27,Friendly,2026,Tournament/Friendly,Spain,UEFA,Serbia,home,3,0,W,,,,,,,,,,,,,,"Villarreal, Spain",,False,True,2230.9,1829.6,0.9471,2232.8,1.8
2026-03-31,Friendly,2026,Tournament/Friendly,Spain,UEFA,Egypt,home,0,0,D,,,,,,,,,,,,,,"Barcelona, Spain",,False,True,2232.8,1796.6,0.9563,2223.7,-9.1
2026-06-04,Friendly,2026,Tournament/Friendly,Spain,UEFA,Iraq,home,1,1,D,,,,,,,,,,,,,,"A Coruña, Spain",,False,True,2223.7,1738.4,0.9667,2214.3,-9.3
2026-06-08,Friendly,2026,Tournament/Friendly,Spain,UEFA,Peru,neutral,3,1,W,,,,,,,,,,,,,,"Puebla, Mexico",,True,True,2214.3,1774.6,0.9263,2216.5,2.2
2022-03-24,FIFA World Cup qualification,2022,Qualification,Sweden,UEFA,Czech Republic,home,1,0,W,,,,,,,,,,,,,,"Stockholm, Sweden",,False,True,1869.4,1878.0,0.6285,1884.2,14.9
2022-03-29,FIFA World Cup qualification,2022,Qualification,Sweden,UEFA,Poland,away,0,2,L,,,,,,,,,,,,,,"Chorzów, Poland",,False,True,1884.2,1819.6,0.4492,1857.3,-27.0
2022-06-02,UEFA Nations League,2022,Tournament/Friendly,Sweden,UEFA,Slovenia,away,2,0,W,,,,,,,,,,,,,,"Ljubljana, Slovenia",,False,True,1857.3,1672.3,0.6199,1880.1,22.8
2022-06-05,UEFA Nations League,2022,Tournament/Friendly,Sweden,UEFA,Norway,home,1,2,L,,,,,,,,,,,,,,"Stockholm, Sweden",,False,True,1880.1,1804.2,0.7335,1850.7,-29.3
2022-06-09,UEFA Nations League,2022,Tournament/Friendly,Sweden,UEFA,Serbia,home,0,1,L,,,,,,,,,,,,,,"Stockholm, Sweden",,False,True,1850.7,1874.5,0.6081,1826.4,-24.3
2022-06-12,UEFA Nations League,2022,Tournament/Friendly,Sweden,UEFA,Norway,away,2,3,L,,,,,,,,,,,,,,"Oslo, Norway",,False,True,1826.4,1819.7,0.3689,1811.7,-14.8
2022-09-24,UEFA Nations League,2022,Tournament/Friendly,Sweden,UEFA,Serbia,away,1,4,L,,,,,,,,,,,,,,"Belgrade, Serbia",,False,True,1811.7,1890.9,0.2628,1793.3,-18.4
2022-09-27,UEFA Nations League,2022,Tournament/Friendly,Sweden,UEFA,Slovenia,home,1,1,D,,,,,,,,,,,,,,"Stockholm, Sweden",,False,True,1793.3,1685.5,0.7678,1782.6,-10.7
2022-11-16,Friendly,2022,Tournament/Friendly,Sweden,UEFA,Mexico,neutral,2,1,W,,,,,,,,,,,,,,"Girona, Spain",,True,True,1782.6,1925.3,0.3054,1796.5,13.9
2022-11-19,Friendly,2022,Tournament/Friendly,Sweden,UEFA,Algeria,home,2,0,W,,,,,,,,,,,,,,"Malmö, Sweden",,False,True,1796.5,1822.8,0.6044,1808.3,11.9
2023-01-09,Friendly,2023,Tournament/Friendly,Sweden,UEFA,Finland,neutral,2,0,W,,,,,,,,,,,,,,"Faro-Loulé, Portugal",,True,True,1808.3,1737.6,0.6004,1820.3,12.0
2023-01-12,Friendly,2023,Tournament/Friendly,Sweden,UEFA,Iceland,neutral,2,1,W,,,,,,,,,,,,,,"Faro-Loulé, Portugal",,True,True,1820.3,1596.4,0.784,1824.6,4.3
2023-03-24,UEFA Euro qualification,2023,Qualification,Sweden,UEFA,Belgium,home,0,3,L,,,,,,,,,,,,,,"Stockholm, Sweden",,False,True,1824.6,2009.9,0.3797,1798.0,-26.6
2023-03-27,UEFA Euro qualification,2023,Qualification,Sweden,UEFA,Azerbaijan,home,5,0,W,,,,,,,,,,,,,,"Stockholm, Sweden",,False,True,1798.0,1465.3,0.9235,1804.2,6.1
2023-06-16,Friendly,2023,Tournament/Friendly,Sweden,UEFA,New Zealand,home,4,1,W,,,,,,,,,,,,,,"Stockholm, Sweden",,False,True,1804.2,1724.1,0.7382,1813.3,9.2
2023-06-20,UEFA Euro qualification,2023,Qualification,Sweden,UEFA,Austria,away,0,2,L,,,,,,,,,,,,,,"Vienna, Austria",,False,True,1813.3,1817.8,0.354,1792.1,-21.2
2023-09-09,UEFA Euro qualification,2023,Qualification,Sweden,UEFA,Estonia,away,5,0,W,,,,,,,,,,,,,,"Tallinn, Estonia",,False,True,1792.1,1498.3,0.7532,1811.8,19.7
2023-09-12,UEFA Euro qualification,2023,Qualification,Sweden,UEFA,Austria,home,1,3,L,,,,,,,,,,,,,,"Stockholm, Sweden",,False,True,1811.8,1829.6,0.6161,1774.9,-37.0
2023-10-12,Friendly,2023,Tournament/Friendly,Sweden,UEFA,Moldova,home,3,1,W,,,,,,,,,,,,,,"Stockholm, Sweden",,False,True,1774.9,1364.5,0.9497,1776.4,1.5
2023-10-16,UEFA Euro qualification,2023,Qualification,Sweden,UEFA,Belgium,away,1,1,D,,,,,,,,,,,,,,"Brussels, Belgium",,False,True,1776.4,2058.9,0.0996,1792.4,16.0
2023-11-16,UEFA Euro qualification,2023,Qualification,Sweden,UEFA,Azerbaijan,away,0,3,L,,,,,,,,,,,,,,"Baku, Azerbaijan",,False,True,1792.4,1498.6,0.7532,1739.7,-52.7
2023-11-19,UEFA Euro qualification,2023,Qualification,Sweden,UEFA,Estonia,home,2,0,W,,,,,,,,,,,,,,"Stockholm, Sweden",,False,True,1739.7,1429.0,0.9141,1744.8,5.2
2024-01-12,Friendly,2024,Tournament/Friendly,Sweden,UEFA,Estonia,neutral,2,1,W,,,,,,,,,,,,,,"Paphos, Cyprus",,True,True,1744.8,1423.8,0.8639,1747.5,2.7
2024-03-21,Friendly,2024,Tournament/Friendly,Sweden,UEFA,Portugal,away,2,5,L,,,,,,,,,,,,,,"Guimarães, Portugal",,False,True,1747.5,2090.2,0.0726,1745.0,-2.5
2024-03-25,Friendly,2024,Tournament/Friendly,Sweden,UEFA,Albania,home,1,0,W,,,,,,,,,,,,,,"Stockholm, Sweden",,False,True,1745.0,1667.5,0.7353,1750.3,5.3
2024-06-05,Friendly,2024,Tournament/Friendly,Sweden,UEFA,Denmark,away,1,2,L,,,,,,,,,,,,,,"Copenhagen, Denmark",,False,True,1750.3,1874.6,0.2156,1746.0,-4.3
2024-06-08,Friendly,2024,Tournament/Friendly,Sweden,UEFA,Serbia,home,0,3,L,,,,,,,,,,,,,,"Stockholm, Sweden",,False,True,1746.0,1853.9,0.4886,1728.9,-17.1
2024-09-05,UEFA Nations League,2024,Tournament/Friendly,Sweden,UEFA,Azerbaijan,away,3,1,W,,,,,,,,,,,,,,"Baku, Azerbaijan",,False,True,1728.9,1545.4,0.6178,1751.8,22.9
2024-09-08,UEFA Nations League,2024,Tournament/Friendly,Sweden,UEFA,Estonia,home,3,0,W,,,,,,,,,,,,,,"Stockholm, Sweden",,False,True,1751.8,1419.1,0.9235,1757.2,5.4
2024-10-11,UEFA Nations League,2024,Tournament/Friendly,Sweden,UEFA,Slovakia,away,2,2,D,,,,,,,,,,,,,,"Bratislava, Slovakia",,False,True,1757.2,1753.6,0.3647,1762.6,5.4
2024-10-14,UEFA Nations League,2024,Tournament/Friendly,Sweden,UEFA,Estonia,away,3,0,W,,,,,,,,,,,,,,"Tallinn, Estonia",,False,True,1762.6,1443.8,0.7789,1778.1,15.5
2024-11-16,UEFA Nations League,2024,Tournament/Friendly,Sweden,UEFA,Slovakia,home,2,1,W,,,,,,,,,,,,,,"Solna, Sweden",,False,True,1778.1,1765.0,0.6572,1791.8,13.7
2024-11-19,UEFA Nations League,2024,Tournament/Friendly,Sweden,UEFA,Azerbaijan,home,6,0,W,,,,,,,,,,,,,,"Solna, Sweden",,False,True,1791.8,1459.9,0.9231,1798.3,6.5
2025-03-22,Friendly,2025,Tournament/Friendly,Sweden,UEFA,Luxembourg,away,0,1,L,,,,,,,,,,,,,,"Luxembourg, Luxembourg",,False,True,1798.3,1489.2,0.7692,1782.9,-15.4
2025-03-25,Friendly,2025,Tournament/Friendly,Sweden,UEFA,Northern Ireland,home,5,1,W,,,,,,,,,,,,,,"Solna, Sweden",,False,True,1782.9,1612.1,0.8262,1789.4,6.5
2025-06-06,Friendly,2025,Tournament/Friendly,Sweden,UEFA,Hungary,away,2,0,W,,,,,,,,,,,,,,"Budapest, Hungary",,False,True,1789.4,1770.6,0.3852,1807.9,18.4
2025-06-10,Friendly,2025,Tournament/Friendly,Sweden,UEFA,Algeria,home,4,3,W,,,,,,,,,,,,,,"Solna, Sweden",,False,True,1807.9,1819.8,0.6242,1815.4,7.5
2025-09-05,FIFA World Cup qualification,2025,Qualification,Sweden,UEFA,Slovenia,away,2,2,D,,,,,,,,,,,,,,"Ljubljana, Slovenia",,False,True,1815.4,1803.3,0.3761,1820.4,5.0
2025-09-08,FIFA World Cup qualification,2025,Qualification,Sweden,UEFA,Kosovo,away,0,2,L,,,,,,,,,,,,,,"Pristina, Kosovo",,False,True,1820.4,1656.5,0.5909,1784.9,-35.5
2025-10-10,FIFA World Cup qualification,2025,Qualification,Sweden,UEFA,Switzerland,home,0,2,L,,,,,,,,,,,,,,"Solna, Sweden",,False,True,1784.9,1932.6,0.4318,1759.0,-25.9
2025-10-13,FIFA World Cup qualification,2025,Qualification,Sweden,UEFA,Kosovo,home,0,1,L,,,,,,,,,,,,,,"Gothenburg, Sweden",,False,True,1759.0,1691.4,0.724,1730.0,-29.0
2025-11-15,FIFA World Cup qualification,2025,Qualification,Sweden,UEFA,Switzerland,away,1,4,L,,,,,,,,,,,,,,"Geneva, Switzerland",,False,True,1730.0,1954.3,0.134,1720.7,-9.4
2025-11-18,FIFA World Cup qualification,2025,Qualification,Sweden,UEFA,Slovenia,home,1,1,D,,,,,,,,,,,,,,"Solna, Sweden",,False,True,1720.7,1744.2,0.6082,1716.3,-4.3
2026-03-26,FIFA World Cup qualification,2026,Qualification,Sweden,UEFA,Ukraine,neutral,3,1,W,,,,,,,,,,,,,,"Valencia, Spain",,True,True,1716.3,1862.1,0.3018,1758.2,41.9
2026-03-31,FIFA World Cup qualification,2026,Qualification,Sweden,UEFA,Poland,home,3,2,W,,,,,,,,,,,,,,"Solna, Sweden",,False,True,1758.2,1802.5,0.5795,1775.0,16.8
2026-06-01,Friendly,2026,Tournament/Friendly,Sweden,UEFA,Norway,away,1,3,L,,,,,,,,,,,,,,"Oslo, Norway",,False,True,1775.0,1963.9,0.1594,1770.3,-4.8
2026-06-04,Friendly,2026,Tournament/Friendly,Sweden,UEFA,Greece,home,2,2,D,,,,,,,,,,,,,,"Solna, Sweden",,False,True,1770.3,1809.0,0.5873,1768.5,-1.7
2022-03-26,Friendly,2022,Tournament/Friendly,Switzerland,UEFA,England,away,1,2,L,,,,,,,,,,,,,,"London, England",,False,True,2000.0,2082.8,0.2588,1994.9,-5.2
2022-03-29,Friendly,2022,Tournament/Friendly,Switzerland,UEFA,Kosovo,home,1,1,D,,,,,,,,,,,,,,"Zürich, Switzerland",,False,True,1994.9,1557.6,0.9566,1985.7,-9.1
2022-06-02,UEFA Nations League,2022,Tournament/Friendly,Switzerland,UEFA,Czech Republic,away,1,2,L,,,,,,,,,,,,,,"Prague, Czech Republic",,False,True,1985.7,1866.6,0.5274,1964.6,-21.1
2022-06-05,UEFA Nations League,2022,Tournament/Friendly,Switzerland,UEFA,Portugal,away,0,4,L,,,,,,,,,,,,,,"Lisbon, Portugal",,False,True,1964.6,2038.2,0.2691,1944.4,-20.2
2022-06-09,UEFA Nations League,2022,Tournament/Friendly,Switzerland,UEFA,Spain,home,0,1,L,,,,,,,,,,,,,,"Geneva, Switzerland",,False,True,1944.4,2071.7,0.4608,1926.0,-18.4
2022-06-12,UEFA Nations League,2022,Tournament/Friendly,Switzerland,UEFA,Portugal,home,1,0,W,,,,,,,,,,,,,,"Geneva, Switzerland",,False,True,1926.0,2069.1,0.4384,1948.5,22.5
2022-09-24,UEFA Nations League,2022,Tournament/Friendly,Switzerland,UEFA,Spain,away,2,1,W,,,,,,,,,,,,,,"Zaragoza, Spain",,False,True,1948.5,2098.9,0.1913,1980.8,32.3
2022-09-27,UEFA Nations League,2022,Tournament/Friendly,Switzerland,UEFA,Czech Republic,home,2,1,W,,,,,,,,,,,,,,"St. Gallen, Switzerland",,False,True,1980.8,1843.6,0.7966,1989.0,8.1
2022-11-17,Friendly,2022,Tournament/Friendly,Switzerland,UEFA,Ghana,neutral,0,2,L,,,,,,,,,,,,,,"Abu Dhabi, United Arab Emirates",,True,True,1989.0,1652.7,0.8739,1962.7,-26.2
2022-11-24,FIFA World Cup,2022,Tournament/Friendly,Switzerland,UEFA,Cameroon,neutral,1,0,W,,,,,,,,,,,,,,"Al Wakrah, Qatar",,True,True,1962.7,1718.3,0.8033,1974.5,11.8
2022-11-28,FIFA World Cup,2022,Tournament/Friendly,Switzerland,UEFA,Brazil,neutral,0,1,L,,,,,,,,,,,,,,"Doha, Qatar",,True,True,1974.5,2245.1,0.174,1964.1,-10.4
2022-12-02,FIFA World Cup,2022,Tournament/Friendly,Switzerland,UEFA,Serbia,neutral,3,2,W,,,,,,,,,,,,,,"Doha, Qatar",,True,True,1964.1,1916.1,0.5687,1990.0,25.9
2022-12-06,FIFA World Cup,2022,Tournament/Friendly,Switzerland,UEFA,Portugal,neutral,1,6,L,,,,,,,,,,,,,,"Lusail, Qatar",,True,True,1990.0,2048.2,0.417,1939.9,-50.0
2023-03-25,UEFA Euro qualification,2023,Qualification,Switzerland,UEFA,Belarus,neutral,5,0,W,,,,,,,,,,,,,,"Novi Sad, Serbia",,True,True,1939.9,1461.9,0.94,1944.7,4.8
2023-03-28,UEFA Euro qualification,2023,Qualification,Switzerland,UEFA,Israel,home,3,0,W,,,,,,,,,,,,,,"Geneva, Switzerland",,False,True,1944.7,1655.9,0.9036,1951.5,6.7
2023-06-16,UEFA Euro qualification,2023,Qualification,Switzerland,UEFA,Andorra,away,2,1,W,,,,,,,,,,,,,,"Andorra la Vella, Andorra",,False,True,1951.5,1181.5,0.9793,1952.3,0.8
2023-06-19,UEFA Euro qualification,2023,Qualification,Switzerland,UEFA,Romania,home,2,2,D,,,,,,,,,,,,,,"Lucerne, Switzerland",,False,True,1952.3,1677.8,0.8962,1936.5,-15.8
2023-09-09,UEFA Euro qualification,2023,Qualification,Switzerland,UEFA,Kosovo,away,2,2,D,,,,,,,,,,,,,,"Pristina, Kosovo",,False,True,1936.5,1534.4,0.8505,1922.4,-14.0
2023-09-12,UEFA Euro qualification,2023,Qualification,Switzerland,UEFA,Andorra,home,3,0,W,,,,,,,,,,,,,,"Sion, Switzerland",,False,True,1922.4,1189.2,0.9918,1923.0,0.6
2023-10-15,UEFA Euro qualification,2023,Qualification,Switzerland,UEFA,Belarus,home,3,3,D,,,,,,,,,,,,,,"St. Gallen, Switzerland",,False,True,1923.0,1464.9,0.9613,1904.6,-18.5
2023-11-15,UEFA Euro qualification,2023,Qualification,Switzerland,UEFA,Israel,neutral,1,1,D,,,,,,,,,,,,,,"Felcsút, Hungary",,True,True,1904.6,1652.0,0.8106,1892.1,-12.4
2023-11-18,UEFA Euro qualification,2023,Qualification,Switzerland,UEFA,Kosovo,home,1,1,D,,,,,,,,,,,,,,"Basel, Switzerland",,False,True,1892.1,1571.2,0.9186,1875.4,-16.7
2023-11-21,UEFA Euro qualification,2023,Qualification,Switzerland,UEFA,Romania,away,0,1,L,,,,,,,,,,,,,,"Bucharest, Romania",,False,True,1875.4,1707.1,0.5971,1851.5,-23.9
2024-03-23,Friendly,2024,Tournament/Friendly,Switzerland,UEFA,Denmark,away,0,0,D,,,,,,,,,,,,,,"Copenhagen, Denmark",,False,True,1851.5,1877.4,0.3263,1855.0,3.5
2024-03-26,Friendly,2024,Tournament/Friendly,Switzerland,UEFA,Republic of Ireland,away,1,0,W,,,,,,,,,,,,,,"Dublin, Republic of Ireland",,False,True,1855.0,1670.8,0.6188,1862.6,7.6
2024-06-04,Friendly,2024,Tournament/Friendly,Switzerland,UEFA,Estonia,home,4,0,W,,,,,,,,,,,,,,"Lucerne, Switzerland",,False,True,1862.6,1413.4,0.9594,1864.1,1.5
2024-06-08,Friendly,2024,Tournament/Friendly,Switzerland,UEFA,Austria,home,1,1,D,,,,,,,,,,,,,,"St. Gallen, Switzerland",,False,True,1864.1,1910.3,0.5769,1862.6,-1.5
2024-06-15,UEFA Euro,2024,Tournament/Friendly,Switzerland,UEFA,Hungary,neutral,3,1,W,,,,,,,,,,,,,,"Cologne, Germany",,True,True,1862.6,1883.3,0.4703,1902.3,39.7
2024-06-19,UEFA Euro,2024,Tournament/Friendly,Switzerland,UEFA,Scotland,neutral,1,1,D,,,,,,,,,,,,,,"Cologne, Germany",,True,True,1902.3,1801.6,0.641,1895.3,-7.0
2024-06-23,UEFA Euro,2024,Tournament/Friendly,Switzerland,UEFA,Germany,away,1,1,D,,,,,,,,,,,,,,"Frankfurt, Germany",,False,True,1895.3,2014.4,0.2208,1909.2,14.0
2024-06-29,UEFA Euro,2024,Tournament/Friendly,Switzerland,UEFA,Italy,neutral,2,0,W,,,,,,,,,,,,,,"Berlin, Germany",,True,True,1909.2,1993.7,0.3808,1955.7,46.4
2024-07-06,UEFA Euro,2024,Tournament/Friendly,Switzerland,UEFA,England,neutral,1,1,D,,,,,,,,,,,,,,"Düsseldorf, Germany",,True,True,1955.7,2037.9,0.3838,1961.5,5.8
2024-09-05,UEFA Nations League,2024,Tournament/Friendly,Switzerland,UEFA,Denmark,away,0,2,L,,,,,,,,,,,,,,"Copenhagen, Denmark",,False,True,1961.5,1871.1,0.4862,1932.3,-29.2
2024-09-08,UEFA Nations League,2024,Tournament/Friendly,Switzerland,UEFA,Spain,home,1,4,L,,,,,,,,,,,,,,"Geneva, Switzerland",,False,True,1932.3,2192.6,0.2844,1912.4,-19.9
2024-10-12,UEFA Nations League,2024,Tournament/Friendly,Switzerland,UEFA,Serbia,away,0,2,L,,,,,,,,,,,,,,"Leskovac, Serbia",,False,True,1912.4,1848.7,0.448,1885.5,-26.9
2024-10-15,UEFA Nations League,2024,Tournament/Friendly,Switzerland,UEFA,Denmark,home,2,2,D,,,,,,,,,,,,,,"St. Gallen, Switzerland",,False,True,1885.5,1915.6,0.5993,1881.6,-4.0
2024-11-15,UEFA Nations League,2024,Tournament/Friendly,Switzerland,UEFA,Serbia,home,1,1,D,,,,,,,,,,,,,,"Zürich, Switzerland",,False,True,1881.6,1870.4,0.6547,1875.4,-6.2
2024-11-18,UEFA Nations League,2024,Tournament/Friendly,Switzerland,UEFA,Spain,away,2,3,L,,,,,,,,,,,,,,"Santa Cruz de Tenerife, Spain",,False,True,1875.4,2230.9,0.0677,1872.7,-2.7
2025-03-21,Friendly,2025,Tournament/Friendly,Switzerland,UEFA,Northern Ireland,away,1,1,D,,,,,,,,,,,,,,"Belfast, Northern Ireland",,False,True,1872.7,1607.7,0.721,1868.2,-4.4
2025-03-25,Friendly,2025,Tournament/Friendly,Switzerland,UEFA,Luxembourg,home,3,1,W,,,,,,,,,,,,,,"St. Gallen, Switzerland",,False,True,1868.2,1504.6,0.9352,1870.2,1.9
2025-06-07,Friendly,2025,Tournament/Friendly,Switzerland,UEFA,Mexico,neutral,4,2,W,,,,,,,,,,,,,,"Salt Lake City, United States",,True,True,1870.2,1927.1,0.4189,1887.6,17.4
2025-06-10,Friendly,2025,Tournament/Friendly,Switzerland,UEFA,USA,away,4,0,W,,,,,,,,,,,,,,"Nashville, United States",,False,True,1887.6,1817.1,0.4577,1908.0,20.3
2025-09-05,FIFA World Cup qualification,2025,Qualification,Switzerland,UEFA,Kosovo,home,4,0,W,,,,,,,,,,,,,,"Basel, Switzerland",,False,True,1908.0,1665.7,0.8777,1917.1,9.2
2025-09-08,FIFA World Cup qualification,2025,Qualification,Switzerland,UEFA,Slovenia,home,3,0,W,,,,,,,,,,,,,,"Basel, Switzerland",,False,True,1917.1,1798.3,0.7789,1932.6,15.5
2025-10-10,FIFA World Cup qualification,2025,Qualification,Switzerland,UEFA,Sweden,away,2,0,W,,,,,,,,,,,,,,"Solna, Sweden",,False,True,1932.6,1784.9,0.5682,1958.5,25.9
2025-10-13,FIFA World Cup qualification,2025,Qualification,Switzerland,UEFA,Slovenia,away,0,0,D,,,,,,,,,,,,,,"Ljubljana, Slovenia",,False,True,1958.5,1783.4,0.6065,1954.3,-4.3
2025-11-15,FIFA World Cup qualification,2025,Qualification,Switzerland,UEFA,Sweden,home,4,1,W,,,,,,,,,,,,,,"Geneva, Switzerland",,False,True,1954.3,1730.0,0.866,1963.6,9.4
2025-11-18,FIFA World Cup qualification,2025,Qualification,Switzerland,UEFA,Kosovo,away,1,1,D,,,,,,,,,,,,,,"Pristina, Kosovo",,False,True,1963.6,1763.8,0.6398,1958.0,-5.6
2026-03-27,Friendly,2026,Tournament/Friendly,Switzerland,UEFA,Germany,home,3,4,L,,,,,,,,,,,,,,"Basel, Switzerland",,False,True,1958.0,1978.2,0.6129,1945.8,-12.3
2026-03-31,Friendly,2026,Tournament/Friendly,Switzerland,UEFA,Norway,away,0,0,D,,,,,,,,,,,,,,"Oslo, Norway",,False,True,1945.8,1967.3,0.3319,1949.1,3.4
2026-05-31,Friendly,2026,Tournament/Friendly,Switzerland,UEFA,Jordan,home,4,1,W,,,,,,,,,,,,,,"St. Gallen, Switzerland",,False,True,1949.1,1784.9,0.8207,1955.4,6.3
2026-06-06,Friendly,2026,Tournament/Friendly,Switzerland,UEFA,Australia,neutral,1,1,D,,,,,,,,,,,,,,"San Diego, United States",,True,True,1955.4,1894.9,0.5862,1953.7,-1.7
2022-01-12,African Cup of Nations,2022,Tournament/Friendly,Tunisia,CAF,Mali,neutral,0,1,L,,,,,,,,,,,,,,"Limbé, Cameroon",,True,True,1751.4,1734.8,0.5238,1725.2,-26.2
2022-01-16,African Cup of Nations,2022,Tournament/Friendly,Tunisia,CAF,Mauritania,neutral,4,0,W,,,,,,,,,,,,,,"Limbé, Cameroon",,True,True,1725.2,1448.4,0.8311,1741.1,15.8
2022-01-20,African Cup of Nations,2022,Tournament/Friendly,Tunisia,CAF,Gambia,neutral,0,1,L,,,,,,,,,,,,,,"Limbé, Cameroon",,True,True,1741.1,1506.1,0.7946,1701.3,-39.7
2022-01-23,African Cup of Nations,2022,Tournament/Friendly,Tunisia,CAF,Nigeria,neutral,1,0,W,,,,,,,,,,,,,,"Garoua, Cameroon",,True,True,1701.3,1785.8,0.3808,1732.3,31.0
2022-01-29,African Cup of Nations,2022,Tournament/Friendly,Tunisia,CAF,Burkina Faso,neutral,0,1,L,,,,,,,,,,,,,,"Garoua, Cameroon",,True,True,1732.3,1661.6,0.6003,1702.3,-30.0
2022-03-25,FIFA World Cup qualification,2022,Qualification,Tunisia,CAF,Mali,away,1,0,W,,,,,,,,,,,,,,"Bamako, Mali",,False,True,1702.3,1744.7,0.3058,1730.0,27.8
2022-03-29,FIFA World Cup qualification,2022,Qualification,Tunisia,CAF,Mali,home,0,0,D,,,,,,,,,,,,,,"Tunis, Tunisia",,False,True,1730.0,1716.9,0.6572,1723.8,-6.3
2022-06-02,African Cup of Nations qualification,2022,Qualification,Tunisia,CAF,Equatorial Guinea,home,4,0,W,,,,,,,,,,,,,,"Radès, Tunisia",,False,True,1723.8,1564.1,0.8168,1737.5,13.7
2022-06-05,African Cup of Nations qualification,2022,Qualification,Tunisia,CAF,Botswana,away,0,0,D,,,,,,,,,,,,,,"Francistown, Botswana",,False,True,1737.5,1392.4,0.8039,1725.3,-12.2
2022-06-10,Kirin Cup,2022,Tournament/Friendly,Tunisia,CAF,Chile,neutral,2,0,W,,,,,,,,,,,,,,"Kobe, Japan",,True,True,1725.3,1825.8,0.3593,1744.6,19.2
2022-06-14,Kirin Cup,2022,Tournament/Friendly,Tunisia,CAF,Japan,away,3,0,W,,,,,,,,,,,,,,"Suita, Japan",,False,True,1744.6,1906.9,0.1809,1773.2,28.7
2022-09-22,Friendly,2022,Tournament/Friendly,Tunisia,CAF,Comoros,neutral,1,0,W,,,,,,,,,,,,,,"Orléans, France",,True,True,1773.2,1389.4,0.9011,1775.2,2.0
2022-09-27,Friendly,2022,Tournament/Friendly,Tunisia,CAF,Brazil,neutral,1,5,L,,,,,,,,,,,,,,"Paris, France",,True,True,1775.2,2227.7,0.0688,1772.6,-2.6
2022-11-16,Friendly,2022,Tournament/Friendly,Tunisia,CAF,Iran,neutral,2,0,W,,,,,,,,,,,,,,"Doha, Qatar",,True,True,1772.6,1918.1,0.3021,1793.6,20.9
2022-11-22,FIFA World Cup,2022,Tournament/Friendly,Tunisia,CAF,Denmark,neutral,0,0,D,,,,,,,,,,,,,,"Al Rayyan, Qatar",,True,True,1793.6,2016.6,0.2169,1810.5,17.0
2022-11-26,FIFA World Cup,2022,Tournament/Friendly,Tunisia,CAF,Australia,neutral,0,1,L,,,,,,,,,,,,,,"Al Wakrah, Qatar",,True,True,1810.5,1805.3,0.5076,1780.1,-30.5
2022-11-30,FIFA World Cup,2022,Tournament/Friendly,Tunisia,CAF,France,neutral,1,0,W,,,,,,,,,,,,,,"Al Rayyan, Qatar",,True,True,1780.1,2092.0,0.1424,1831.5,51.5
2023-03-24,African Cup of Nations qualification,2023,Qualification,Tunisia,CAF,Libya,home,3,0,W,,,,,,,,,,,,,,"Radès, Tunisia",,False,True,1831.5,1466.1,0.9358,1836.0,4.5
2023-03-28,African Cup of Nations qualification,2023,Qualification,Tunisia,CAF,Libya,away,1,0,W,,,,,,,,,,,,,,"Benghazi, Libya",,False,True,1836.0,1461.6,0.8292,1842.9,6.8
2023-06-17,African Cup of Nations qualification,2023,Qualification,Tunisia,CAF,Equatorial Guinea,away,0,1,L,,,,,,,,,,,,,,"Malabo, Equatorial Guinea",,False,True,1842.9,1589.8,0.7071,1814.6,-28.3
2023-06-20,Friendly,2023,Tournament/Friendly,Tunisia,CAF,Algeria,away,1,1,D,,,,,,,,,,,,,,"Annaba, Algeria",,False,True,1814.6,1821.1,0.3513,1817.6,3.0
2023-09-07,African Cup of Nations qualification,2023,Qualification,Tunisia,CAF,Botswana,home,3,0,W,,,,,,,,,,,,,,"Radès, Tunisia",,False,True,1817.6,1444.9,0.9382,1821.9,4.3
2023-09-12,Friendly,2023,Tournament/Friendly,Tunisia,CAF,Egypt,away,3,1,W,,,,,,,,,,,,,,"Cairo, Egypt",,False,True,1821.9,1794.7,0.3967,1840.0,18.1
2023-10-13,Friendly,2023,Tournament/Friendly,Tunisia,CAF,South Korea,away,0,4,L,,,,,,,,,,,,,,"Seoul, South Korea",,False,True,1840.0,1856.7,0.3381,1827.3,-12.7
2023-11-17,FIFA World Cup qualification,2023,Qualification,Tunisia,CAF,São Tomé and Príncipe,home,4,0,W,,,,,,,,,,,,,,"Radès, Tunisia",,False,True,1827.3,1174.5,0.987,1828.3,1.0
2023-11-21,FIFA World Cup qualification,2023,Qualification,Tunisia,CAF,Malawi,away,1,0,W,,,,,,,,,,,,,,"Lilongwe, Malawi",,False,True,1828.3,1478.9,0.8078,1836.0,7.7
2024-01-06,Friendly,2024,Tournament/Friendly,Tunisia,CAF,Mauritania,home,0,0,D,,,,,,,,,,,,,,"Radès, Tunisia",,False,True,1836.0,1497.4,0.9259,1827.4,-8.5
2024-01-10,Friendly,2024,Tournament/Friendly,Tunisia,CAF,Cape Verde,home,2,0,W,,,,,,,,,,,,,,"Radès, Tunisia",,False,True,1827.4,1591.3,0.8738,1831.2,3.8
2024-01-16,African Cup of Nations,2024,Tournament/Friendly,Tunisia,CAF,Namibia,neutral,0,1,L,,,,,,,,,,,,,,"Korhogo, Ivory Coast",,True,True,1831.2,1577.5,0.8116,1790.7,-40.6
2024-01-20,African Cup of Nations,2024,Tournament/Friendly,Tunisia,CAF,Mali,neutral,1,1,D,,,,,,,,,,,,,,"Korhogo, Ivory Coast",,True,True,1790.7,1763.8,0.5385,1788.7,-1.9
2024-01-24,African Cup of Nations,2024,Tournament/Friendly,Tunisia,CAF,South Africa,neutral,0,0,D,,,,,,,,,,,,,,"Korhogo, Ivory Coast",,True,True,1788.7,1627.8,0.7164,1777.9,-10.8
2024-03-23,FIFA Series,2024,Tournament/Friendly,Tunisia,CAF,Croatia,neutral,0,0,D,,,,,,,,,,,,,,"Cairo, Egypt",,True,True,1777.9,2005.8,0.2122,1783.7,5.8
2024-03-26,FIFA Series,2024,Tournament/Friendly,Tunisia,CAF,New Zealand,neutral,0,0,D,,,,,,,,,,,,,,"Cairo, Egypt",,True,True,1783.7,1687.3,0.6353,1781.0,-2.7
2024-06-05,FIFA World Cup qualification,2024,Qualification,Tunisia,CAF,Equatorial Guinea,home,1,0,W,,,,,,,,,,,,,,"Radès, Tunisia",,False,True,1781.0,1596.3,0.8373,1787.5,6.5
2024-06-09,FIFA World Cup qualification,2024,Qualification,Tunisia,CAF,Namibia,neutral,0,0,D,,,,,,,,,,,,,,"Johannesburg, South Africa",,True,True,1787.5,1532.2,0.8129,1774.9,-12.5
2024-09-05,African Cup of Nations qualification,2024,Qualification,Tunisia,CAF,Madagascar,home,1,0,W,,,,,,,,,,,,,,"Radès, Tunisia",,False,True,1774.9,1462.3,0.915,1778.4,3.4
2024-09-08,African Cup of Nations qualification,2024,Qualification,Tunisia,CAF,Gambia,neutral,2,1,W,,,,,,,,,,,,,,"El Jadida, Morocco",,True,True,1778.4,1465.9,0.858,1784.0,5.7
2024-10-11,African Cup of Nations qualification,2024,Qualification,Tunisia,CAF,Comoros,home,0,1,L,,,,,,,,,,,,,,"Radès, Tunisia",,False,True,1784.0,1445.8,0.9257,1747.0,-37.0
2024-10-15,African Cup of Nations qualification,2024,Qualification,Tunisia,CAF,Comoros,neutral,1,1,D,,,,,,,,,,,,,,"Abidjan, Ivory Coast",,True,True,1747.0,1482.9,0.8206,1734.2,-12.8
2024-11-14,African Cup of Nations qualification,2024,Qualification,Tunisia,CAF,Madagascar,neutral,3,2,W,,,,,,,,,,,,,,"Pretoria, South Africa",,True,True,1734.2,1438.3,0.846,1740.3,6.2
2024-11-18,African Cup of Nations qualification,2024,Qualification,Tunisia,CAF,Gambia,home,0,1,L,,,,,,,,,,,,,,"Tunis, Tunisia",,False,True,1740.3,1460.9,0.8988,1704.4,-36.0
2025-03-19,FIFA World Cup qualification,2025,Qualification,Tunisia,CAF,Liberia,away,1,0,W,,,,,,,,,,,,,,"Monrovia, Liberia",,False,True,1704.4,1408.5,0.7553,1714.2,9.8
2025-03-24,FIFA World Cup qualification,2025,Qualification,Tunisia,CAF,Malawi,home,2,0,W,,,,,,,,,,,,,,"Radès, Tunisia",,False,True,1714.2,1442.5,0.8947,1720.5,6.3
2025-06-02,Friendly,2025,Tournament/Friendly,Tunisia,CAF,Burkina Faso,home,2,0,W,,,,,,,,,,,,,,"Radès, Tunisia",,False,True,1720.5,1637.8,0.7411,1728.3,7.8
2025-06-06,Friendly,2025,Tournament/Friendly,Tunisia,CAF,Morocco,away,0,2,L,,,,,,,,,,,,,,"Fez, Morocco",,False,True,1728.3,1902.1,0.1713,1723.1,-5.1
2025-09-04,FIFA World Cup qualification,2025,Qualification,Tunisia,CAF,Liberia,home,3,0,W,,,,,,,,,,,,,,"Radès, Tunisia",,False,True,1723.1,1403.9,0.9178,1728.9,5.8
2025-09-08,FIFA World Cup qualification,2025,Qualification,Tunisia,CAF,Equatorial Guinea,away,1,0,W,,,,,,,,,,,,,,"Malabo, Equatorial Guinea",,False,True,1728.9,1559.7,0.5982,1744.9,16.1
2025-10-10,FIFA World Cup qualification,2025,Qualification,Tunisia,CAF,São Tomé and Príncipe,home,6,0,W,,,,,,,,,,,,,,"Radès, Tunisia",,False,True,1744.9,1146.0,0.9824,1746.4,1.5
2025-10-13,FIFA World Cup qualification,2025,Qualification,Tunisia,CAF,Namibia,home,3,0,W,,,,,,,,,,,,,,"Radès, Tunisia",,False,True,1746.4,1456.9,0.904,1753.2,6.7
2025-11-12,Friendly,2025,Tournament/Friendly,Tunisia,CAF,Mauritania,home,1,1,D,,,,,,,,,,,,,,"Radès, Tunisia",,False,True,1753.2,1455.7,0.9079,1745.0,-8.2
2025-11-14,Friendly,2025,Tournament/Friendly,Tunisia,CAF,Jordan,home,3,2,W,,,,,,,,,,,,,,"Radès, Tunisia",,False,True,1745.0,1732.5,0.6564,1751.9,6.9
2025-11-18,Friendly,2025,Tournament/Friendly,Tunisia,CAF,Brazil,neutral,1,1,D,,,,,,,,,,,,,,"Lille, France",,True,True,1751.9,2066.2,0.1407,1759.1,7.2
2025-12-01,Arab Cup,2025,Tournament/Friendly,Tunisia,CAF,Syria,neutral,0,1,L,,,,,,,,,,,,,,"Al Rayyan, Qatar",,True,True,1759.1,1594.1,0.721,1737.4,-21.6
2025-12-04,Arab Cup,2025,Tournament/Friendly,Tunisia,CAF,Palestine,neutral,2,2,D,,,,,,,,,,,,,,"Lusail, Qatar",,True,True,1737.4,1596.5,0.6923,1731.7,-5.8
2025-12-07,Arab Cup,2025,Tournament/Friendly,Tunisia,CAF,Qatar,away,3,0,W,,,,,,,,,,,,,,"Al Khor, Qatar",,False,True,1731.7,1594.7,0.5529,1755.1,23.5
2025-12-23,African Cup of Nations,2025,Tournament/Friendly,Tunisia,CAF,Uganda,neutral,3,1,W,,,,,,,,,,,,,,"Rabat, Morocco",,True,True,1755.1,1552.0,0.763,1772.9,17.8
2025-12-27,African Cup of Nations,2025,Tournament/Friendly,Tunisia,CAF,Nigeria,neutral,2,3,L,,,,,,,,,,,,,,"Fez, Morocco",,True,True,1772.9,1752.2,0.5297,1746.4,-26.5
2025-12-30,African Cup of Nations,2025,Tournament/Friendly,Tunisia,CAF,Tanzania,neutral,1,1,D,,,,,,,,,,,,,,"Rabat, Morocco",,True,True,1746.4,1426.7,0.863,1728.3,-18.2
2026-01-03,African Cup of Nations,2026,Tournament/Friendly,Tunisia,CAF,Mali,neutral,1,1,D,,,,,,,,,,,,,,"Casablanca, Morocco",,True,True,1728.3,1720.3,0.5114,1727.7,-0.6
2026-03-28,Friendly,2026,Tournament/Friendly,Tunisia,CAF,Haiti,neutral,1,0,W,,,,,,,,,,,,,,"Toronto, Canada",,True,True,1727.7,1705.5,0.5319,1737.0,9.4
2026-03-31,Friendly,2026,Tournament/Friendly,Tunisia,CAF,Canada,away,0,0,D,,,,,,,,,,,,,,"Toronto, Canada",,False,True,1737.0,1902.8,0.178,1743.5,6.4
2026-06-01,Friendly,2026,Tournament/Friendly,Tunisia,CAF,Austria,away,0,1,L,,,,,,,,,,,,,,"Vienna, Austria",,False,True,1743.5,1883.7,0.2006,1739.5,-4.0
2026-06-06,Friendly,2026,Tournament/Friendly,Tunisia,CAF,Belgium,away,0,5,L,,,,,,,,,,,,,,"Brussels, Belgium",,False,True,1739.5,1948.8,0.1442,1733.7,-5.8
2022-03-24,FIFA World Cup qualification,2022,Qualification,Turkey,UEFA,Portugal,away,1,3,L,,,,,,,,,,,,,,"Porto, Portugal",,False,True,1773.5,2017.2,0.1215,1766.2,-7.3
2022-03-29,Friendly,2022,Tournament/Friendly,Turkey,UEFA,Italy,home,2,3,L,,,,,,,,,,,,,,"Konya, Turkey",,False,True,1766.2,2043.9,0.2644,1760.9,-5.3
2022-06-04,UEFA Nations League,2022,Tournament/Friendly,Turkey,UEFA,Faroe Islands,home,4,0,W,,,,,,,,,,,,,,"Istanbul, Turkey",,False,True,1760.9,1296.0,0.9627,1763.7,2.8
2022-06-07,UEFA Nations League,2022,Tournament/Friendly,Turkey,UEFA,Lithuania,away,6,0,W,,,,,,,,,,,,,,"Vilnius, Lithuania",,False,True,1763.7,1335.6,0.8686,1774.8,11.2
2022-06-11,UEFA Nations League,2022,Tournament/Friendly,Turkey,UEFA,Luxembourg,away,2,0,W,,,,,,,,,,,,,,"Luxembourg, Luxembourg",,False,True,1774.8,1484.2,0.7498,1789.9,15.0
2022-06-14,UEFA Nations League,2022,Tournament/Friendly,Turkey,UEFA,Lithuania,home,2,0,W,,,,,,,,,,,,,,"İzmir, Turkey",,False,True,1789.9,1307.5,0.9662,1791.9,2.0
2022-09-22,UEFA Nations League,2022,Tournament/Friendly,Turkey,UEFA,Luxembourg,home,3,3,D,,,,,,,,,,,,,,"Istanbul, Turkey",,False,True,1791.9,1456.0,0.9248,1774.9,-17.0
2022-09-25,UEFA Nations League,2022,Tournament/Friendly,Turkey,UEFA,Faroe Islands,away,1,2,L,,,,,,,,,,,,,,"Tórshavn, Faroe Islands",,False,True,1774.9,1313.1,0.8892,1739.3,-35.6
2022-11-16,Friendly,2022,Tournament/Friendly,Turkey,UEFA,Scotland,home,2,1,W,,,,,,,,,,,,,,"Diyarbakir, Turkey",,False,True,1739.3,1806.3,0.5474,1748.4,9.1
2022-11-19,Friendly,2022,Tournament/Friendly,Turkey,UEFA,Czech Republic,home,2,1,W,,,,,,,,,,,,,,"Gaziantep, Turkey",,False,True,1748.4,1836.8,0.5166,1758.0,9.7
2023-03-25,UEFA Euro qualification,2023,Qualification,Turkey,UEFA,Armenia,away,2,1,W,,,,,,,,,,,,,,"Yerevan, Armenia",,False,True,1758.0,1503.7,0.7086,1769.7,11.7
2023-03-28,UEFA Euro qualification,2023,Qualification,Turkey,UEFA,Croatia,home,0,2,L,,,,,,,,,,,,,,"Bursa, Turkey",,False,True,1769.7,2001.1,0.3194,1750.5,-19.2
2023-06-16,UEFA Euro qualification,2023,Qualification,Turkey,UEFA,Latvia,away,3,2,W,,,,,,,,,,,,,,"Riga, Latvia",,False,True,1750.5,1404.9,0.8044,1758.4,7.8
2023-06-19,UEFA Euro qualification,2023,Qualification,Turkey,UEFA,Wales,home,2,0,W,,,,,,,,,,,,,,"Samsun, Turkey",,False,True,1758.4,1735.0,0.6704,1778.1,19.8
2023-09-08,UEFA Euro qualification,2023,Qualification,Turkey,UEFA,Armenia,home,1,1,D,,,,,,,,,,,,,,"Eskişehir, Turkey",,False,True,1778.1,1549.5,0.869,1763.4,-14.8
2023-09-12,Friendly,2023,Tournament/Friendly,Turkey,UEFA,Japan,neutral,2,4,L,,,,,,,,,,,,,,"Genk, Belgium",,True,True,1763.4,1978.6,0.2246,1756.6,-6.7
2023-10-12,UEFA Euro qualification,2023,Qualification,Turkey,UEFA,Croatia,away,1,0,W,,,,,,,,,,,,,,"Osijek, Croatia",,False,True,1756.6,2068.1,0.0856,1793.2,36.6
2023-10-15,UEFA Euro qualification,2023,Qualification,Turkey,UEFA,Latvia,home,4,0,W,,,,,,,,,,,,,,"Konya, Turkey",,False,True,1793.2,1412.7,0.9408,1797.7,4.4
2023-11-18,Friendly,2023,Tournament/Friendly,Turkey,UEFA,Germany,away,3,2,W,,,,,,,,,,,,,,"Berlin, Germany",,False,True,1797.7,1981.7,0.1631,1814.4,16.7
2023-11-21,UEFA Euro qualification,2023,Qualification,Turkey,UEFA,Wales,away,1,1,D,,,,,,,,,,,,,,"Cardiff, Wales",,False,True,1814.4,1752.4,0.4455,1816.6,2.2
2024-03-22,Friendly,2024,Tournament/Friendly,Turkey,UEFA,Hungary,away,0,1,L,,,,,,,,,,,,,,"Budapest, Hungary",,False,True,1816.6,1885.2,0.2747,1811.1,-5.5
2024-03-26,Friendly,2024,Tournament/Friendly,Turkey,UEFA,Austria,away,1,6,L,,,,,,,,,,,,,,"Vienna, Austria",,False,True,1811.1,1893.8,0.2588,1800.7,-10.4
2024-06-04,Friendly,2024,Tournament/Friendly,Turkey,UEFA,Italy,away,0,0,D,,,,,,,,,,,,,,"Bologna, Italy",,False,True,1800.7,2013.8,0.1416,1807.9,7.2
2024-06-10,Friendly,2024,Tournament/Friendly,Turkey,UEFA,Poland,away,1,2,L,,,,,,,,,,,,,,"Warsaw, Poland",,False,True,1807.9,1793.4,0.3793,1800.3,-7.6
2024-06-18,UEFA Euro,2024,Tournament/Friendly,Turkey,UEFA,Georgia,neutral,3,1,W,,,,,,,,,,,,,,"Dortmund, Germany",,True,True,1800.3,1723.0,0.6094,1829.6,29.3
2024-06-22,UEFA Euro,2024,Tournament/Friendly,Turkey,UEFA,Portugal,neutral,0,3,L,,,,,,,,,,,,,,"Dortmund, Germany",,True,True,1829.6,2068.9,0.2014,1812.0,-17.6
2024-06-26,UEFA Euro,2024,Tournament/Friendly,Turkey,UEFA,Czech Republic,neutral,2,1,W,,,,,,,,,,,,,,"Hamburg, Germany",,True,True,1812.0,1807.5,0.5065,1836.7,24.7
2024-07-02,UEFA Euro,2024,Tournament/Friendly,Turkey,UEFA,Austria,neutral,2,1,W,,,,,,,,,,,,,,"Leipzig, Germany",,True,True,1836.7,1961.3,0.3279,1870.3,33.6
2024-07-06,UEFA Euro,2024,Tournament/Friendly,Turkey,UEFA,Netherlands,neutral,1,2,L,,,,,,,,,,,,,,"Berlin, Germany",,True,True,1870.3,2043.3,0.2697,1856.8,-13.5
2024-09-06,UEFA Nations League,2024,Tournament/Friendly,Turkey,UEFA,Wales,away,0,0,D,,,,,,,,,,,,,,"Cardiff, Wales",,False,True,1856.8,1739.0,0.5255,1855.7,-1.0
2024-09-09,UEFA Nations League,2024,Tournament/Friendly,Turkey,UEFA,Iceland,home,3,1,W,,,,,,,,,,,,,,"İzmir, Turkey",,False,True,1855.7,1639.9,0.8603,1864.1,8.4
2024-10-11,UEFA Nations League,2024,Tournament/Friendly,Turkey,UEFA,Montenegro,home,1,0,W,,,,,,,,,,,,,,"Tekkeköy, Turkey",,False,True,1864.1,1566.6,0.9079,1867.8,3.7
2024-10-14,UEFA Nations League,2024,Tournament/Friendly,Turkey,UEFA,Iceland,away,4,2,W,,,,,,,,,,,,,,"Reykjavík, Iceland",,False,True,1867.8,1633.0,0.6849,1886.7,18.9
2024-11-16,UEFA Nations League,2024,Tournament/Friendly,Turkey,UEFA,Wales,home,0,0,D,,,,,,,,,,,,,,"Kayseri, Turkey",,False,True,1886.7,1761.6,0.7851,1875.3,-11.4
2024-11-19,UEFA Nations League,2024,Tournament/Friendly,Turkey,UEFA,Montenegro,away,1,3,L,,,,,,,,,,,,,,"Podgorica, Montenegro",,False,True,1875.3,1523.0,0.8103,1826.7,-48.6
2025-03-20,UEFA Nations League,2025,Tournament/Friendly,Turkey,UEFA,Hungary,home,3,1,W,,,,,,,,,,,,,,"Istanbul, Turkey",,False,True,1826.7,1834.1,0.6302,1848.9,22.2
2025-03-23,UEFA Nations League,2025,Tournament/Friendly,Turkey,UEFA,Hungary,away,3,0,W,,,,,,,,,,,,,,"Budapest, Hungary",,False,True,1848.9,1811.9,0.4103,1890.2,41.3
2025-06-07,Friendly,2025,Tournament/Friendly,Turkey,UEFA,USA,away,2,1,W,,,,,,,,,,,,,,"East Hartford, United States",,False,True,1890.2,1828.2,0.4455,1901.3,11.1
2025-06-10,Friendly,2025,Tournament/Friendly,Turkey,UEFA,Mexico,neutral,0,1,L,,,,,,,,,,,,,,"Chapel Hill, United States",,True,True,1901.3,1909.6,0.4879,1891.5,-9.8
2025-09-04,FIFA World Cup qualification,2025,Qualification,Turkey,UEFA,Georgia,away,3,2,W,,,,,,,,,,,,,,"Tbilisi, Georgia",,False,True,1891.5,1764.1,0.5394,1909.9,18.4
2025-09-07,FIFA World Cup qualification,2025,Qualification,Turkey,UEFA,Spain,home,0,6,L,,,,,,,,,,,,,,"Konya, Turkey",,False,True,1909.9,2218.9,0.2309,1890.3,-19.6
2025-10-11,FIFA World Cup qualification,2025,Qualification,Turkey,UEFA,Bulgaria,away,6,1,W,,,,,,,,,,,,,,"Sofia, Bulgaria",,False,True,1890.3,1492.5,0.8474,1902.5,12.2
2025-10-14,FIFA World Cup qualification,2025,Qualification,Turkey,UEFA,Georgia,home,4,1,W,,,,,,,,,,,,,,"İzmit, Turkey",,False,True,1902.5,1752.1,0.8087,1915.9,13.4
2025-11-15,FIFA World Cup qualification,2025,Qualification,Turkey,UEFA,Bulgaria,home,2,0,W,,,,,,,,,,,,,,"Bursa, Turkey",,False,True,1915.9,1479.7,0.9563,1918.5,2.6
2025-11-18,FIFA World Cup qualification,2025,Qualification,Turkey,UEFA,Spain,away,2,2,D,,,,,,,,,,,,,,"Seville, Spain",,False,True,1918.5,2247.8,0.0779,1935.4,16.9
2026-03-26,FIFA World Cup qualification,2026,Qualification,Turkey,UEFA,Romania,home,1,0,W,,,,,,,,,,,,,,"Istanbul, Turkey",,False,True,1935.4,1701.2,0.8726,1940.5,5.1
2026-03-31,FIFA World Cup qualification,2026,Qualification,Turkey,UEFA,Kosovo,away,1,0,W,,,,,,,,,,,,,,"Pristina, Kosovo",,False,True,1940.5,1793.6,0.5671,1957.8,17.3
2026-06-01,Friendly,2026,Tournament/Friendly,Turkey,UEFA,North Macedonia,home,4,0,W,,,,,,,,,,,,,,"Istanbul, Turkey",,False,True,1957.8,1650.5,0.9125,1961.1,3.3
2026-06-06,Friendly,2026,Tournament/Friendly,Turkey,UEFA,Venezuela,neutral,2,1,W,,,,,,,,,,,,,,"Fort Lauderdale, United States",,True,True,1961.1,1812.6,0.7016,1967.1,6.0
2022-01-27,FIFA World Cup qualification,2022,Qualification,USA,CONCACAF,El Salvador,home,1,0,W,,,,,,,,,,,,,,"Columbus, United States",,False,True,1968.2,1633.4,0.9243,1971.2,3.0
2022-01-30,FIFA World Cup qualification,2022,Qualification,USA,CONCACAF,Canada,away,0,2,L,,,,,,,,,,,,,,"Hamilton, Canada",,False,True,1971.2,1924.2,0.4243,1945.7,-25.5
2022-02-02,FIFA World Cup qualification,2022,Qualification,USA,CONCACAF,Honduras,home,3,0,W,,,,,,,,,,,,,,"Saint Paul, United States",,False,True,1945.7,1557.3,0.9433,1949.7,4.0
2022-03-24,FIFA World Cup qualification,2022,Qualification,USA,CONCACAF,Mexico,away,0,0,D,,,,,,,,,,,,,,"Mexico City, Mexico",,False,True,1949.7,1948.4,0.3616,1955.2,5.5
2022-03-27,FIFA World Cup qualification,2022,Qualification,USA,CONCACAF,Panama,home,5,1,W,,,,,,,,,,,,,,"Orlando, United States",,False,True,1955.2,1728.5,0.8677,1965.2,9.9
2022-03-30,FIFA World Cup qualification,2022,Qualification,USA,CONCACAF,Costa Rica,away,0,2,L,,,,,,,,,,,,,,"San José, Costa Rica",,False,True,1965.2,1825.8,0.5564,1931.8,-33.4
2022-06-01,Friendly,2022,Tournament/Friendly,USA,CONCACAF,Morocco,home,3,0,W,,,,,,,,,,,,,,"Cincinnati, United States",,False,True,1931.8,1833.4,0.7581,1940.2,8.5
2022-06-05,Friendly,2022,Tournament/Friendly,USA,CONCACAF,Uruguay,home,0,0,D,,,,,,,,,,,,,,"Kansas City, United States",,False,True,1940.2,2002.7,0.5537,1939.2,-1.1
2022-06-10,CONCACAF Nations League,2022,Tournament/Friendly,USA,CONCACAF,Grenada,home,5,0,W,,,,,,,,,,,,,,"Austin, United States",,False,True,1939.2,1296.8,0.9863,1940.3,1.1
2022-06-14,CONCACAF Nations League,2022,Tournament/Friendly,USA,CONCACAF,El Salvador,away,1,1,D,,,,,,,,,,,,,,"San Salvador, El Salvador",,False,True,1940.3,1607.4,0.7926,1928.6,-11.7
2022-09-23,Kirin Challenge Cup,2022,Tournament/Friendly,USA,CONCACAF,Japan,neutral,0,2,L,,,,,,,,,,,,,,"Düsseldorf, Germany",,True,True,1928.6,1888.8,0.557,1903.5,-25.1
2022-09-27,Friendly,2022,Tournament/Friendly,USA,CONCACAF,Saudi Arabia,neutral,0,0,D,,,,,,,,,,,,,,"Murcia, Spain",,True,True,1903.5,1748.4,0.7094,1899.3,-4.2
2022-11-21,FIFA World Cup,2022,Tournament/Friendly,USA,CONCACAF,Wales,neutral,1,1,D,,,,,,,,,,,,,,"Al Rayyan, Qatar",,True,True,1899.3,1833.9,0.593,1893.7,-5.6
2022-11-25,FIFA World Cup,2022,Tournament/Friendly,USA,CONCACAF,England,neutral,0,0,D,,,,,,,,,,,,,,"Al Khor, Qatar",,True,True,1893.7,2017.0,0.3297,1903.9,10.2
2022-11-29,FIFA World Cup,2022,Tournament/Friendly,USA,CONCACAF,Iran,neutral,1,0,W,,,,,,,,,,,,,,"Doha, Qatar",,True,True,1903.9,1896.2,0.5111,1933.3,29.3
2022-12-03,FIFA World Cup,2022,Tournament/Friendly,USA,CONCACAF,Netherlands,neutral,1,3,L,,,,,,,,,,,,,,"Al Rayyan, Qatar",,True,True,1933.3,2102.1,0.2746,1908.6,-24.7
2023-01-25,Friendly,2023,Tournament/Friendly,USA,CONCACAF,Serbia,home,1,2,L,,,,,,,,,,,,,,"Los Angeles, United States",,False,True,1908.6,1890.2,0.664,1895.3,-13.3
2023-01-28,Friendly,2023,Tournament/Friendly,USA,CONCACAF,Colombia,home,0,0,D,,,,,,,,,,,,,,"Carson, United States",,False,True,1895.3,1986.9,0.5121,1895.0,-0.2
2023-03-24,CONCACAF Nations League,2023,Tournament/Friendly,USA,CONCACAF,Grenada,away,7,1,W,,,,,,,,,,,,,,"St. George's, Grenada",,False,True,1895.0,1287.8,0.9488,1899.4,4.4
2023-03-27,CONCACAF Nations League,2023,Tournament/Friendly,USA,CONCACAF,El Salvador,home,1,0,W,,,,,,,,,,,,,,"Orlando, United States",,False,True,1899.4,1591.0,0.913,1902.9,3.5
2023-04-19,Friendly,2023,Tournament/Friendly,USA,CONCACAF,Mexico,home,1,1,D,,,,,,,,,,,,,,"Glendale, United States",,False,True,1902.9,1901.5,0.6419,1900.0,-2.8
2023-06-15,CONCACAF Nations League,2023,Tournament/Friendly,USA,CONCACAF,Mexico,home,3,0,W,,,,,,,,,,,,,,"Las Vegas, United States",,False,True,1900.0,1902.8,0.6363,1925.5,25.5
2023-06-18,CONCACAF Nations League,2023,Tournament/Friendly,USA,CONCACAF,Canada,home,2,0,W,,,,,,,,,,,,,,"Las Vegas, United States",,False,True,1925.5,1868.5,0.7117,1942.8,17.3
2023-06-24,Gold Cup,2023,Tournament/Friendly,USA,CONCACAF,Jamaica,home,1,1,D,,,,,,,,,,,,,,"Chicago, United States",,False,True,1942.8,1650.3,0.9054,1922.5,-20.3
2023-06-28,Gold Cup,2023,Tournament/Friendly,USA,CONCACAF,Saint Kitts and Nevis,home,6,0,W,,,,,,,,,,,,,,"St. Louis, United States",,False,True,1922.5,1377.2,0.9762,1925.0,2.5
2023-07-02,Gold Cup,2023,Tournament/Friendly,USA,CONCACAF,Trinidad and Tobago,home,6,0,W,,,,,,,,,,,,,,"Charlotte, United States",,False,True,1925.0,1549.6,0.9392,1931.5,6.5
2023-07-09,Gold Cup,2023,Tournament/Friendly,USA,CONCACAF,Canada,home,2,2,D,,,,,,,,,,,,,,"Cincinnati, United States",,False,True,1931.5,1823.7,0.7678,1918.1,-13.4
2023-07-12,Gold Cup,2023,Tournament/Friendly,USA,CONCACAF,Panama,home,1,1,D,,,,,,,,,,,,,,"San Diego, United States",,False,True,1918.1,1816.4,0.7615,1905.0,-13.1
2023-09-09,Friendly,2023,Tournament/Friendly,USA,CONCACAF,Uzbekistan,home,3,0,W,,,,,,,,,,,,,,"St. Louis, United States",,False,True,1905.0,1719.8,0.8378,1910.7,5.7
2023-09-12,Friendly,2023,Tournament/Friendly,USA,CONCACAF,Oman,home,4,0,W,,,,,,,,,,,,,,"Saint Paul, United States",,False,True,1910.7,1697.8,0.8583,1916.0,5.3
2023-10-14,Friendly,2023,Tournament/Friendly,USA,CONCACAF,Germany,home,1,3,L,,,,,,,,,,,,,,"East Hartford, United States",,False,True,1916.0,1965.5,0.5722,1898.9,-17.2
2023-10-17,Friendly,2023,Tournament/Friendly,USA,CONCACAF,Ghana,home,4,0,W,,,,,,,,,,,,,,"Nashville, United States",,False,True,1898.9,1691.7,0.8543,1904.3,5.5
2023-11-16,CONCACAF Nations League,2023,Tournament/Friendly,USA,CONCACAF,Trinidad and Tobago,home,3,0,W,,,,,,,,,,,,,,"Austin, United States",,False,True,1904.3,1569.3,0.9245,1909.6,5.3
2023-11-20,CONCACAF Nations League,2023,Tournament/Friendly,USA,CONCACAF,Trinidad and Tobago,away,1,2,L,,,,,,,,,,,,,,"Port of Spain, Trinidad and Tobago",,False,True,1909.6,1564.0,0.8044,1877.4,-32.2
2024-01-20,Friendly,2024,Tournament/Friendly,USA,CONCACAF,Slovenia,home,0,1,L,,,,,,,,,,,,,,"San Antonio, United States",,False,True,1877.4,1757.4,0.7802,1861.8,-15.6
2024-03-21,CONCACAF Nations League,2024,Tournament/Friendly,USA,CONCACAF,Jamaica,home,3,1,W,,,,,,,,,,,,,,"Arlington, United States",,False,True,1861.8,1755.7,0.7661,1875.9,14.0
2024-03-24,CONCACAF Nations League,2024,Tournament/Friendly,USA,CONCACAF,Mexico,home,2,0,W,,,,,,,,,,,,,,"Arlington, United States",,False,True,1875.9,1936.2,0.5568,1902.5,26.6
2024-06-08,Friendly,2024,Tournament/Friendly,USA,CONCACAF,Colombia,home,1,5,L,,,,,,,,,,,,,,"Landover, United States",,False,True,1902.5,2065.8,0.4099,1887.1,-15.4
2024-06-12,Friendly,2024,Tournament/Friendly,USA,CONCACAF,Brazil,home,1,1,D,,,,,,,,,,,,,,"Orlando, United States",,False,True,1887.1,2098.4,0.3451,1890.2,3.1
2024-06-23,Copa América,2024,Tournament/Friendly,USA,CONCACAF,Bolivia,home,2,0,W,,,,,,,,,,,,,,"Arlington, United States",,False,True,1890.2,1665.4,0.8664,1900.2,10.0
2024-06-27,Copa América,2024,Tournament/Friendly,USA,CONCACAF,Panama,home,1,2,L,,,,,,,,,,,,,,"Atlanta, United States",,False,True,1900.2,1811.9,0.7473,1862.8,-37.4
2024-07-01,Copa América,2024,Tournament/Friendly,USA,CONCACAF,Uruguay,home,0,1,L,,,,,,,,,,,,,,"Kansas City, United States",,False,True,1862.8,2087.5,0.3279,1846.4,-16.4
2024-09-07,Friendly,2024,Tournament/Friendly,USA,CONCACAF,Canada,home,1,2,L,,,,,,,,,,,,,,"Kansas City, United States",,False,True,1846.4,1858.8,0.6235,1834.0,-12.5
2024-09-10,Friendly,2024,Tournament/Friendly,USA,CONCACAF,New Zealand,home,1,1,D,,,,,,,,,,,,,,"Cincinnati, United States",,False,True,1834.0,1738.1,0.7554,1828.9,-5.1
2024-10-12,Friendly,2024,Tournament/Friendly,USA,CONCACAF,Panama,home,2,0,W,,,,,,,,,,,,,,"Austin, United States",,False,True,1828.9,1846.5,0.6163,1840.4,11.5
2024-10-15,Friendly,2024,Tournament/Friendly,USA,CONCACAF,Mexico,away,0,2,L,,,,,,,,,,,,,,"Zapopan, Mexico",,False,True,1840.4,1899.0,0.2864,1831.8,-8.6
2024-11-14,CONCACAF Nations League,2024,Tournament/Friendly,USA,CONCACAF,Jamaica,away,1,0,W,,,,,,,,,,,,,,"Kingston, Jamaica",,False,True,1831.8,1733.8,0.4972,1851.9,20.1
2024-11-18,CONCACAF Nations League,2024,Tournament/Friendly,USA,CONCACAF,Jamaica,home,4,2,W,,,,,,,,,,,,,,"St. Louis, United States",,False,True,1851.9,1713.6,0.7976,1864.0,12.1
2025-01-18,Friendly,2025,Tournament/Friendly,USA,CONCACAF,Venezuela,home,3,1,W,,,,,,,,,,,,,,"Fort Lauderdale, United States",,False,True,1864.0,1831.3,0.6822,1873.6,9.5
2025-01-22,Friendly,2025,Tournament/Friendly,USA,CONCACAF,Costa Rica,home,3,0,W,,,,,,,,,,,,,,"Orlando, United States",,False,True,1873.6,1771.1,0.7624,1881.9,8.3
2025-03-20,CONCACAF Nations League,2025,Tournament/Friendly,USA,CONCACAF,Panama,home,0,1,L,,,,,,,,,,,,,,"Inglewood, United States",,False,True,1881.9,1824.9,0.7117,1853.4,-28.5
2025-03-23,CONCACAF Nations League,2025,Tournament/Friendly,USA,CONCACAF,Canada,home,1,2,L,,,,,,,,,,,,,,"Inglewood, United States",,False,True,1853.4,1860.3,0.6309,1828.2,-25.2
2025-06-07,Friendly,2025,Tournament/Friendly,USA,CONCACAF,Turkey,home,1,2,L,,,,,,,,,,,,,,"East Hartford, United States",,False,True,1828.2,1890.2,0.5545,1817.1,-11.1
2025-06-10,Friendly,2025,Tournament/Friendly,USA,CONCACAF,Switzerland,home,0,4,L,,,,,,,,,,,,,,"Nashville, United States",,False,True,1817.1,1887.6,0.5423,1796.8,-20.3
2025-06-15,Gold Cup,2025,Tournament/Friendly,USA,CONCACAF,Trinidad and Tobago,home,5,0,W,,,,,,,,,,,,,,"San Jose, United States",,False,True,1796.8,1558.4,0.8752,1809.2,12.5
2025-06-19,Gold Cup,2025,Tournament/Friendly,USA,CONCACAF,Saudi Arabia,home,1,0,W,,,,,,,,,,,,,,"Austin, United States",,False,True,1809.2,1729.5,0.7378,1822.4,13.1
2025-06-22,Gold Cup,2025,Tournament/Friendly,USA,CONCACAF,Haiti,home,2,1,W,,,,,,,,,,,,,,"Arlington, United States",,False,True,1822.4,1642.3,0.8337,1830.7,8.3
2025-06-29,Gold Cup,2025,Tournament/Friendly,USA,CONCACAF,Costa Rica,home,2,2,D,,,,,,,,,,,,,,"Minneapolis, United States",,False,True,1830.7,1810.9,0.6659,1822.4,-8.3
2025-07-02,Gold Cup,2025,Tournament/Friendly,USA,CONCACAF,Guatemala,home,2,1,W,,,,,,,,,,,,,,"St. Louis, United States",,False,True,1822.4,1681.2,0.8003,1832.4,10.0
2025-07-06,Gold Cup,2025,Tournament/Friendly,USA,CONCACAF,Mexico,home,1,2,L,,,,,,,,,,,,,,"Houston, United States",,False,True,1832.4,1951.4,0.4726,1808.7,-23.6
2025-09-06,Friendly,2025,Tournament/Friendly,USA,CONCACAF,South Korea,home,0,2,L,,,,,,,,,,,,,,"Harrison, United States",,False,True,1808.7,1883.5,0.5362,1792.6,-16.1
2025-09-09,Friendly,2025,Tournament/Friendly,USA,CONCACAF,Japan,home,2,0,W,,,,,,,,,,,,,,"Columbus, United States",,False,True,1792.6,1963.8,0.399,1810.7,18.0
2025-10-10,Friendly,2025,Tournament/Friendly,USA,CONCACAF,Ecuador,home,1,1,D,,,,,,,,,,,,,,"Austin, United States",,False,True,1810.7,2016.3,0.3526,1813.6,2.9
2025-10-14,Friendly,2025,Tournament/Friendly,USA,CONCACAF,Australia,home,2,1,W,,,,,,,,,,,,,,"Denver, United States",,False,True,1813.6,1929.4,0.4773,1824.1,10.5
2025-11-15,Friendly,2025,Tournament/Friendly,USA,CONCACAF,Paraguay,home,2,1,W,,,,,,,,,,,,,,"Chester, United States",,False,True,1824.1,1911.8,0.5177,1833.7,9.6
2025-11-18,Friendly,2025,Tournament/Friendly,USA,CONCACAF,Uruguay,home,5,1,W,,,,,,,,,,,,,,"Tampa, United States",,False,True,1833.7,1995.3,0.4123,1855.8,22.0
2026-03-28,Friendly,2026,Tournament/Friendly,USA,CONCACAF,Belgium,home,2,5,L,,,,,,,,,,,,,,"Atlanta, United States",,False,True,1855.8,1906.4,0.5706,1835.8,-20.0
2026-03-31,Friendly,2026,Tournament/Friendly,USA,CONCACAF,Portugal,home,0,2,L,,,,,,,,,,,,,,"Atlanta, United States",,False,True,1835.8,2026.5,0.3724,1824.6,-11.2
2026-05-31,Friendly,2026,Tournament/Friendly,USA,CONCACAF,Senegal,home,3,2,W,,,,,,,,,,,,,,"Charlotte, United States",,False,True,1824.6,1929.3,0.4933,1834.8,10.1
2026-06-06,Friendly,2026,Tournament/Friendly,USA,CONCACAF,Germany,home,1,2,L,,,,,,,,,,,,,,"Chicago, United States",,False,True,1834.8,1993.7,0.4159,1826.4,-8.3
2022-01-27,FIFA World Cup qualification,2022,Qualification,Uruguay,CONMEBOL,Paraguay,away,1,0,W,,,,,,,,,,,,,,"Asunción, Paraguay",,False,True,1911.3,1792.6,0.5269,1930.2,18.9
2022-02-01,FIFA World Cup qualification,2022,Qualification,Uruguay,CONMEBOL,Venezuela,home,4,1,W,,,,,,,,,,,,,,"Montevideo, Uruguay",,False,True,1930.2,1767.5,0.8193,1942.8,12.6
2022-03-24,FIFA World Cup qualification,2022,Qualification,Uruguay,CONMEBOL,Peru,home,1,0,W,,,,,,,,,,,,,,"Montevideo, Uruguay",,False,True,1942.8,1922.9,0.6661,1956.2,13.4
2022-03-29,FIFA World Cup qualification,2022,Qualification,Uruguay,CONMEBOL,Chile,away,2,0,W,,,,,,,,,,,,,,"Santiago, Chile",,False,True,1956.2,1865.5,0.4867,1987.0,30.8
2022-06-02,Friendly,2022,Tournament/Friendly,Uruguay,CONMEBOL,Mexico,neutral,3,0,W,,,,,,,,,,,,,,"Glendale, United States",,True,True,1987.0,1952.3,0.5498,2002.7,15.8
2022-06-05,Friendly,2022,Tournament/Friendly,Uruguay,CONMEBOL,USA,away,0,0,D,,,,,,,,,,,,,,"Kansas City, United States",,False,True,2002.7,1940.2,0.4463,2003.8,1.1
2022-06-11,Friendly,2022,Tournament/Friendly,Uruguay,CONMEBOL,Panama,home,5,0,W,,,,,,,,,,,,,,"Montevideo, Uruguay",,False,True,2003.8,1786.6,0.8613,2009.4,5.5
2022-09-23,Friendly,2022,Tournament/Friendly,Uruguay,CONMEBOL,Iran,neutral,0,1,L,,,,,,,,,,,,,,"Sankt Pölten, Austria",,True,True,2009.4,1907.7,0.6423,1996.5,-12.8
2022-09-27,Friendly,2022,Tournament/Friendly,Uruguay,CONMEBOL,Canada,neutral,2,0,W,,,,,,,,,,,,,,"Bratislava, Slovakia",,True,True,1996.5,1901.8,0.6331,2007.5,11.0
2022-11-24,FIFA World Cup,2022,Tournament/Friendly,Uruguay,CONMEBOL,South Korea,neutral,0,0,D,,,,,,,,,,,,,,"Al Rayyan, Qatar",,True,True,2007.5,1886.1,0.668,1997.5,-10.1
2022-11-28,FIFA World Cup,2022,Tournament/Friendly,Uruguay,CONMEBOL,Portugal,neutral,0,2,L,,,,,,,,,,,,,,"Lusail, Qatar",,True,True,1997.5,2059.5,0.4117,1960.4,-37.0
2022-12-02,FIFA World Cup,2022,Tournament/Friendly,Uruguay,CONMEBOL,Ghana,neutral,2,0,W,,,,,,,,,,,,,,"Al Wakrah, Qatar",,True,True,1960.4,1719.7,0.7999,1978.4,18.0
2023-03-24,Friendly,2023,Tournament/Friendly,Uruguay,CONMEBOL,Japan,away,1,1,D,,,,,,,,,,,,,,"Tokyo, Japan",,False,True,1978.4,1954.3,0.3924,1980.6,2.2
2023-03-28,Friendly,2023,Tournament/Friendly,Uruguay,CONMEBOL,South Korea,away,2,1,W,,,,,,,,,,,,,,"Seoul, South Korea",,False,True,1980.6,1881.9,0.4981,1990.6,10.0
2023-06-14,Friendly,2023,Tournament/Friendly,Uruguay,CONMEBOL,Nicaragua,home,4,1,W,,,,,,,,,,,,,,"Montevideo, Uruguay",,False,True,1990.6,1453.6,0.9751,1991.5,0.9
2023-06-20,Friendly,2023,Tournament/Friendly,Uruguay,CONMEBOL,Cuba,home,2,0,W,,,,,,,,,,,,,,"Montevideo, Uruguay",,False,True,1991.5,1486.1,0.9702,1992.4,0.9
2023-09-08,FIFA World Cup qualification,2023,Qualification,Uruguay,CONMEBOL,Chile,home,3,1,W,,,,,,,,,,,,,,"Montevideo, Uruguay",,False,True,1992.4,1793.2,0.8484,2001.5,9.1
2023-09-12,FIFA World Cup qualification,2023,Qualification,Uruguay,CONMEBOL,Ecuador,away,1,2,L,,,,,,,,,,,,,,"Quito, Ecuador",,False,True,2001.5,1929.5,0.4597,1983.1,-18.4
2023-10-12,FIFA World Cup qualification,2023,Qualification,Uruguay,CONMEBOL,Colombia,away,2,2,D,,,,,,,,,,,,,,"Barranquilla, Colombia",,False,True,1983.1,2018.2,0.3148,1990.5,7.4
2023-10-17,FIFA World Cup qualification,2023,Qualification,Uruguay,CONMEBOL,Brazil,home,2,0,W,,,,,,,,,,,,,,"Montevideo, Uruguay",,False,True,1990.5,2155.1,0.408,2026.0,35.5
2023-11-16,FIFA World Cup qualification,2023,Qualification,Uruguay,CONMEBOL,Argentina,away,2,0,W,,,,,,,,,,,,,,"Buenos Aires, Argentina",,False,True,2026.0,2231.5,0.147,2077.2,51.2
2023-11-21,FIFA World Cup qualification,2023,Qualification,Uruguay,CONMEBOL,Bolivia,home,3,0,W,,,,,,,,,,,,,,"Montevideo, Uruguay",,False,True,2077.2,1685.5,0.9443,2081.1,3.9
2024-03-26,Friendly,2024,Tournament/Friendly,Uruguay,CONMEBOL,Ivory Coast,neutral,1,2,L,,,,,,,,,,,,,,"Lens, France",,True,True,2081.1,1718.5,0.8897,2063.3,-17.8
2024-05-21,Friendly,2024,Tournament/Friendly,Uruguay,CONMEBOL,Basque Country,away,1,1,D,,,,,,,,,,,,,,"Bilbao, Spain",,False,True,2063.3,1788.3,0.7325,2058.6,-4.6
2024-05-31,Friendly,2024,Tournament/Friendly,Uruguay,CONMEBOL,Costa Rica,away,0,0,D,,,,,,,,,,,,,,"San José, Costa Rica",,False,True,2058.6,1717.2,0.8006,2052.6,-6.0
2024-06-05,Friendly,2024,Tournament/Friendly,Uruguay,CONMEBOL,Mexico,neutral,4,0,W,,,,,,,,,,,,,,"Denver, United States",,True,True,2052.6,1913.8,0.6898,2064.3,11.6
2024-06-23,Copa América,2024,Tournament/Friendly,Uruguay,CONMEBOL,Panama,neutral,3,1,W,,,,,,,,,,,,,,"Miami Gardens, United States",,True,True,2064.3,1827.1,0.7966,2079.5,15.3
2024-06-27,Copa América,2024,Tournament/Friendly,Uruguay,CONMEBOL,Bolivia,neutral,5,0,W,,,,,,,,,,,,,,"East Rutherford, United States",,True,True,2079.5,1655.3,0.92,2087.5,8.0
2024-07-01,Copa América,2024,Tournament/Friendly,Uruguay,CONMEBOL,USA,away,1,0,W,,,,,,,,,,,,,,"Kansas City, United States",,False,True,2087.5,1862.8,0.6721,2103.9,16.4
2024-07-06,Copa América,2024,Tournament/Friendly,Uruguay,CONMEBOL,Brazil,neutral,0,0,D,,,,,,,,,,,,,,"Las Vegas, United States",,True,True,2103.9,2090.1,0.5199,2102.9,-1.0
2024-07-10,Copa América,2024,Tournament/Friendly,Uruguay,CONMEBOL,Colombia,neutral,0,1,L,,,,,,,,,,,,,,"Charlotte, United States",,True,True,2102.9,2122.2,0.4723,2079.3,-23.6
2024-07-13,Copa América,2024,Tournament/Friendly,Uruguay,CONMEBOL,Canada,neutral,2,2,D,,,,,,,,,,,,,,"Charlotte, United States",,True,True,2079.3,1844.1,0.7948,2064.6,-14.7
2024-09-01,Friendly,2024,Tournament/Friendly,Uruguay,CONMEBOL,Guatemala,neutral,1,1,D,,,,,,,,,,,,,,"Fort Lauderdale, United States",,True,True,2064.6,1617.7,0.9291,2056.0,-8.6
2024-09-06,FIFA World Cup qualification,2024,Qualification,Uruguay,CONMEBOL,Paraguay,home,0,0,D,,,,,,,,,,,,,,"Montevideo, Uruguay",,False,True,2056.0,1737.2,0.9177,2039.3,-16.7
2024-09-10,FIFA World Cup qualification,2024,Qualification,Uruguay,CONMEBOL,Venezuela,away,0,0,D,,,,,,,,,,,,,,"Maturín, Venezuela",,False,True,2039.3,1854.7,0.6193,2034.5,-4.8
2024-10-11,FIFA World Cup qualification,2024,Qualification,Uruguay,CONMEBOL,Peru,away,0,1,L,,,,,,,,,,,,,,"Lima, Peru",,False,True,2034.5,1793.2,0.6928,2006.8,-27.7
2024-10-15,FIFA World Cup qualification,2024,Qualification,Uruguay,CONMEBOL,Ecuador,home,0,0,D,,,,,,,,,,,,,,"Montevideo, Uruguay",,False,True,2006.8,1942.3,0.7205,1998.0,-8.8
2024-11-15,FIFA World Cup qualification,2024,Qualification,Uruguay,CONMEBOL,Colombia,home,3,2,W,,,,,,,,,,,,,,"Montevideo, Uruguay",,False,True,1998.0,2106.7,0.4874,2018.5,20.5
2024-11-19,FIFA World Cup qualification,2024,Qualification,Uruguay,CONMEBOL,Brazil,away,1,1,D,,,,,,,,,,,,,,"Salvador, Brazil",,False,True,2018.5,2078.2,0.285,2027.1,8.6
2025-03-21,FIFA World Cup qualification,2025,Qualification,Uruguay,CONMEBOL,Argentina,home,0,1,L,,,,,,,,,,,,,,"Montevideo, Uruguay",,False,True,2027.1,2179.2,0.4256,2010.1,-17.0
2025-03-25,FIFA World Cup qualification,2025,Qualification,Uruguay,CONMEBOL,Bolivia,away,0,0,D,,,,,,,,,,,,,,"El Alto, Bolivia",,False,True,2010.1,1720.2,0.7489,2000.1,-10.0
2025-06-05,FIFA World Cup qualification,2025,Qualification,Uruguay,CONMEBOL,Paraguay,away,0,2,L,,,,,,,,,,,,,,"Asunción, Paraguay",,False,True,2000.1,1876.1,0.5345,1968.0,-32.1
2025-06-10,FIFA World Cup qualification,2025,Qualification,Uruguay,CONMEBOL,Venezuela,home,2,0,W,,,,,,,,,,,,,,"Montevideo, Uruguay",,False,True,1968.0,1843.9,0.7842,1981.0,12.9
2025-09-04,FIFA World Cup qualification,2025,Qualification,Uruguay,CONMEBOL,Peru,home,3,0,W,,,,,,,,,,,,,,"Montevideo, Uruguay",,False,True,1981.0,1822.6,0.8157,1993.9,12.9
2025-09-09,FIFA World Cup qualification,2025,Qualification,Uruguay,CONMEBOL,Chile,away,0,0,D,,,,,,,,,,,,,,"Santiago, Chile",,False,True,1993.9,1764.2,0.6784,1986.7,-7.1
2025-10-10,Friendly,2025,Tournament/Friendly,Uruguay,CONMEBOL,Dominican Republic,neutral,1,0,W,,,,,,,,,,,,,,"Kuala Lumpur, Malaysia",,True,True,1986.7,1483.7,0.9476,1987.8,1.0
2025-10-13,Friendly,2025,Tournament/Friendly,Uruguay,CONMEBOL,Uzbekistan,neutral,2,1,W,,,,,,,,,,,,,,"Malacca City, Malaysia",,True,True,1987.8,1829.0,0.7139,1993.5,5.7
2025-11-15,Friendly,2025,Tournament/Friendly,Uruguay,CONMEBOL,Mexico,away,0,0,D,,,,,,,,,,,,,,"Torreón, Mexico",,False,True,1993.5,1957.1,0.4095,1995.3,1.8
2025-11-18,Friendly,2025,Tournament/Friendly,Uruguay,CONMEBOL,USA,away,1,5,L,,,,,,,,,,,,,,"Tampa, United States",,False,True,1995.3,1833.7,0.5877,1973.3,-22.0
2026-03-27,Friendly,2026,Tournament/Friendly,Uruguay,CONMEBOL,England,away,1,1,D,,,,,,,,,,,,,,"London, England",,False,True,1973.3,2103.2,0.2102,1979.1,5.8
2026-03-31,Friendly,2026,Tournament/Friendly,Uruguay,CONMEBOL,Algeria,neutral,0,0,D,,,,,,,,,,,,,,"Turin, Italy",,True,True,1979.1,1852.6,0.6744,1975.6,-3.5
2022-01-27,Friendly,2022,Tournament/Friendly,Uzbekistan,AFC,South Sudan,neutral,3,0,W,,,,,,,,,,,,,,"Dubai, United Arab Emirates",,True,True,1638.1,1254.6,0.9009,1641.5,3.5
2022-03-25,Navruz Cup,2022,Tournament/Friendly,Uzbekistan,AFC,Kyrgyzstan,home,3,1,W,,,,,,,,,,,,,,"Namangan, Uzbekistan",,False,True,1641.5,1448.6,0.8438,1648.6,7.0
2022-03-29,Navruz Cup,2022,Tournament/Friendly,Uzbekistan,AFC,Uganda,home,4,2,W,,,,,,,,,,,,,,"Namangan, Uzbekistan",,False,True,1648.6,1555.4,0.7525,1659.7,11.1
2022-06-08,AFC Asian Cup qualification,2022,Qualification,Uzbekistan,AFC,Sri Lanka,home,3,0,W,,,,,,,,,,,,,,"Namangan, Uzbekistan",,False,True,1659.7,933.1,0.9915,1660.3,0.6
2022-06-11,AFC Asian Cup qualification,2022,Qualification,Uzbekistan,AFC,Maldives,home,4,0,W,,,,,,,,,,,,,,"Namangan, Uzbekistan",,False,True,1660.3,1108.9,0.977,1662.0,1.7
2022-06-14,AFC Asian Cup qualification,2022,Qualification,Uzbekistan,AFC,Thailand,home,2,0,W,,,,,,,,,,,,,,"Namangan, Uzbekistan",,False,True,1662.0,1551.6,0.7706,1675.8,13.8
2022-09-23,Friendly,2022,Tournament/Friendly,Uzbekistan,AFC,Cameroon,neutral,2,0,W,,,,,,,,,,,,,,"Goyang, South Korea",,True,True,1675.8,1742.2,0.4055,1693.6,17.8
2022-09-27,Friendly,2022,Tournament/Friendly,Uzbekistan,AFC,Costa Rica,neutral,1,2,L,,,,,,,,,,,,,,"Suwon, South Korea",,True,True,1693.6,1853.5,0.2849,1687.9,-5.7
2022-11-16,Friendly,2022,Tournament/Friendly,Uzbekistan,AFC,Kazakhstan,home,2,0,W,,,,,,,,,,,,,,"Tashkent, Uzbekistan",,False,True,1687.9,1448.2,0.8761,1691.6,3.7
2022-11-20,Friendly,2022,Tournament/Friendly,Uzbekistan,AFC,Russia,home,0,0,D,,,,,,,,,,,,,,"Tashkent, Uzbekistan",,False,True,1691.6,1807.9,0.4766,1692.1,0.5
2023-03-24,Friendly,2023,Tournament/Friendly,Uzbekistan,AFC,Bolivia,neutral,1,0,W,,,,,,,,,,,,,,"Jeddah, Saudi Arabia",,True,True,1692.1,1681.5,0.5152,1701.8,9.7
2023-03-28,Friendly,2023,Tournament/Friendly,Uzbekistan,AFC,Venezuela,neutral,1,1,D,,,,,,,,,,,,,,"Jeddah, Saudi Arabia",,True,True,1701.8,1766.2,0.4084,1703.6,1.8
2023-06-11,CAFA Nations Cup,2023,Tournament/Friendly,Uzbekistan,AFC,Oman,home,3,0,W,,,,,,,,,,,,,,"Tashkent, Uzbekistan",,False,True,1703.6,1709.2,0.6326,1722.9,19.3
2023-06-14,CAFA Nations Cup,2023,Tournament/Friendly,Uzbekistan,AFC,Turkmenistan,home,2,0,W,,,,,,,,,,,,,,"Tashkent, Uzbekistan",,False,True,1722.9,1394.9,0.9216,1726.5,3.5
2023-06-17,CAFA Nations Cup,2023,Tournament/Friendly,Uzbekistan,AFC,Tajikistan,home,5,1,W,,,,,,,,,,,,,,"Tashkent, Uzbekistan",,False,True,1726.5,1478.6,0.881,1733.1,6.7
2023-06-20,CAFA Nations Cup,2023,Tournament/Friendly,Uzbekistan,AFC,Iran,home,0,1,L,,,,,,,,,,,,,,"Tashkent, Uzbekistan",,False,True,1733.1,1871.9,0.4444,1719.8,-13.3
2023-09-09,Friendly,2023,Tournament/Friendly,Uzbekistan,AFC,USA,away,0,3,L,,,,,,,,,,,,,,"St. Louis, United States",,False,True,1719.8,1905.0,0.1622,1714.1,-5.7
2023-09-12,Friendly,2023,Tournament/Friendly,Uzbekistan,AFC,Mexico,neutral,3,3,D,,,,,,,,,,,,,,"Atlanta, United States",,True,True,1714.1,1948.1,0.2064,1720.0,5.9
2023-10-13,Friendly,2023,Tournament/Friendly,Uzbekistan,AFC,Vietnam,neutral,2,0,W,,,,,,,,,,,,,,"Dalian, China",,True,True,1720.0,1549.7,0.7272,1728.2,8.2
2023-10-16,Friendly,2023,Tournament/Friendly,Uzbekistan,AFC,China,away,2,1,W,,,,,,,,,,,,,,"Dalian, China",,False,True,1728.2,1585.3,0.5615,1737.0,8.8
2023-11-16,FIFA World Cup qualification,2023,Qualification,Uzbekistan,AFC,Turkmenistan,away,3,1,W,,,,,,,,,,,,,,"Ashgabat, Turkmenistan",,False,True,1737.0,1381.2,0.8134,1748.2,11.2
2023-11-21,FIFA World Cup qualification,2023,Qualification,Uzbekistan,AFC,Iran,home,2,2,D,,,,,,,,,,,,,,"Tashkent, Uzbekistan",,False,True,1748.2,1917.6,0.4014,1752.1,3.9
2024-01-07,Friendly,2024,Tournament/Friendly,Uzbekistan,AFC,Palestine,neutral,1,0,W,,,,,,,,,,,,,,"Doha, Qatar",,True,True,1752.1,1550.0,0.7619,1756.9,4.8
2024-01-13,AFC Asian Cup,2024,Tournament/Friendly,Uzbekistan,AFC,Syria,neutral,0,0,D,,,,,,,,,,,,,,"Doha, Qatar",,True,True,1756.9,1544.0,0.773,1743.2,-13.7
2024-01-18,AFC Asian Cup,2024,Tournament/Friendly,Uzbekistan,AFC,India,neutral,3,0,W,,,,,,,,,,,,,,"Al Rayyan, Qatar",,True,True,1743.2,1426.9,0.8607,1755.4,12.2
2024-01-23,AFC Asian Cup,2024,Tournament/Friendly,Uzbekistan,AFC,Australia,neutral,1,1,D,,,,,,,,,,,,,,"Al Wakrah, Qatar",,True,True,1755.4,1899.6,0.3036,1765.2,9.8
2024-01-30,AFC Asian Cup,2024,Tournament/Friendly,Uzbekistan,AFC,Thailand,neutral,2,1,W,,,,,,,,,,,,,,"Al Wakrah, Qatar",,True,True,1765.2,1565.2,0.7598,1777.2,12.0
2024-02-03,AFC Asian Cup,2024,Tournament/Friendly,Uzbekistan,AFC,Qatar,away,1,1,D,,,,,,,,,,,,,,"Al Khor, Qatar",,False,True,1777.2,1691.1,0.48,1778.2,1.0
2024-03-21,FIFA World Cup qualification,2024,Qualification,Uzbekistan,AFC,Hong Kong,away,2,0,W,,,,,,,,,,,,,,"Hong Kong, Hong Kong",,False,True,1778.2,1228.8,0.93,1782.4,4.2
2024-03-26,FIFA World Cup qualification,2024,Qualification,Uzbekistan,AFC,Hong Kong,home,3,0,W,,,,,,,,,,,,,,"Tashkent, Uzbekistan",,False,True,1782.4,1224.6,0.9778,1784.0,1.6
2024-06-06,FIFA World Cup qualification,2024,Qualification,Uzbekistan,AFC,Turkmenistan,home,3,1,W,,,,,,,,,,,,,,"Tashkent, Uzbekistan",,False,True,1784.0,1382.6,0.9472,1787.1,3.2
2024-06-11,FIFA World Cup qualification,2024,Qualification,Uzbekistan,AFC,Iran,away,0,0,D,,,,,,,,,,,,,,"Tehran, Iran",,False,True,1787.1,1917.4,0.21,1798.7,11.6
2024-09-05,FIFA World Cup qualification,2024,Qualification,Uzbekistan,AFC,North Korea,home,1,0,W,,,,,,,,,,,,,,"Tashkent, Uzbekistan",,False,True,1798.7,1536.2,0.8896,1803.2,4.4
2024-09-10,FIFA World Cup qualification,2024,Qualification,Uzbekistan,AFC,Kyrgyzstan,away,3,2,W,,,,,,,,,,,,,,"Bishkek, Kyrgyzstan",,False,True,1803.2,1436.5,0.8228,1810.3,7.1
2024-10-10,FIFA World Cup qualification,2024,Qualification,Uzbekistan,AFC,Iran,home,0,0,D,,,,,,,,,,,,,,"Tashkent, Uzbekistan",,False,True,1810.3,1920.2,0.4857,1810.8,0.6
2024-10-15,FIFA World Cup qualification,2024,Qualification,Uzbekistan,AFC,United Arab Emirates,home,1,0,W,,,,,,,,,,,,,,"Tashkent, Uzbekistan",,False,True,1810.8,1655.8,0.8128,1818.3,7.5
2024-11-14,FIFA World Cup qualification,2024,Qualification,Uzbekistan,AFC,Qatar,away,2,3,L,,,,,,,,,,,,,,"Al Rayyan, Qatar",,False,True,1818.3,1688.8,0.5424,1796.6,-21.7
2024-11-19,FIFA World Cup qualification,2024,Qualification,Uzbekistan,AFC,North Korea,neutral,1,0,W,,,,,,,,,,,,,,"Vientiane, Laos",,True,True,1796.6,1527.3,0.8249,1803.6,7.0
2025-01-22,Friendly,2025,Tournament/Friendly,Uzbekistan,AFC,Jordan,neutral,0,0,D,,,,,,,,,,,,,,"Doha, Qatar",,True,True,1803.6,1738.2,0.5931,1801.8,-1.9
2025-03-20,FIFA World Cup qualification,2025,Qualification,Uzbekistan,AFC,Kyrgyzstan,home,1,0,W,,,,,,,,,,,,,,"Tashkent, Uzbekistan",,False,True,1801.8,1430.7,0.9377,1804.3,2.5
2025-03-25,FIFA World Cup qualification,2025,Qualification,Uzbekistan,AFC,Iran,away,2,2,D,,,,,,,,,,,,,,"Tehran, Iran",,False,True,1804.3,1948.8,0.1966,1816.4,12.1
2025-06-05,FIFA World Cup qualification,2025,Qualification,Uzbekistan,AFC,United Arab Emirates,away,0,0,D,,,,,,,,,,,,,,"Abu Dhabi, United Arab Emirates",,False,True,1816.4,1675.6,0.5585,1814.0,-2.3
2025-06-10,FIFA World Cup qualification,2025,Qualification,Uzbekistan,AFC,Qatar,home,3,0,W,,,,,,,,,,,,,,"Tashkent, Uzbekistan",,False,True,1814.0,1660.5,0.8115,1827.2,13.2
2025-10-10,Friendly,2025,Tournament/Friendly,Uzbekistan,AFC,Kuwait,home,2,0,W,,,,,,,,,,,,,,"Tashkent, Uzbekistan",,False,True,1827.2,1441.2,0.9426,1829.0,1.7
2025-10-13,Friendly,2025,Tournament/Friendly,Uzbekistan,AFC,Uruguay,neutral,1,2,L,,,,,,,,,,,,,,"Malacca City, Malaysia",,True,True,1829.0,1987.8,0.2861,1823.2,-5.7
2025-11-14,Al Ain International Cup,2025,Tournament/Friendly,Uzbekistan,AFC,Egypt,neutral,2,0,W,,,,,,,,,,,,,,"Al Ain, United Arab Emirates",,True,True,1823.2,1782.4,0.5585,1843.1,19.9
2025-11-18,Al Ain International Cup,2025,Tournament/Friendly,Uzbekistan,AFC,Iran,neutral,0,0,D,,,,,,,,,,,,,,"Al Ain, United Arab Emirates",,True,True,1843.1,1893.7,0.4277,1845.3,2.2
2026-01-26,Friendly,2026,Tournament/Friendly,Uzbekistan,AFC,China,neutral,2,2,D,,,,,,,,,,,,,,"Dubai, United Arab Emirates",,True,True,1845.3,1521.5,0.8658,1838.0,-7.3
2026-03-27,FIFA Series,2026,Tournament/Friendly,Uzbekistan,AFC,Gabon,home,3,1,W,,,,,,,,,,,,,,"Tashkent, Uzbekistan",,False,True,1838.0,1523.7,0.9157,1840.5,2.5
2026-03-30,FIFA Series,2026,Tournament/Friendly,Uzbekistan,AFC,Venezuela,home,0,0,D,,,,,,,,,,,,,,"Tashkent, Uzbekistan",,False,True,1840.5,1809.0,0.6807,1836.9,-3.6
2026-06-01,Friendly,2026,Tournament/Friendly,Uzbekistan,AFC,Canada,away,0,2,L,,,,,,,,,,,,,,"Edmonton, Canada",,False,True,1836.9,1896.4,0.2853,1828.3,-8.6
2026-06-08,Friendly,2026,Tournament/Friendly,Uzbekistan,AFC,Netherlands,neutral,1,2,L,,,,,,,,,,,,,,"New York, United States",,True,True,1828.3,2003.2,0.2676,1823.0,-5.4
